,0,1,2,3,4,5,6,7,8,9,10,11,12,13,14,15,16,17,18,19,20,21,22,23,24,25,26,27,28,29,30,31,32,33,34,35,36,37,38,39,40,41,42,43,44,45,46,47,48,49,50,51,52,53,54,55,56,57,58,59,60,61,62,63,64,65,66,67,68,69,70,71,72,73,74,75,76,77,78,79,80,81,82,83,84,85,86,87,88,89,90,91,92,93,94,95,96,97,98,99,100,101,102,103,104,105,106,107,108,109,110,111,112,113,114,115,116,117,118,119,120,121,122,123,124,125,126,127,128,129,130,131,132,133,134,135,136
0,1.0,8.0,15.0,0.0,20.0,36.0,34.0,15.0,10.0,60.0,59.0,75.0,14.0,0.0,40.0,0.0,0.0,17.0,0.0,0.0,0.0,0.0,6.0,70.0,0.0,34.0,0.0,0.0,0.0,62.0,0.0,54.0,1.0,0.0,90.0,1000.0,,,,,,,,,,,,,,,,,,,,,,,,,,,,,,,,,,,,,,,,,,,,,,,,,,,,,,,,,,,,,,,,,,,,,,,,,,,,,,,,,,,,,,,,,,,,,,,,,,,,,
1,13.0,3.0,4.0,27.0,15.0,24.0,27.0,1.0,0.0,26.0,8.0,10.0,29.0,13.0,8.0,2.0,10.0,4.0,21.0,6.0,2.0,43.0,0.0,0.0,0.0,0.0,0.0,0.0,0.0,,,,,,,,,,,,,,,,,,,,,,,,,,,,,,,,,,,,,,,,,,,,,,,,,,,,,,,,,,,,,,,,,,,,,,,,,,,,,,,,,,,,,,,,,,,,,,,,,,,,,,,,,,,,
2,16.0,0.0,12.0,6.0,0.0,31.0,11.0,11.0,2.0,0.0,0.0,45.0,0.0,17.0,8.0,5.0,0.0,63.0,0.0,0.0,0.0,0.0,26.0,34.0,0.0,13.0,0.0,47.0,28.0,17.0,0.0,0.0,0.0,20.0,33.0,0.0,3.0,50.0,0.0,33.0,0.0,132.0,37.0,0.0,0.0,0.0,0.0,,,,,,,,,,,,,,,,,,,,,,,,,,,,,,,,,,,,,,,,,,,,,,,,,,,,,,,,,,,,,,,,,,,,,,,,,,,,,,,,,,,,,,,,,,
3,16.0,0.0,11.0,0.0,22.0,9.0,14.0,22.0,6.0,12.0,3.0,21.0,14.0,0.0,15.0,0.0,5.0,7.0,0.0,1.0,3.0,6.0,6.0,8.0,13.0,14.0,0.0,0.0,14.0,0.0,1.0,9.0,15.0,4.0,0.0,5.0,39.0,4.0,15.0,0.0,14.0,0.0,0.0,42.0,84.0,147.0,9.0,89.0,0.0,0.0,331.0,0.0,0.0,4.0,5.0,0.0,405.0,15.0,0.0,16.0,0.0,,,,,,,,,,,,,,,,,,,,,,,,,,,,,,,,,,,,,,,,,,,,,,,,,,,,,,,,,,,,,,,,,,,,,,,,,,,,
4,4.0,4.0,0.0,7.0,9.0,0.0,9.0,4.0,7.0,27.0,25.0,0.0,0.0,0.0,22.0,13.0,35.0,0.0,2.0,0.0,29.0,65.0,7.0,0.0,20.0,28.0,0.0,5.0,64.0,0.0,,,,,,,,,,,,,,,,,,,,,,,,,,,,,,,,,,,,,,,,,,,,,,,,,,,,,,,,,,,,,,,,,,,,,,,,,,,,,,,,,,,,,,,,,,,,,,,,,,,,,,,,,,,
5,3.0,8.0,0.0,7.0,1.0,0.0,32.0,6.0,22.0,21.0,18.0,11.0,51.0,4.0,25.0,103.0,160.0,0.0,37.0,44.0,14.0,6.0,3.0,0.0,58.0,15.0,121.0,122.0,61.0,263.0,0.0,1474.0,0.0,9.0,0.0,14.0,16.0,245.0,0.0,20.0,86.0,93.0,13.0,0.0,124.0,83.0,25.0,128.0,117.0,12.0,15.0,43.0,14.0,45.0,61.0,,,,,,,,,,,,,,,,,,,,,,,,,,,,,,,,,,,,,,,,,,,,,,,,,,,,,,,,,,,,,,,,,,,,,,,,,,,,,,,,,,
6,0.0,17.0,15.0,16.0,14.0,6.0,26.0,1.0,0.0,113.0,7.0,0.0,16.0,41.0,0.0,8.0,13.0,19.0,0.0,0.0,1.0,0.0,7.0,14.0,0.0,0.0,100.0,17.0,0.0,0.0,30.0,0.0,10.0,0.0,32.0,15.0,16.0,59.0,37.0,13.0,14.0,0.0,0.0,0.0,43.0,15.0,39.0,0.0,0.0,0.0,4.0,2.0,,,,,,,,,,,,,,,,,,,,,,,,,,,,,,,,,,,,,,,,,,,,,,,,,,,,,,,,,,,,,,,,,,,,,,,,,,,,,,,,,,,,,
7,5.0,8.0,6.0,14.0,18.0,23.0,17.0,2.0,12.0,41.0,57.0,0.0,9.0,24.0,41.0,31.0,20.0,37.0,25.0,10.0,3.0,213.0,39.0,0.0,6.0,5.0,11.0,0.0,56.0,0.0,0.0,86.0,136.0,426.0,57.0,97.0,140.0,,,,,,,,,,,,,,,,,,,,,,,,,,,,,,,,,,,,,,,,,,,,,,,,,,,,,,,,,,,,,,,,,,,,,,,,,,,,,,,,,,,,,,,,,,,,,,,,,,,,
8,9.0,5.0,8.0,14.0,2.0,18.0,19.0,8.0,4.0,58.0,29.0,19.0,29.0,0.0,0.0,28.0,26.0,15.0,61.0,86.0,54.0,18.0,0.0,3.0,110.0,7.0,0.0,0.0,8.0,0.0,14.0,11.0,49.0,0.0,13.0,0.0,1.0,9.0,2.0,0.0,6.0,0.0,0.0,0.0,0.0,0.0,0.0,0.0,0.0,6.0,0.0,0.0,0.0,3.0,0.0,0.0,0.0,0.0,0.0,,,,,,,,,,,,,,,,,,,,,,,,,,,,,,,,,,,,,,,,,,,,,,,,,,,,,,,,,,,,,,,,,,,,,,,,,,,,,,
9,30.0,0.0,23.0,71.0,60.0,13.0,7.0,44.0,7.0,22.0,15.0,25.0,35.0,46.0,0.0,68.0,19.0,32.0,22.0,12.0,12.0,54.0,15.0,44.0,22.0,74.0,96.0,41.0,56.0,0.0,50.0,0.0,0.0,0.0,130.0,0.0,0.0,15.0,0.0,32.0,30.0,252.0,15.0,22.0,0.0,92.0,10.0,0.0,5.0,18.0,11.0,4.0,0.0,0.0,22.0,0.0,67.0,76.0,8.0,43.0,,,,,,,,,,,,,,,,,,,,,,,,,,,,,,,,,,,,,,,,,,,,,,,,,,,,,,,,,,,,,,,,,,,,,,,,,,,,,
10,15.0,0.0,3.0,12.0,28.0,26.0,30.0,14.0,6.0,3.0,17.0,16.0,0.0,7.0,25.0,13.0,35.0,16.0,0.0,37.0,33.0,32.0,0.0,35.0,26.0,0.0,0.0,0.0,0.0,,,,,,,,,,,,,,,,,,,,,,,,,,,,,,,,,,,,,,,,,,,,,,,,,,,,,,,,,,,,,,,,,,,,,,,,,,,,,,,,,,,,,,,,,,,,,,,,,,,,,,,,,,,,
11,37.0,0.0,3.0,0.0,5.0,0.0,0.0,41.0,5.0,34.0,14.0,0.0,20.0,22.0,47.0,16.0,13.0,35.0,72.0,16.0,22.0,0.0,0.0,20.0,9.0,0.0,0.0,0.0,0.0,2.0,16.0,0.0,0.0,2.0,0.0,11.0,2.0,0.0,0.0,0.0,0.0,5.0,5.0,45.0,0.0,0.0,0.0,0.0,0.0,0.0,0.0,0.0,0.0,7.0,0.0,0.0,0.0,0.0,0.0,37.0,0.0,56.0,39.0,116.0,663.0,10.0,0.0,0.0,0.0,0.0,,,,,,,,,,,,,,,,,,,,,,,,,,,,,,,,,,,,,,,,,,,,,,,,,,,,,,,,,,,,,,,,,,,
12,9.0,23.0,2.0,0.0,7.0,23.0,2.0,0.0,58.0,9.0,9.0,0.0,36.0,3.0,208.0,42.0,19.0,28.0,13.0,51.0,9.0,0.0,51.0,24.0,47.0,48.0,43.0,0.0,0.0,94.0,0.0,0.0,0.0,0.0,,,,,,,,,,,,,,,,,,,,,,,,,,,,,,,,,,,,,,,,,,,,,,,,,,,,,,,,,,,,,,,,,,,,,,,,,,,,,,,,,,,,,,,,,,,,,,,,,,,,,,,
13,18.0,9.0,13.0,9.0,14.0,11.0,56.0,37.0,20.0,95.0,0.0,19.0,0.0,88.0,28.0,141.0,69.0,86.0,55.0,96.0,35.0,19.0,144.0,23.0,6.0,61.0,0.0,3.0,53.0,28.0,21.0,0.0,11.0,10.0,8.0,6.0,17.0,1.0,0.0,0.0,0.0,22.0,42.0,14.0,0.0,56.0,0.0,0.0,0.0,,,,,,,,,,,,,,,,,,,,,,,,,,,,,,,,,,,,,,,,,,,,,,,,,,,,,,,,,,,,,,,,,,,,,,,,,,,,,,,,,,,,,,,,
14,1.0,4.0,5.0,23.0,7.0,14.0,0.0,5.0,5.0,0.0,6.0,26.0,53.0,88.0,0.0,0.0,0.0,0.0,16.0,3.0,0.0,0.0,7.0,12.0,21.0,0.0,30.0,5.0,0.0,15.0,0.0,19.0,10.0,17.0,51.0,5.0,14.0,63.0,0.0,126.0,0.0,50.0,22.0,148.0,16.0,0.0,0.0,8.0,0.0,0.0,0.0,0.0,1.0,0.0,0.0,0.0,0.0,,,,,,,,,,,,,,,,,,,,,,,,,,,,,,,,,,,,,,,,,,,,,,,,,,,,,,,,,,,,,,,,,,,,,,,,,,,,,,,,
15,2.0,9.0,28.0,24.0,3.0,9.0,0.0,0.0,17.0,32.0,0.0,21.0,0.0,0.0,0.0,19.0,3.0,22.0,11.0,12.0,18.0,0.0,0.0,0.0,0.0,0.0,0.0,0.0,0.0,,,,,,,,,,,,,,,,,,,,,,,,,,,,,,,,,,,,,,,,,,,,,,,,,,,,,,,,,,,,,,,,,,,,,,,,,,,,,,,,,,,,,,,,,,,,,,,,,,,,,,,,,,,,
16,13.0,10.0,30.0,23.0,0.0,7.0,25.0,9.0,19.0,0.0,12.0,4.0,20.0,5.0,17.0,0.0,21.0,7.0,0.0,0.0,0.0,0.0,13.0,0.0,0.0,0.0,0.0,0.0,0.0,0.0,,,,,,,,,,,,,,,,,,,,,,,,,,,,,,,,,,,,,,,,,,,,,,,,,,,,,,,,,,,,,,,,,,,,,,,,,,,,,,,,,,,,,,,,,,,,,,,,,,,,,,,,,,,
17,23.0,0.0,16.0,7.0,18.0,17.0,45.0,26.0,25.0,0.0,26.0,0.0,44.0,0.0,10.0,0.0,15.0,1.0,0.0,58.0,8.0,49.0,70.0,3.0,0.0,0.0,2.0,2.0,0.0,6.0,0.0,4.0,5.0,,,,,,,,,,,,,,,,,,,,,,,,,,,,,,,,,,,,,,,,,,,,,,,,,,,,,,,,,,,,,,,,,,,,,,,,,,,,,,,,,,,,,,,,,,,,,,,,,,,,,,,,
18,8.0,13.0,25.0,14.0,25.0,0.0,0.0,6.0,19.0,4.0,9.0,7.0,36.0,74.0,35.0,5.0,0.0,14.0,11.0,18.0,3.0,19.0,0.0,1.0,0.0,5.0,11.0,0.0,0.0,0.0,0.0,0.0,0.0,2.0,,,,,,,,,,,,,,,,,,,,,,,,,,,,,,,,,,,,,,,,,,,,,,,,,,,,,,,,,,,,,,,,,,,,,,,,,,,,,,,,,,,,,,,,,,,,,,,,,,,,,,,
19,12.0,0.0,21.0,0.0,30.0,10.0,0.0,0.0,5.0,19.0,8.0,13.0,3.0,4.0,0.0,44.0,26.0,60.0,4.0,4.0,22.0,0.0,24.0,0.0,45.0,26.0,1.0,9.0,0.0,1.0,0.0,3.0,21.0,8.0,19.0,7.0,0.0,0.0,4.0,3.0,0.0,0.0,0.0,0.0,0.0,,,,,,,,,,,,,,,,,,,,,,,,,,,,,,,,,,,,,,,,,,,,,,,,,,,,,,,,,,,,,,,,,,,,,,,,,,,,,,,,,,,,,,,,,,,,
20,2.0,11.0,11.0,7.0,0.0,18.0,0.0,15.0,51.0,23.0,9.0,0.0,36.0,0.0,15.0,1.0,0.0,2.0,23.0,143.0,19.0,84.0,15.0,0.0,10.0,0.0,0.0,15.0,42.0,255.0,12.0,0.0,0.0,35.0,69.0,52.0,84.0,30.0,36.0,,,,,,,,,,,,,,,,,,,,,,,,,,,,,,,,,,,,,,,,,,,,,,,,,,,,,,,,,,,,,,,,,,,,,,,,,,,,,,,,,,,,,,,,,,,,,,,,,,
21,31.0,15.0,24.0,9.0,37.0,9.0,15.0,2.0,13.0,5.0,17.0,0.0,28.0,77.0,0.0,73.0,0.0,0.0,22.0,0.0,38.0,0.0,18.0,0.0,0.0,0.0,0.0,0.0,,,,,,,,,,,,,,,,,,,,,,,,,,,,,,,,,,,,,,,,,,,,,,,,,,,,,,,,,,,,,,,,,,,,,,,,,,,,,,,,,,,,,,,,,,,,,,,,,,,,,,,,,,,,,
22,14.0,22.0,12.0,37.0,7.0,12.0,51.0,52.0,15.0,10.0,27.0,0.0,0.0,0.0,1.0,11.0,19.0,93.0,9.0,0.0,8.0,7.0,4.0,0.0,1.0,6.0,18.0,4.0,15.0,23.0,21.0,6.0,34.0,53.0,34.0,7.0,0.0,6.0,0.0,16.0,21.0,0.0,1.0,12.0,80.0,0.0,0.0,58.0,0.0,14.0,7.0,0.0,1.0,0.0,0.0,58.0,181.0,0.0,0.0,69.0,0.0,0.0,,,,,,,,,,,,,,,,,,,,,,,,,,,,,,,,,,,,,,,,,,,,,,,,,,,,,,,,,,,,,,,,,,,,,,,,,,,
23,6.0,6.0,28.0,22.0,7.0,17.0,0.0,28.0,16.0,29.0,51.0,0.0,11.0,8.0,6.0,6.0,9.0,11.0,11.0,1.0,0.0,1.0,0.0,1.0,3.0,0.0,0.0,13.0,31.0,0.0,0.0,7.0,111.0,38.0,10.0,54.0,2.0,0.0,0.0,11.0,9.0,0.0,,,,,,,,,,,,,,,,,,,,,,,,,,,,,,,,,,,,,,,,,,,,,,,,,,,,,,,,,,,,,,,,,,,,,,,,,,,,,,,,,,,,,,,,,,,,,,,
24,14.0,18.0,23.0,10.0,0.0,1.0,22.0,0.0,14.0,0.0,0.0,32.0,11.0,7.0,0.0,22.0,186.0,54.0,33.0,44.0,7.0,16.0,24.0,139.0,104.0,13.0,0.0,65.0,0.0,24.0,0.0,0.0,0.0,0.0,58.0,0.0,0.0,0.0,,,,,,,,,,,,,,,,,,,,,,,,,,,,,,,,,,,,,,,,,,,,,,,,,,,,,,,,,,,,,,,,,,,,,,,,,,,,,,,,,,,,,,,,,,,,,,,,,,,
25,13.0,38.0,13.0,0.0,15.0,44.0,13.0,9.0,36.0,18.0,10.0,0.0,42.0,9.0,3.0,4.0,4.0,37.0,7.0,16.0,0.0,0.0,0.0,0.0,0.0,0.0,0.0,0.0,45.0,0.0,0.0,0.0,0.0,0.0,0.0,0.0,0.0,0.0,0.0,0.0,0.0,0.0,,,,,,,,,,,,,,,,,,,,,,,,,,,,,,,,,,,,,,,,,,,,,,,,,,,,,,,,,,,,,,,,,,,,,,,,,,,,,,,,,,,,,,,,,,,,,,,
26,11.0,18.0,6.0,35.0,1.0,0.0,2.0,3.0,8.0,0.0,0.0,14.0,12.0,18.0,15.0,23.0,22.0,28.0,26.0,4.0,0.0,50.0,19.0,0.0,45.0,41.0,0.0,0.0,453.0,10.0,0.0,16.0,6.0,1.0,16.0,3.0,168.0,,,,,,,,,,,,,,,,,,,,,,,,,,,,,,,,,,,,,,,,,,,,,,,,,,,,,,,,,,,,,,,,,,,,,,,,,,,,,,,,,,,,,,,,,,,,,,,,,,,,
27,10.0,11.0,2.0,0.0,7.0,14.0,20.0,1.0,0.0,6.0,0.0,11.0,0.0,26.0,126.0,0.0,176.0,51.0,113.0,4.0,89.0,39.0,0.0,25.0,7.0,3.0,67.0,23.0,35.0,,,,,,,,,,,,,,,,,,,,,,,,,,,,,,,,,,,,,,,,,,,,,,,,,,,,,,,,,,,,,,,,,,,,,,,,,,,,,,,,,,,,,,,,,,,,,,,,,,,,,,,,,,,,
28,10.0,6.0,49.0,12.0,33.0,8.0,17.0,18.0,28.0,17.0,18.0,0.0,77.0,18.0,3.0,7.0,20.0,84.0,1.0,9.0,11.0,8.0,2.0,14.0,0.0,11.0,9.0,1.0,6.0,3.0,0.0,4.0,0.0,18.0,0.0,6.0,0.0,0.0,0.0,0.0,0.0,0.0,0.0,0.0,0.0,,,,,,,,,,,,,,,,,,,,,,,,,,,,,,,,,,,,,,,,,,,,,,,,,,,,,,,,,,,,,,,,,,,,,,,,,,,,,,,,,,,,,,,,,,,,
29,19.0,12.0,15.0,7.0,16.0,3.0,5.0,14.0,57.0,18.0,37.0,17.0,0.0,21.0,5.0,1.0,116.0,7.0,20.0,35.0,0.0,8.0,42.0,31.0,18.0,23.0,68.0,8.0,37.0,244.0,57.0,8.0,30.0,98.0,0.0,0.0,0.0,304.0,0.0,1174.0,31.0,0.0,209.0,22.0,16.0,82.0,247.0,3.0,3.0,7.0,13.0,7.0,0.0,0.0,0.0,0.0,3.0,0.0,0.0,4.0,0.0,0.0,0.0,0.0,0.0,0.0,0.0,0.0,0.0,0.0,0.0,0.0,0.0,0.0,0.0,0.0,0.0,0.0,0.0,0.0,0.0,0.0,0.0,0.0,0.0,0.0,0.0,0.0,0.0,0.0,0.0,0.0,0.0,0.0,0.0,0.0,0.0,0.0,0.0,0.0,0.0,0.0,0.0,0.0,0.0,0.0,0.0,0.0,0.0,0.0,0.0,0.0,0.0,0.0,0.0,0.0,0.0,0.0,0.0,0.0,0.0,0.0,,,,,,,,,,,,,,,
30,3.0,13.0,23.0,4.0,0.0,12.0,22.0,12.0,24.0,16.0,24.0,16.0,291.0,20.0,460.0,25.0,5.0,0.0,0.0,9.0,20.0,138.0,6.0,0.0,0.0,0.0,27.0,21.0,7.0,0.0,50.0,25.0,0.0,22.0,102.0,44.0,62.0,2.0,141.0,159.0,160.0,,,,,,,,,,,,,,,,,,,,,,,,,,,,,,,,,,,,,,,,,,,,,,,,,,,,,,,,,,,,,,,,,,,,,,,,,,,,,,,,,,,,,,,,,,,,,,,,
31,38.0,9.0,17.0,0.0,10.0,19.0,5.0,4.0,52.0,7.0,30.0,0.0,48.0,26.0,18.0,10.0,22.0,28.0,16.0,13.0,66.0,42.0,13.0,6.0,17.0,67.0,3.0,23.0,13.0,42.0,61.0,0.0,678.0,2.0,114.0,49.0,162.0,44.0,65.0,190.0,48.0,0.0,,,,,,,,,,,,,,,,,,,,,,,,,,,,,,,,,,,,,,,,,,,,,,,,,,,,,,,,,,,,,,,,,,,,,,,,,,,,,,,,,,,,,,,,,,,,,,,
32,21.0,26.0,0.0,1.0,3.0,0.0,22.0,24.0,10.0,0.0,12.0,14.0,0.0,0.0,28.0,0.0,33.0,4.0,18.0,0.0,0.0,2.0,0.0,8.0,5.0,0.0,0.0,0.0,57.0,39.0,27.0,38.0,,,,,,,,,,,,,,,,,,,,,,,,,,,,,,,,,,,,,,,,,,,,,,,,,,,,,,,,,,,,,,,,,,,,,,,,,,,,,,,,,,,,,,,,,,,,,,,,,,,,,,,,,
33,12.0,45.0,9.0,12.0,0.0,17.0,10.0,31.0,0.0,0.0,0.0,0.0,35.0,18.0,5.0,129.0,80.0,0.0,25.0,1.0,90.0,0.0,25.0,23.0,9.0,13.0,7.0,0.0,6.0,0.0,0.0,4.0,10.0,2.0,4.0,0.0,0.0,0.0,83.0,18.0,0.0,10.0,29.0,9.0,21.0,8.0,6.0,0.0,16.0,13.0,0.0,0.0,0.0,0.0,0.0,,,,,,,,,,,,,,,,,,,,,,,,,,,,,,,,,,,,,,,,,,,,,,,,,,,,,,,,,,,,,,,,,,,,,,,,,,,,,,,,,,
34,21.0,28.0,15.0,0.0,7.0,4.0,24.0,74.0,23.0,1.0,17.0,0.0,79.0,14.0,66.0,26.0,36.0,65.0,108.0,30.0,24.0,144.0,63.0,158.0,0.0,11.0,235.0,22.0,0.0,56.0,0.0,37.0,3.0,2.0,0.0,1.0,31.0,21.0,0.0,26.0,18.0,18.0,34.0,41.0,0.0,43.0,0.0,12.0,18.0,16.0,37.0,24.0,6.0,74.0,82.0,365.0,,,,,,,,,,,,,,,,,,,,,,,,,,,,,,,,,,,,,,,,,,,,,,,,,,,,,,,,,,,,,,,,,,,,,,,,,,,,,,,,,
35,27.0,25.0,0.0,0.0,0.0,12.0,17.0,3.0,0.0,24.0,0.0,26.0,4.0,11.0,3.0,0.0,159.0,0.0,28.0,0.0,22.0,0.0,19.0,0.0,16.0,0.0,0.0,,,,,,,,,,,,,,,,,,,,,,,,,,,,,,,,,,,,,,,,,,,,,,,,,,,,,,,,,,,,,,,,,,,,,,,,,,,,,,,,,,,,,,,,,,,,,,,,,,,,,,,,,,,,,,
36,31.0,19.0,19.0,11.0,0.0,13.0,0.0,24.0,18.0,0.0,5.0,16.0,35.0,2.0,14.0,0.0,8.0,62.0,25.0,18.0,50.0,1.0,18.0,1.0,48.0,17.0,37.0,0.0,30.0,0.0,0.0,0.0,0.0,0.0,0.0,176.0,14.0,29.0,152.0,0.0,21.0,33.0,206.0,17.0,79.0,0.0,17.0,48.0,18.0,10.0,64.0,34.0,9.0,27.0,0.0,9.0,0.0,6.0,42.0,20.0,3.0,,,,,,,,,,,,,,,,,,,,,,,,,,,,,,,,,,,,,,,,,,,,,,,,,,,,,,,,,,,,,,,,,,,,,,,,,,,,
37,30.0,44.0,23.0,15.0,0.0,36.0,0.0,15.0,2.0,1.0,4.0,0.0,0.0,0.0,0.0,34.0,2.0,78.0,69.0,44.0,8.0,0.0,43.0,65.0,33.0,0.0,69.0,17.0,10.0,0.0,0.0,0.0,23.0,19.0,0.0,8.0,0.0,21.0,0.0,0.0,0.0,225.0,0.0,211.0,246.0,5.0,38.0,0.0,0.0,0.0,0.0,0.0,0.0,0.0,,,,,,,,,,,,,,,,,,,,,,,,,,,,,,,,,,,,,,,,,,,,,,,,,,,,,,,,,,,,,,,,,,,,,,,,,,,,,,,,,,,
38,5.0,5.0,0.0,28.0,3.0,7.0,18.0,2.0,9.0,0.0,0.0,60.0,235.0,25.0,29.0,0.0,0.0,66.0,64.0,57.0,2.0,9.0,0.0,0.0,177.0,31.0,4.0,0.0,0.0,,,,,,,,,,,,,,,,,,,,,,,,,,,,,,,,,,,,,,,,,,,,,,,,,,,,,,,,,,,,,,,,,,,,,,,,,,,,,,,,,,,,,,,,,,,,,,,,,,,,,,,,,,,,
39,5.0,30.0,25.0,12.0,38.0,55.0,8.0,0.0,6.0,36.0,23.0,25.0,44.0,113.0,4.0,2.0,0.0,15.0,68.0,40.0,24.0,0.0,27.0,0.0,103.0,38.0,247.0,0.0,31.0,30.0,0.0,11.0,24.0,0.0,55.0,0.0,14.0,130.0,0.0,47.0,351.0,426.0,,,,,,,,,,,,,,,,,,,,,,,,,,,,,,,,,,,,,,,,,,,,,,,,,,,,,,,,,,,,,,,,,,,,,,,,,,,,,,,,,,,,,,,,,,,,,,,
40,34.0,0.0,8.0,0.0,18.0,47.0,0.0,0.0,1.0,0.0,0.0,0.0,16.0,0.0,11.0,21.0,0.0,22.0,9.0,10.0,1.0,4.0,14.0,0.0,87.0,10.0,39.0,0.0,13.0,0.0,10.0,15.0,0.0,11.0,0.0,4.0,26.0,11.0,6.0,0.0,0.0,0.0,0.0,0.0,,,,,,,,,,,,,,,,,,,,,,,,,,,,,,,,,,,,,,,,,,,,,,,,,,,,,,,,,,,,,,,,,,,,,,,,,,,,,,,,,,,,,,,,,,,,,
41,13.0,62.0,0.0,7.0,16.0,25.0,0.0,37.0,19.0,8.0,60.0,40.0,62.0,30.0,18.0,0.0,0.0,17.0,29.0,16.0,24.0,70.0,16.0,34.0,11.0,17.0,29.0,0.0,24.0,0.0,0.0,0.0,23.0,28.0,0.0,0.0,0.0,0.0,200.0,0.0,0.0,0.0,75.0,0.0,0.0,0.0,0.0,0.0,0.0,,,,,,,,,,,,,,,,,,,,,,,,,,,,,,,,,,,,,,,,,,,,,,,,,,,,,,,,,,,,,,,,,,,,,,,,,,,,,,,,,,,,,,,,
42,40.0,23.0,43.0,7.0,2.0,0.0,29.0,24.0,19.0,17.0,30.0,8.0,11.0,106.0,70.0,35.0,10.0,22.0,0.0,0.0,57.0,0.0,109.0,1.0,0.0,0.0,33.0,20.0,19.0,19.0,24.0,34.0,469.0,9.0,13.0,31.0,8.0,74.0,4.0,0.0,15.0,0.0,131.0,56.0,28.0,0.0,46.0,0.0,162.0,0.0,0.0,0.0,279.0,0.0,0.0,0.0,48.0,0.0,0.0,0.0,0.0,0.0,0.0,,,,,,,,,,,,,,,,,,,,,,,,,,,,,,,,,,,,,,,,,,,,,,,,,,,,,,,,,,,,,,,,,,,,,,,,,,
43,0.0,42.0,21.0,5.0,23.0,6.0,9.0,0.0,24.0,10.0,5.0,78.0,5.0,19.0,8.0,0.0,0.0,65.0,0.0,16.0,0.0,32.0,0.0,67.0,76.0,33.0,7.0,37.0,25.0,44.0,74.0,7.0,15.0,0.0,85.0,9.0,5.0,0.0,7.0,17.0,0.0,4.0,2.0,4.0,0.0,0.0,0.0,1.0,0.0,0.0,0.0,0.0,0.0,0.0,680.0,11.0,0.0,62.0,0.0,0.0,0.0,0.0,0.0,0.0,0.0,0.0,0.0,0.0,0.0,0.0,0.0,0.0,0.0,0.0,0.0,0.0,0.0,0.0,0.0,0.0,0.0,0.0,0.0,0.0,0.0,0.0,0.0,0.0,0.0,0.0,0.0,0.0,0.0,0.0,0.0,0.0,0.0,0.0,0.0,0.0,0.0,0.0,0.0,0.0,0.0,0.0,0.0,0.0,0.0,0.0,0.0,0.0,0.0,0.0,0.0,0.0,0.0,0.0,0.0,0.0,0.0,0.0,0.0,0.0,0.0,0.0,0.0,0.0,0.0,0.0,0.0,0.0,0.0,0.0,0.0,0.0,0.0
44,0.0,0.0,3.0,29.0,10.0,4.0,23.0,29.0,18.0,0.0,0.0,0.0,46.0,0.0,88.0,10.0,40.0,0.0,191.0,40.0,372.0,29.0,11.0,0.0,,,,,,,,,,,,,,,,,,,,,,,,,,,,,,,,,,,,,,,,,,,,,,,,,,,,,,,,,,,,,,,,,,,,,,,,,,,,,,,,,,,,,,,,,,,,,,,,,,,,,,,,,,,,,,,,,
45,27.0,31.0,11.0,0.0,11.0,2.0,35.0,28.0,0.0,168.0,18.0,156.0,309.0,5.0,190.0,17.0,179.0,0.0,40.0,13.0,0.0,18.0,0.0,0.0,47.0,64.0,24.0,134.0,101.0,17.0,2.0,25.0,0.0,55.0,365.0,0.0,0.0,14.0,16.0,8.0,14.0,0.0,0.0,0.0,0.0,0.0,0.0,,,,,,,,,,,,,,,,,,,,,,,,,,,,,,,,,,,,,,,,,,,,,,,,,,,,,,,,,,,,,,,,,,,,,,,,,,,,,,,,,,,,,,,,,,
46,4.0,34.0,20.0,0.0,28.0,20.0,6.0,13.0,13.0,1.0,40.0,29.0,5.0,7.0,19.0,0.0,23.0,16.0,16.0,30.0,13.0,4.0,8.0,12.0,88.0,35.0,23.0,3.0,51.0,76.0,13.0,0.0,8.0,27.0,2.0,58.0,30.0,12.0,135.0,13.0,51.0,34.0,0.0,0.0,93.0,12.0,40.0,187.0,190.0,331.0,14.0,3.0,0.0,15.0,8.0,13.0,4.0,0.0,27.0,8.0,5.0,18.0,0.0,13.0,0.0,0.0,5.0,9.0,31.0,0.0,20.0,2.0,0.0,0.0,0.0,0.0,0.0,,,,,,,,,,,,,,,,,,,,,,,,,,,,,,,,,,,,,,,,,,,,,,,,,,,,,,,,,,,,
47,6.0,16.0,0.0,0.0,9.0,83.0,62.0,46.0,0.0,1.0,25.0,12.0,29.0,67.0,135.0,20.0,0.0,80.0,23.0,16.0,66.0,131.0,0.0,99.0,82.0,78.0,324.0,253.0,144.0,,,,,,,,,,,,,,,,,,,,,,,,,,,,,,,,,,,,,,,,,,,,,,,,,,,,,,,,,,,,,,,,,,,,,,,,,,,,,,,,,,,,,,,,,,,,,,,,,,,,,,,,,,,,
48,24.0,4.0,25.0,17.0,19.0,2.0,0.0,57.0,0.0,15.0,0.0,32.0,71.0,1.0,0.0,9.0,21.0,0.0,75.0,592.0,20.0,128.0,43.0,0.0,17.0,0.0,0.0,274.0,0.0,0.0,0.0,,,,,,,,,,,,,,,,,,,,,,,,,,,,,,,,,,,,,,,,,,,,,,,,,,,,,,,,,,,,,,,,,,,,,,,,,,,,,,,,,,,,,,,,,,,,,,,,,,,,,,,,,,
49,19.0,30.0,18.0,13.0,25.0,0.0,1.0,9.0,25.0,8.0,0.0,4.0,1.0,12.0,12.0,4.0,53.0,23.0,12.0,29.0,27.0,13.0,11.0,14.0,10.0,0.0,0.0,31.0,0.0,9.0,20.0,0.0,0.0,62.0,48.0,0.0,0.0,0.0,0.0,0.0,0.0,0.0,5.0,0.0,0.0,0.0,0.0,0.0,24.0,0.0,12.0,0.0,8.0,0.0,,,,,,,,,,,,,,,,,,,,,,,,,,,,,,,,,,,,,,,,,,,,,,,,,,,,,,,,,,,,,,,,,,,,,,,,,,,,,,,,,,,
50,8.0,14.0,0.0,8.0,6.0,2.0,8.0,13.0,16.0,11.0,0.0,15.0,11.0,13.0,42.0,2.0,14.0,3.0,0.0,26.0,11.0,30.0,93.0,17.0,18.0,29.0,3.0,2.0,0.0,10.0,0.0,0.0,0.0,35.0,46.0,23.0,4.0,0.0,14.0,0.0,0.0,,,,,,,,,,,,,,,,,,,,,,,,,,,,,,,,,,,,,,,,,,,,,,,,,,,,,,,,,,,,,,,,,,,,,,,,,,,,,,,,,,,,,,,,,,,,,,,,
51,16.0,18.0,5.0,15.0,15.0,0.0,0.0,3.0,4.0,3.0,34.0,0.0,10.0,38.0,43.0,17.0,11.0,27.0,0.0,6.0,72.0,0.0,0.0,15.0,87.0,2.0,0.0,17.0,37.0,29.0,31.0,15.0,97.0,0.0,104.0,0.0,6.0,0.0,16.0,4.0,0.0,21.0,0.0,52.0,95.0,80.0,17.0,0.0,84.0,14.0,12.0,12.0,205.0,1.0,26.0,130.0,0.0,0.0,17.0,0.0,0.0,0.0,0.0,0.0,0.0,0.0,0.0,0.0,0.0,0.0,0.0,0.0,0.0,0.0,,,,,,,,,,,,,,,,,,,,,,,,,,,,,,,,,,,,,,,,,,,,,,,,,,,,,,,,,,,,,,,
52,38.0,0.0,14.0,0.0,10.0,5.0,0.0,20.0,10.0,1.0,62.0,21.0,48.0,0.0,21.0,28.0,3.0,0.0,11.0,11.0,18.0,8.0,17.0,0.0,9.0,0.0,10.0,0.0,14.0,0.0,14.0,0.0,13.0,4.0,13.0,14.0,0.0,0.0,0.0,0.0,0.0,2.0,8.0,0.0,3.0,0.0,8.0,28.0,5.0,10.0,25.0,0.0,0.0,0.0,0.0,0.0,0.0,0.0,0.0,0.0,0.0,0.0,0.0,0.0,0.0,0.0,0.0,0.0,0.0,0.0,0.0,0.0,0.0,0.0,0.0,0.0,0.0,0.0,,,,,,,,,,,,,,,,,,,,,,,,,,,,,,,,,,,,,,,,,,,,,,,,,,,,,,,,,,,
53,29.0,18.0,12.0,2.0,10.0,3.0,15.0,7.0,12.0,0.0,0.0,35.0,14.0,1.0,5.0,0.0,2.0,0.0,0.0,5.0,1.0,1.0,2.0,16.0,0.0,0.0,0.0,0.0,0.0,0.0,,,,,,,,,,,,,,,,,,,,,,,,,,,,,,,,,,,,,,,,,,,,,,,,,,,,,,,,,,,,,,,,,,,,,,,,,,,,,,,,,,,,,,,,,,,,,,,,,,,,,,,,,,,
54,49.0,13.0,17.0,5.0,3.0,3.0,0.0,29.0,0.0,10.0,5.0,35.0,10.0,0.0,2.0,53.0,14.0,0.0,0.0,56.0,36.0,42.0,12.0,83.0,125.0,57.0,25.0,0.0,16.0,0.0,94.0,0.0,0.0,0.0,13.0,4.0,0.0,0.0,7.0,8.0,7.0,0.0,0.0,8.0,0.0,0.0,0.0,0.0,0.0,0.0,0.0,,,,,,,,,,,,,,,,,,,,,,,,,,,,,,,,,,,,,,,,,,,,,,,,,,,,,,,,,,,,,,,,,,,,,,,,,,,,,,,,,,,,,,
55,9.0,5.0,34.0,14.0,15.0,19.0,61.0,5.0,0.0,5.0,8.0,1.0,16.0,35.0,117.0,1.0,28.0,9.0,0.0,2.0,20.0,8.0,75.0,32.0,162.0,28.0,70.0,22.0,28.0,190.0,43.0,37.0,32.0,0.0,26.0,0.0,2.0,0.0,,,,,,,,,,,,,,,,,,,,,,,,,,,,,,,,,,,,,,,,,,,,,,,,,,,,,,,,,,,,,,,,,,,,,,,,,,,,,,,,,,,,,,,,,,,,,,,,,,,
56,7.0,7.0,9.0,18.0,11.0,11.0,0.0,26.0,22.0,16.0,0.0,10.0,6.0,52.0,11.0,83.0,6.0,44.0,32.0,140.0,0.0,306.0,0.0,36.0,76.0,24.0,36.0,10.0,137.0,0.0,15.0,5.0,23.0,58.0,1.0,0.0,144.0,36.0,93.0,,,,,,,,,,,,,,,,,,,,,,,,,,,,,,,,,,,,,,,,,,,,,,,,,,,,,,,,,,,,,,,,,,,,,,,,,,,,,,,,,,,,,,,,,,,,,,,,,,
57,0.0,39.0,22.0,18.0,0.0,9.0,3.0,0.0,0.0,14.0,11.0,6.0,21.0,26.0,9.0,41.0,152.0,56.0,4.0,73.0,0.0,17.0,0.0,0.0,29.0,33.0,0.0,0.0,19.0,0.0,78.0,6.0,0.0,0.0,10.0,20.0,0.0,0.0,0.0,0.0,,,,,,,,,,,,,,,,,,,,,,,,,,,,,,,,,,,,,,,,,,,,,,,,,,,,,,,,,,,,,,,,,,,,,,,,,,,,,,,,,,,,,,,,,,,,,,,,,
58,31.0,11.0,12.0,0.0,11.0,15.0,12.0,21.0,15.0,26.0,31.0,23.0,37.0,32.0,2.0,0.0,0.0,83.0,16.0,35.0,6.0,25.0,17.0,32.0,11.0,16.0,49.0,30.0,21.0,31.0,0.0,13.0,36.0,0.0,39.0,0.0,0.0,0.0,23.0,0.0,0.0,0.0,,,,,,,,,,,,,,,,,,,,,,,,,,,,,,,,,,,,,,,,,,,,,,,,,,,,,,,,,,,,,,,,,,,,,,,,,,,,,,,,,,,,,,,,,,,,,,,
59,34.0,4.0,13.0,8.0,0.0,13.0,6.0,0.0,6.0,0.0,7.0,5.0,18.0,20.0,0.0,36.0,2.0,0.0,18.0,11.0,16.0,7.0,2.0,0.0,0.0,0.0,4.0,0.0,0.0,0.0,,,,,,,,,,,,,,,,,,,,,,,,,,,,,,,,,,,,,,,,,,,,,,,,,,,,,,,,,,,,,,,,,,,,,,,,,,,,,,,,,,,,,,,,,,,,,,,,,,,,,,,,,,,
60,25.0,10.0,2.0,12.0,21.0,0.0,1.0,14.0,23.0,42.0,38.0,10.0,79.0,35.0,107.0,46.0,49.0,183.0,96.0,4.0,4.0,44.0,0.0,6.0,156.0,21.0,32.0,108.0,58.0,0.0,44.0,183.0,44.0,0.0,0.0,0.0,0.0,0.0,,,,,,,,,,,,,,,,,,,,,,,,,,,,,,,,,,,,,,,,,,,,,,,,,,,,,,,,,,,,,,,,,,,,,,,,,,,,,,,,,,,,,,,,,,,,,,,,,,,
61,19.0,12.0,7.0,10.0,2.0,8.0,35.0,0.0,55.0,60.0,0.0,0.0,0.0,57.0,183.0,20.0,232.0,12.0,11.0,254.0,23.0,0.0,507.0,516.0,270.0,0.0,0.0,,,,,,,,,,,,,,,,,,,,,,,,,,,,,,,,,,,,,,,,,,,,,,,,,,,,,,,,,,,,,,,,,,,,,,,,,,,,,,,,,,,,,,,,,,,,,,,,,,,,,,,,,,,,,,
62,14.0,18.0,6.0,13.0,9.0,12.0,11.0,28.0,27.0,26.0,7.0,109.0,54.0,16.0,19.0,26.0,54.0,52.0,0.0,0.0,0.0,0.0,0.0,12.0,33.0,83.0,229.0,54.0,53.0,119.0,0.0,46.0,25.0,393.0,598.0,86.0,178.0,,,,,,,,,,,,,,,,,,,,,,,,,,,,,,,,,,,,,,,,,,,,,,,,,,,,,,,,,,,,,,,,,,,,,,,,,,,,,,,,,,,,,,,,,,,,,,,,,,,,
63,11.0,41.0,20.0,20.0,86.0,0.0,39.0,0.0,0.0,33.0,47.0,27.0,64.0,303.0,363.0,11.0,148.0,187.0,0.0,99.0,12.0,0.0,60.0,116.0,26.0,19.0,0.0,14.0,108.0,55.0,41.0,261.0,45.0,243.0,258.0,61.0,2.0,0.0,4.0,115.0,10.0,0.0,0.0,0.0,0.0,0.0,13.0,232.0,33.0,0.0,0.0,0.0,0.0,0.0,0.0,0.0,,,,,,,,,,,,,,,,,,,,,,,,,,,,,,,,,,,,,,,,,,,,,,,,,,,,,,,,,,,,,,,,,,,,,,,,,,,,,,,,,
64,0.0,18.0,0.0,25.0,51.0,0.0,5.0,6.0,14.0,18.0,14.0,35.0,33.0,27.0,26.0,6.0,21.0,34.0,44.0,48.0,56.0,14.0,11.0,0.0,63.0,71.0,131.0,0.0,19.0,8.0,32.0,0.0,0.0,0.0,0.0,406.0,70.0,0.0,1.0,0.0,0.0,,,,,,,,,,,,,,,,,,,,,,,,,,,,,,,,,,,,,,,,,,,,,,,,,,,,,,,,,,,,,,,,,,,,,,,,,,,,,,,,,,,,,,,,,,,,,,,,
65,33.0,30.0,20.0,0.0,22.0,10.0,54.0,35.0,30.0,53.0,0.0,3.0,153.0,27.0,105.0,0.0,34.0,22.0,40.0,22.0,0.0,54.0,14.0,87.0,12.0,30.0,337.0,26.0,0.0,134.0,100.0,30.0,87.0,0.0,0.0,,,,,,,,,,,,,,,,,,,,,,,,,,,,,,,,,,,,,,,,,,,,,,,,,,,,,,,,,,,,,,,,,,,,,,,,,,,,,,,,,,,,,,,,,,,,,,,,,,,,,,
66,31.0,42.0,7.0,14.0,12.0,10.0,5.0,20.0,9.0,0.0,3.0,3.0,5.0,6.0,4.0,26.0,9.0,18.0,13.0,0.0,10.0,0.0,0.0,126.0,78.0,8.0,93.0,0.0,0.0,59.0,3.0,116.0,100.0,56.0,8.0,0.0,42.0,0.0,54.0,6.0,15.0,0.0,55.0,31.0,0.0,0.0,0.0,50.0,51.0,21.0,43.0,0.0,37.0,0.0,42.0,99.0,0.0,0.0,18.0,0.0,0.0,4.0,21.0,0.0,0.0,2.0,14.0,1.0,5.0,0.0,1.0,0.0,0.0,0.0,,,,,,,,,,,,,,,,,,,,,,,,,,,,,,,,,,,,,,,,,,,,,,,,,,,,,,,,,,,,,,,
67,34.0,7.0,23.0,22.0,0.0,1.0,45.0,10.0,31.0,3.0,2.0,72.0,0.0,9.0,12.0,49.0,18.0,15.0,163.0,94.0,40.0,46.0,28.0,12.0,16.0,123.0,28.0,62.0,0.0,31.0,86.0,38.0,5.0,9.0,66.0,19.0,55.0,0.0,87.0,14.0,38.0,0.0,53.0,8.0,422.0,0.0,0.0,456.0,0.0,0.0,0.0,0.0,0.0,0.0,0.0,0.0,0.0,0.0,0.0,1000.0,0.0,955.0,0.0,0.0,985.0,0.0,0.0,,,,,,,,,,,,,,,,,,,,,,,,,,,,,,,,,,,,,,,,,,,,,,,,,,,,,,,,,,,,,,,,,,,,,,
68,36.0,0.0,14.0,0.0,18.0,11.0,5.0,7.0,28.0,16.0,0.0,101.0,0.0,70.0,43.0,20.0,78.0,23.0,25.0,23.0,12.0,19.0,56.0,56.0,10.0,44.0,0.0,0.0,313.0,0.0,0.0,,,,,,,,,,,,,,,,,,,,,,,,,,,,,,,,,,,,,,,,,,,,,,,,,,,,,,,,,,,,,,,,,,,,,,,,,,,,,,,,,,,,,,,,,,,,,,,,,,,,,,,,,,
69,47.0,0.0,20.0,0.0,3.0,16.0,20.0,65.0,19.0,69.0,0.0,28.0,60.0,0.0,11.0,0.0,0.0,17.0,22.0,0.0,26.0,43.0,4.0,76.0,0.0,48.0,0.0,9.0,70.0,1.0,48.0,64.0,0.0,1.0,0.0,11.0,24.0,0.0,,,,,,,,,,,,,,,,,,,,,,,,,,,,,,,,,,,,,,,,,,,,,,,,,,,,,,,,,,,,,,,,,,,,,,,,,,,,,,,,,,,,,,,,,,,,,,,,,,,
70,9.0,9.0,20.0,41.0,126.0,21.0,7.0,22.0,0.0,10.0,6.0,2.0,8.0,76.0,146.0,62.0,0.0,19.0,337.0,29.0,195.0,0.0,66.0,0.0,145.0,,,,,,,,,,,,,,,,,,,,,,,,,,,,,,,,,,,,,,,,,,,,,,,,,,,,,,,,,,,,,,,,,,,,,,,,,,,,,,,,,,,,,,,,,,,,,,,,,,,,,,,,,,,,,,,,
71,28.0,6.0,7.0,0.0,28.0,22.0,0.0,16.0,73.0,1.0,0.0,0.0,40.0,0.0,0.0,27.0,50.0,28.0,99.0,94.0,2000.0,,,,,,,,,,,,,,,,,,,,,,,,,,,,,,,,,,,,,,,,,,,,,,,,,,,,,,,,,,,,,,,,,,,,,,,,,,,,,,,,,,,,,,,,,,,,,,,,,,,,,,,,,,,,,,,,,,,,
72,23.0,21.0,0.0,4.0,0.0,16.0,0.0,2.0,17.0,19.0,18.0,1.0,29.0,41.0,6.0,29.0,32.0,2.0,110.0,19.0,3.0,14.0,35.0,98.0,164.0,58.0,19.0,5.0,0.0,15.0,6.0,6.0,36.0,0.0,24.0,0.0,0.0,50.0,66.0,51.0,94.0,0.0,0.0,0.0,0.0,429.0,0.0,245.0,120.0,96.0,0.0,0.0,0.0,0.0,,,,,,,,,,,,,,,,,,,,,,,,,,,,,,,,,,,,,,,,,,,,,,,,,,,,,,,,,,,,,,,,,,,,,,,,,,,,,,,,,,,
73,18.0,29.0,28.0,18.0,34.0,0.0,2.0,5.0,7.0,0.0,0.0,9.0,51.0,9.0,10.0,0.0,145.0,6.0,2.0,27.0,195.0,172.0,205.0,279.0,40.0,45.0,26.0,0.0,39.0,78.0,4.0,8.0,55.0,18.0,12.0,,,,,,,,,,,,,,,,,,,,,,,,,,,,,,,,,,,,,,,,,,,,,,,,,,,,,,,,,,,,,,,,,,,,,,,,,,,,,,,,,,,,,,,,,,,,,,,,,,,,,,
74,0.0,8.0,0.0,16.0,40.0,0.0,8.0,18.0,24.0,54.0,27.0,56.0,2.0,88.0,139.0,70.0,37.0,55.0,20.0,82.0,42.0,159.0,0.0,64.0,0.0,118.0,11.0,0.0,34.0,0.0,13.0,157.0,184.0,0.0,7.0,3.0,110.0,24.0,63.0,20.0,32.0,0.0,31.0,0.0,26.0,311.0,0.0,72.0,4.0,9.0,0.0,0.0,,,,,,,,,,,,,,,,,,,,,,,,,,,,,,,,,,,,,,,,,,,,,,,,,,,,,,,,,,,,,,,,,,,,,,,,,,,,,,,,,,,,,
75,23.0,0.0,15.0,23.0,16.0,15.0,27.0,10.0,19.0,7.0,3.0,0.0,17.0,24.0,0.0,20.0,68.0,9.0,0.0,39.0,58.0,0.0,0.0,129.0,41.0,0.0,0.0,0.0,89.0,24.0,78.0,36.0,0.0,0.0,0.0,0.0,,,,,,,,,,,,,,,,,,,,,,,,,,,,,,,,,,,,,,,,,,,,,,,,,,,,,,,,,,,,,,,,,,,,,,,,,,,,,,,,,,,,,,,,,,,,,,,,,,,,,
76,34.0,0.0,0.0,7.0,15.0,34.0,14.0,46.0,11.0,20.0,21.0,30.0,16.0,20.0,56.0,0.0,23.0,114.0,6.0,0.0,0.0,0.0,0.0,8.0,0.0,0.0,42.0,263.0,14.0,0.0,60.0,326.0,500.0,360.0,0.0,0.0,,,,,,,,,,,,,,,,,,,,,,,,,,,,,,,,,,,,,,,,,,,,,,,,,,,,,,,,,,,,,,,,,,,,,,,,,,,,,,,,,,,,,,,,,,,,,,,,,,,,,
77,23.0,1.0,0.0,0.0,0.0,23.0,0.0,34.0,3.0,6.0,0.0,4.0,0.0,0.0,4.0,6.0,9.0,7.0,1.0,4.0,3.0,20.0,0.0,9.0,2.0,0.0,0.0,0.0,0.0,0.0,,,,,,,,,,,,,,,,,,,,,,,,,,,,,,,,,,,,,,,,,,,,,,,,,,,,,,,,,,,,,,,,,,,,,,,,,,,,,,,,,,,,,,,,,,,,,,,,,,,,,,,,,,,
78,1.0,10.0,12.0,17.0,32.0,0.0,28.0,0.0,16.0,0.0,11.0,8.0,2.0,8.0,12.0,0.0,12.0,0.0,3.0,2.0,9.0,0.0,4.0,7.0,11.0,34.0,10.0,25.0,16.0,6.0,24.0,13.0,5.0,0.0,0.0,0.0,43.0,7.0,13.0,7.0,3.0,8.0,0.0,0.0,0.0,0.0,,,,,,,,,,,,,,,,,,,,,,,,,,,,,,,,,,,,,,,,,,,,,,,,,,,,,,,,,,,,,,,,,,,,,,,,,,,,,,,,,,,,,,,,,,,
79,6.0,0.0,20.0,0.0,0.0,47.0,3.0,20.0,5.0,2.0,12.0,15.0,11.0,9.0,13.0,7.0,39.0,44.0,63.0,0.0,0.0,1.0,40.0,0.0,0.0,0.0,0.0,3.0,14.0,174.0,21.0,8.0,14.0,0.0,59.0,6.0,0.0,5.0,0.0,6.0,0.0,0.0,,,,,,,,,,,,,,,,,,,,,,,,,,,,,,,,,,,,,,,,,,,,,,,,,,,,,,,,,,,,,,,,,,,,,,,,,,,,,,,,,,,,,,,,,,,,,,,
80,24.0,0.0,0.0,16.0,22.0,65.0,0.0,8.0,24.0,0.0,0.0,15.0,37.0,85.0,12.0,14.0,2.0,53.0,0.0,0.0,24.0,15.0,15.0,35.0,6.0,22.0,42.0,69.0,21.0,112.0,37.0,28.0,5.0,76.0,9.0,58.0,0.0,0.0,156.0,76.0,123.0,0.0,131.0,0.0,0.0,21.0,0.0,65.0,0.0,57.0,0.0,0.0,60.0,0.0,0.0,0.0,1.0,0.0,0.0,1.0,0.0,51.0,0.0,0.0,0.0,0.0,0.0,0.0,3.0,3.0,,,,,,,,,,,,,,,,,,,,,,,,,,,,,,,,,,,,,,,,,,,,,,,,,,,,,,,,,,,,,,,,,,,
81,4.0,0.0,4.0,0.0,17.0,23.0,0.0,8.0,12.0,19.0,12.0,20.0,3.0,10.0,0.0,82.0,14.0,40.0,16.0,35.0,3.0,0.0,63.0,0.0,0.0,23.0,3.0,3.0,32.0,8.0,49.0,35.0,0.0,27.0,0.0,0.0,244.0,0.0,185.0,349.0,52.0,0.0,0.0,1000.0,0.0,0.0,,,,,,,,,,,,,,,,,,,,,,,,,,,,,,,,,,,,,,,,,,,,,,,,,,,,,,,,,,,,,,,,,,,,,,,,,,,,,,,,,,,,,,,,,,,
82,23.0,29.0,16.0,25.0,14.0,0.0,4.0,0.0,3.0,0.0,16.0,34.0,17.0,67.0,39.0,16.0,25.0,7.0,0.0,0.0,21.0,18.0,8.0,15.0,38.0,10.0,5.0,4.0,0.0,17.0,16.0,23.0,11.0,28.0,0.0,0.0,31.0,23.0,70.0,55.0,34.0,43.0,22.0,27.0,9.0,0.0,0.0,29.0,0.0,0.0,4.0,7.0,2.0,0.0,0.0,11.0,4.0,0.0,0.0,0.0,0.0,0.0,9.0,0.0,0.0,0.0,3.0,0.0,0.0,0.0,0.0,0.0,0.0,0.0,0.0,0.0,0.0,0.0,0.0,,,,,,,,,,,,,,,,,,,,,,,,,,,,,,,,,,,,,,,,,,,,,,,,,,,,,,,,,,
83,18.0,15.0,16.0,22.0,4.0,12.0,8.0,26.0,24.0,0.0,127.0,57.0,0.0,41.0,0.0,0.0,0.0,50.0,31.0,0.0,0.0,0.0,0.0,0.0,0.0,0.0,0.0,0.0,0.0,,,,,,,,,,,,,,,,,,,,,,,,,,,,,,,,,,,,,,,,,,,,,,,,,,,,,,,,,,,,,,,,,,,,,,,,,,,,,,,,,,,,,,,,,,,,,,,,,,,,,,,,,,,,
84,11.0,18.0,0.0,0.0,0.0,40.0,56.0,32.0,36.0,12.0,1.0,0.0,4.0,8.0,32.0,0.0,8.0,56.0,55.0,0.0,5.0,12.0,0.0,17.0,0.0,4.0,25.0,22.0,0.0,18.0,8.0,12.0,0.0,5.0,0.0,20.0,0.0,10.0,12.0,3.0,0.0,0.0,4.0,0.0,0.0,0.0,0.0,0.0,0.0,0.0,0.0,0.0,0.0,0.0,0.0,0.0,0.0,2.0,0.0,2.0,,,,,,,,,,,,,,,,,,,,,,,,,,,,,,,,,,,,,,,,,,,,,,,,,,,,,,,,,,,,,,,,,,,,,,,,,,,,,
85,7.0,21.0,17.0,1.0,0.0,46.0,15.0,33.0,24.0,36.0,0.0,4.0,10.0,16.0,15.0,47.0,29.0,0.0,24.0,23.0,0.0,11.0,36.0,71.0,40.0,99.0,31.0,1.0,110.0,0.0,0.0,64.0,252.0,9.0,7.0,30.0,3.0,0.0,65.0,45.0,0.0,8.0,134.0,12.0,0.0,0.0,0.0,5.0,71.0,0.0,0.0,0.0,72.0,137.0,17.0,46.0,28.0,2.0,0.0,0.0,0.0,7.0,0.0,,,,,,,,,,,,,,,,,,,,,,,,,,,,,,,,,,,,,,,,,,,,,,,,,,,,,,,,,,,,,,,,,,,,,,,,,,
86,13.0,0.0,0.0,17.0,0.0,5.0,0.0,19.0,32.0,38.0,17.0,0.0,30.0,17.0,18.0,16.0,14.0,58.0,8.0,14.0,0.0,58.0,36.0,59.0,6.0,0.0,33.0,27.0,14.0,56.0,53.0,172.0,18.0,168.0,59.0,26.0,0.0,0.0,0.0,0.0,0.0,0.0,0.0,0.0,0.0,0.0,,,,,,,,,,,,,,,,,,,,,,,,,,,,,,,,,,,,,,,,,,,,,,,,,,,,,,,,,,,,,,,,,,,,,,,,,,,,,,,,,,,,,,,,,,,
87,7.0,0.0,4.0,13.0,0.0,1.0,9.0,36.0,31.0,22.0,9.0,0.0,0.0,0.0,0.0,23.0,0.0,2.0,5.0,9.0,0.0,9.0,0.0,8.0,8.0,13.0,3.0,0.0,0.0,9.0,6.0,0.0,0.0,0.0,0.0,0.0,0.0,0.0,0.0,0.0,0.0,0.0,,,,,,,,,,,,,,,,,,,,,,,,,,,,,,,,,,,,,,,,,,,,,,,,,,,,,,,,,,,,,,,,,,,,,,,,,,,,,,,,,,,,,,,,,,,,,,,
88,6.0,25.0,0.0,26.0,11.0,14.0,10.0,17.0,16.0,8.0,11.0,126.0,16.0,121.0,0.0,0.0,262.0,80.0,0.0,20.0,10.0,1.0,14.0,11.0,0.0,0.0,11.0,10.0,23.0,0.0,9.0,10.0,14.0,11.0,2.0,14.0,,,,,,,,,,,,,,,,,,,,,,,,,,,,,,,,,,,,,,,,,,,,,,,,,,,,,,,,,,,,,,,,,,,,,,,,,,,,,,,,,,,,,,,,,,,,,,,,,,,,,
89,34.0,12.0,15.0,7.0,0.0,28.0,0.0,0.0,38.0,0.0,7.0,26.0,8.0,8.0,25.0,11.0,6.0,2.0,23.0,11.0,80.0,28.0,0.0,19.0,31.0,56.0,26.0,13.0,15.0,0.0,34.0,0.0,0.0,0.0,15.0,14.0,0.0,10.0,7.0,13.0,217.0,310.0,28.0,23.0,0.0,84.0,57.0,37.0,217.0,0.0,204.0,301.0,96.0,0.0,0.0,,,,,,,,,,,,,,,,,,,,,,,,,,,,,,,,,,,,,,,,,,,,,,,,,,,,,,,,,,,,,,,,,,,,,,,,,,,,,,,,,,
90,1.0,1.0,11.0,26.0,0.0,16.0,0.0,5.0,67.0,66.0,0.0,5.0,24.0,64.0,2.0,49.0,1.0,0.0,25.0,21.0,16.0,10.0,29.0,180.0,7.0,41.0,23.0,0.0,69.0,125.0,9.0,287.0,17.0,193.0,0.0,8.0,522.0,231.0,0.0,,,,,,,,,,,,,,,,,,,,,,,,,,,,,,,,,,,,,,,,,,,,,,,,,,,,,,,,,,,,,,,,,,,,,,,,,,,,,,,,,,,,,,,,,,,,,,,,,,
91,11.0,19.0,6.0,31.0,17.0,14.0,11.0,8.0,46.0,19.0,7.0,43.0,56.0,0.0,12.0,6.0,1.0,17.0,122.0,0.0,0.0,9.0,18.0,17.0,0.0,0.0,5.0,19.0,17.0,0.0,2.0,5.0,7.0,0.0,13.0,0.0,0.0,0.0,0.0,0.0,0.0,0.0,0.0,0.0,0.0,0.0,,,,,,,,,,,,,,,,,,,,,,,,,,,,,,,,,,,,,,,,,,,,,,,,,,,,,,,,,,,,,,,,,,,,,,,,,,,,,,,,,,,,,,,,,,,
92,28.0,25.0,21.0,6.0,14.0,0.0,14.0,34.0,0.0,29.0,0.0,14.0,86.0,12.0,210.0,1.0,15.0,0.0,24.0,0.0,178.0,36.0,10.0,0.0,,,,,,,,,,,,,,,,,,,,,,,,,,,,,,,,,,,,,,,,,,,,,,,,,,,,,,,,,,,,,,,,,,,,,,,,,,,,,,,,,,,,,,,,,,,,,,,,,,,,,,,,,,,,,,,,,
93,0.0,0.0,29.0,38.0,0.0,13.0,12.0,14.0,42.0,15.0,5.0,3.0,11.0,41.0,29.0,18.0,55.0,103.0,39.0,0.0,102.0,49.0,2.0,205.0,37.0,39.0,102.0,0.0,184.0,1000.0,0.0,0.0,352.0,0.0,0.0,0.0,0.0,701.0,51.0,0.0,0.0,714.0,23.0,0.0,0.0,0.0,952.0,0.0,0.0,0.0,0.0,9.0,25.0,0.0,0.0,0.0,0.0,0.0,,,,,,,,,,,,,,,,,,,,,,,,,,,,,,,,,,,,,,,,,,,,,,,,,,,,,,,,,,,,,,,,,,,,,,,,,,,,,,,
94,10.0,32.0,5.0,26.0,2.0,3.0,7.0,17.0,82.0,87.0,0.0,23.0,6.0,29.0,0.0,9.0,16.0,0.0,4.0,27.0,12.0,0.0,33.0,0.0,0.0,0.0,0.0,167.0,0.0,0.0,0.0,,,,,,,,,,,,,,,,,,,,,,,,,,,,,,,,,,,,,,,,,,,,,,,,,,,,,,,,,,,,,,,,,,,,,,,,,,,,,,,,,,,,,,,,,,,,,,,,,,,,,,,,,,
95,26.0,7.0,5.0,28.0,0.0,2.0,97.0,4.0,10.0,19.0,13.0,17.0,0.0,29.0,17.0,14.0,33.0,17.0,28.0,31.0,22.0,0.0,42.0,54.0,0.0,,,,,,,,,,,,,,,,,,,,,,,,,,,,,,,,,,,,,,,,,,,,,,,,,,,,,,,,,,,,,,,,,,,,,,,,,,,,,,,,,,,,,,,,,,,,,,,,,,,,,,,,,,,,,,,,
96,4.0,3.0,16.0,15.0,1.0,20.0,14.0,22.0,3.0,35.0,11.0,14.0,82.0,16.0,34.0,47.0,81.0,10.0,91.0,0.0,45.0,121.0,0.0,187.0,316.0,18.0,71.0,252.0,36.0,43.0,20.0,0.0,14.0,695.0,33.0,32.0,86.0,0.0,18.0,14.0,0.0,8.0,3.0,30.0,44.0,15.0,36.0,0.0,65.0,48.0,66.0,0.0,146.0,0.0,8.0,35.0,31.0,0.0,34.0,2.0,0.0,83.0,0.0,0.0,1.0,9.0,0.0,4.0,0.0,0.0,12.0,2.0,10.0,0.0,0.0,0.0,0.0,0.0,0.0,0.0,,,,,,,,,,,,,,,,,,,,,,,,,,,,,,,,,,,,,,,,,,,,,,,,,,,,,,,,,
97,7.0,18.0,13.0,10.0,1.0,11.0,1.0,21.0,27.0,22.0,0.0,124.0,54.0,62.0,86.0,2.0,0.0,86.0,35.0,13.0,179.0,113.0,62.0,0.0,83.0,37.0,17.0,34.0,158.0,213.0,0.0,143.0,49.0,264.0,84.0,99.0,150.0,0.0,8.0,32.0,1.0,2.0,51.0,0.0,39.0,68.0,14.0,79.0,54.0,2.0,0.0,27.0,79.0,200.0,31.0,34.0,76.0,48.0,152.0,50.0,62.0,18.0,103.0,0.0,0.0,110.0,0.0,0.0,518.0,116.0,305.0,389.0,426.0,263.0,85.0,0.0,25.0,3.0,5.0,9.0,0.0,39.0,0.0,0.0,0.0,1.0,0.0,,,,,,,,,,,,,,,,,,,,,,,,,,,,,,,,,,,,,,,,,,,,,,,,,,
98,39.0,8.0,27.0,7.0,3.0,7.0,36.0,7.0,6.0,41.0,67.0,19.0,41.0,16.0,49.0,18.0,27.0,0.0,0.0,11.0,21.0,87.0,0.0,282.0,3.0,1.0,51.0,36.0,10.0,77.0,16.0,0.0,0.0,0.0,2.0,0.0,0.0,,,,,,,,,,,,,,,,,,,,,,,,,,,,,,,,,,,,,,,,,,,,,,,,,,,,,,,,,,,,,,,,,,,,,,,,,,,,,,,,,,,,,,,,,,,,,,,,,,,,
99,32.0,16.0,0.0,22.0,14.0,10.0,10.0,15.0,42.0,0.0,0.0,4.0,10.0,0.0,0.0,7.0,40.0,12.0,31.0,16.0,22.0,7.0,28.0,7.0,10.0,194.0,0.0,0.0,269.0,0.0,1.0,26.0,0.0,3.0,0.0,0.0,,,,,,,,,,,,,,,,,,,,,,,,,,,,,,,,,,,,,,,,,,,,,,,,,,,,,,,,,,,,,,,,,,,,,,,,,,,,,,,,,,,,,,,,,,,,,,,,,,,,,
100,1.0,7.0,0.0,8.0,21.0,4.0,10.0,5.0,5.0,3.0,11.0,37.0,8.0,0.0,4.0,2.0,0.0,2.0,0.0,0.0,48.0,22.0,0.0,0.0,52.0,7.0,27.0,0.0,10.0,7.0,0.0,9.0,33.0,67.0,0.0,0.0,215.0,2.0,3.0,9.0,24.0,8.0,13.0,12.0,236.0,137.0,2.0,263.0,0.0,210.0,18.0,48.0,4.0,18.0,0.0,0.0,0.0,4.0,0.0,37.0,89.0,69.0,45.0,31.0,22.0,187.0,0.0,16.0,18.0,34.0,253.0,,,,,,,,,,,,,,,,,,,,,,,,,,,,,,,,,,,,,,,,,,,,,,,,,,,,,,,,,,,,,,,,,,
101,3.0,0.0,15.0,20.0,6.0,18.0,37.0,0.0,10.0,28.0,53.0,14.0,67.0,0.0,7.0,27.0,152.0,0.0,0.0,76.0,119.0,35.0,6.0,26.0,83.0,66.0,107.0,35.0,0.0,29.0,8.0,24.0,39.0,33.0,15.0,14.0,16.0,19.0,0.0,4.0,12.0,80.0,0.0,18.0,252.0,169.0,432.0,161.0,16.0,42.0,0.0,88.0,0.0,0.0,0.0,,,,,,,,,,,,,,,,,,,,,,,,,,,,,,,,,,,,,,,,,,,,,,,,,,,,,,,,,,,,,,,,,,,,,,,,,,,,,,,,,,
102,35.0,33.0,6.0,14.0,0.0,12.0,61.0,45.0,37.0,12.0,0.0,24.0,48.0,5.0,10.0,22.0,55.0,0.0,0.0,7.0,0.0,98.0,18.0,17.0,32.0,0.0,0.0,27.0,21.0,36.0,0.0,0.0,5.0,0.0,0.0,0.0,1000.0,1.0,0.0,0.0,,,,,,,,,,,,,,,,,,,,,,,,,,,,,,,,,,,,,,,,,,,,,,,,,,,,,,,,,,,,,,,,,,,,,,,,,,,,,,,,,,,,,,,,,,,,,,,,,
103,1.0,16.0,29.0,0.0,8.0,16.0,2.0,66.0,0.0,13.0,0.0,28.0,0.0,76.0,17.0,0.0,331.0,54.0,107.0,10.0,50.0,21.0,0.0,163.0,29.0,36.0,63.0,523.0,41.0,0.0,0.0,414.0,244.0,0.0,94.0,,,,,,,,,,,,,,,,,,,,,,,,,,,,,,,,,,,,,,,,,,,,,,,,,,,,,,,,,,,,,,,,,,,,,,,,,,,,,,,,,,,,,,,,,,,,,,,,,,,,,,
104,39.0,29.0,4.0,14.0,23.0,43.0,1.0,13.0,29.0,0.0,9.0,4.0,4.0,20.0,111.0,11.0,17.0,42.0,175.0,0.0,48.0,16.0,,,,,,,,,,,,,,,,,,,,,,,,,,,,,,,,,,,,,,,,,,,,,,,,,,,,,,,,,,,,,,,,,,,,,,,,,,,,,,,,,,,,,,,,,,,,,,,,,,,,,,,,,,,,,,,,,,,
105,0.0,46.0,6.0,9.0,13.0,16.0,0.0,19.0,17.0,30.0,0.0,26.0,184.0,0.0,49.0,70.0,43.0,113.0,55.0,27.0,54.0,14.0,13.0,54.0,300.0,49.0,154.0,0.0,0.0,155.0,197.0,8.0,87.0,263.0,0.0,195.0,0.0,0.0,,,,,,,,,,,,,,,,,,,,,,,,,,,,,,,,,,,,,,,,,,,,,,,,,,,,,,,,,,,,,,,,,,,,,,,,,,,,,,,,,,,,,,,,,,,,,,,,,,,
106,20.0,0.0,0.0,16.0,26.0,16.0,30.0,10.0,7.0,0.0,10.0,54.0,4.0,7.0,2.0,0.0,3.0,12.0,13.0,10.0,7.0,10.0,1.0,7.0,8.0,0.0,13.0,0.0,4.0,0.0,17.0,0.0,34.0,55.0,0.0,0.0,60.0,0.0,3.0,4.0,0.0,0.0,0.0,0.0,,,,,,,,,,,,,,,,,,,,,,,,,,,,,,,,,,,,,,,,,,,,,,,,,,,,,,,,,,,,,,,,,,,,,,,,,,,,,,,,,,,,,,,,,,,,,
107,24.0,70.0,0.0,13.0,0.0,14.0,12.0,47.0,24.0,27.0,36.0,53.0,82.0,16.0,24.0,37.0,70.0,342.0,94.0,0.0,11.0,27.0,48.0,131.0,0.0,28.0,35.0,497.0,54.0,0.0,940.0,36.0,140.0,29.0,2.0,45.0,21.0,0.0,17.0,93.0,89.0,31.0,13.0,45.0,10.0,16.0,205.0,0.0,44.0,12.0,0.0,34.0,0.0,0.0,0.0,0.0,49.0,0.0,134.0,4.0,0.0,0.0,0.0,0.0,0.0,3.0,,,,,,,,,,,,,,,,,,,,,,,,,,,,,,,,,,,,,,,,,,,,,,,,,,,,,,,,,,,,,,,,,,,,,,,
108,12.0,2.0,0.0,3.0,20.0,9.0,4.0,12.0,2.0,8.0,18.0,1.0,0.0,3.0,5.0,0.0,0.0,4.0,0.0,22.0,4.0,26.0,0.0,8.0,22.0,9.0,0.0,4.0,11.0,2.0,12.0,,,,,,,,,,,,,,,,,,,,,,,,,,,,,,,,,,,,,,,,,,,,,,,,,,,,,,,,,,,,,,,,,,,,,,,,,,,,,,,,,,,,,,,,,,,,,,,,,,,,,,,,,,
109,63.0,25.0,44.0,0.0,0.0,11.0,0.0,24.0,16.0,30.0,35.0,21.0,0.0,15.0,11.0,7.0,7.0,3.0,22.0,0.0,6.0,0.0,0.0,70.0,0.0,271.0,112.0,11.0,38.0,7.0,28.0,0.0,0.0,,,,,,,,,,,,,,,,,,,,,,,,,,,,,,,,,,,,,,,,,,,,,,,,,,,,,,,,,,,,,,,,,,,,,,,,,,,,,,,,,,,,,,,,,,,,,,,,,,,,,,,,
110,4.0,15.0,8.0,27.0,36.0,73.0,0.0,7.0,23.0,5.0,0.0,55.0,0.0,0.0,166.0,36.0,23.0,52.0,14.0,4.0,179.0,214.0,6.0,127.0,12.0,72.0,201.0,63.0,48.0,0.0,0.0,63.0,0.0,0.0,60.0,0.0,19.0,21.0,113.0,0.0,,,,,,,,,,,,,,,,,,,,,,,,,,,,,,,,,,,,,,,,,,,,,,,,,,,,,,,,,,,,,,,,,,,,,,,,,,,,,,,,,,,,,,,,,,,,,,,,,
111,34.0,29.0,3.0,30.0,8.0,13.0,52.0,9.0,1.0,38.0,21.0,0.0,10.0,38.0,56.0,0.0,6.0,10.0,0.0,25.0,8.0,1.0,22.0,21.0,40.0,2.0,18.0,0.0,32.0,0.0,20.0,0.0,8.0,43.0,0.0,8.0,32.0,0.0,38.0,0.0,13.0,0.0,0.0,19.0,0.0,5.0,9.0,9.0,72.0,21.0,4.0,0.0,0.0,0.0,0.0,,,,,,,,,,,,,,,,,,,,,,,,,,,,,,,,,,,,,,,,,,,,,,,,,,,,,,,,,,,,,,,,,,,,,,,,,,,,,,,,,,
112,17.0,8.0,12.0,3.0,14.0,10.0,0.0,5.0,19.0,37.0,0.0,0.0,10.0,23.0,23.0,5.0,0.0,10.0,0.0,8.0,2.0,7.0,50.0,0.0,140.0,75.0,34.0,0.0,273.0,0.0,309.0,36.0,,,,,,,,,,,,,,,,,,,,,,,,,,,,,,,,,,,,,,,,,,,,,,,,,,,,,,,,,,,,,,,,,,,,,,,,,,,,,,,,,,,,,,,,,,,,,,,,,,,,,,,,,
113,0.0,2.0,0.0,8.0,2.0,0.0,11.0,34.0,0.0,28.0,0.0,17.0,55.0,12.0,61.0,74.0,10.0,0.0,30.0,0.0,9.0,2.0,0.0,34.0,11.0,0.0,161.0,6.0,101.0,175.0,2.0,0.0,22.0,16.0,6.0,16.0,0.0,0.0,,,,,,,,,,,,,,,,,,,,,,,,,,,,,,,,,,,,,,,,,,,,,,,,,,,,,,,,,,,,,,,,,,,,,,,,,,,,,,,,,,,,,,,,,,,,,,,,,,,
114,27.0,9.0,29.0,2.0,4.0,18.0,13.0,0.0,0.0,55.0,0.0,66.0,0.0,125.0,58.0,0.0,30.0,69.0,37.0,48.0,38.0,252.0,37.0,62.0,61.0,242.0,141.0,356.0,223.0,0.0,3.0,52.0,0.0,56.0,21.0,46.0,0.0,0.0,0.0,31.0,42.0,100.0,0.0,0.0,,,,,,,,,,,,,,,,,,,,,,,,,,,,,,,,,,,,,,,,,,,,,,,,,,,,,,,,,,,,,,,,,,,,,,,,,,,,,,,,,,,,,,,,,,,,,
115,22.0,0.0,16.0,0.0,7.0,31.0,10.0,42.0,18.0,34.0,1.0,4.0,25.0,1.0,0.0,0.0,0.0,0.0,27.0,8.0,0.0,13.0,46.0,5.0,0.0,16.0,0.0,37.0,0.0,0.0,12.0,0.0,0.0,2.0,64.0,0.0,0.0,0.0,2.0,0.0,0.0,0.0,11.0,0.0,0.0,9.0,0.0,17.0,0.0,59.0,0.0,0.0,,,,,,,,,,,,,,,,,,,,,,,,,,,,,,,,,,,,,,,,,,,,,,,,,,,,,,,,,,,,,,,,,,,,,,,,,,,,,,,,,,,,,
116,21.0,7.0,35.0,23.0,56.0,9.0,4.0,0.0,0.0,2.0,11.0,19.0,11.0,0.0,16.0,13.0,23.0,33.0,116.0,155.0,169.0,19.0,33.0,0.0,42.0,20.0,4.0,0.0,15.0,1.0,39.0,0.0,0.0,108.0,38.0,133.0,0.0,8.0,0.0,0.0,0.0,10.0,19.0,62.0,24.0,0.0,0.0,39.0,0.0,0.0,0.0,0.0,0.0,0.0,0.0,,,,,,,,,,,,,,,,,,,,,,,,,,,,,,,,,,,,,,,,,,,,,,,,,,,,,,,,,,,,,,,,,,,,,,,,,,,,,,,,,,
117,25.0,1.0,27.0,33.0,0.0,31.0,42.0,0.0,55.0,139.0,12.0,0.0,28.0,0.0,22.0,0.0,0.0,17.0,0.0,337.0,12.0,1.0,28.0,0.0,0.0,11.0,0.0,0.0,7.0,15.0,25.0,30.0,73.0,2.0,10.0,38.0,27.0,0.0,29.0,20.0,43.0,33.0,14.0,24.0,72.0,27.0,71.0,12.0,1.0,55.0,11.0,23.0,,,,,,,,,,,,,,,,,,,,,,,,,,,,,,,,,,,,,,,,,,,,,,,,,,,,,,,,,,,,,,,,,,,,,,,,,,,,,,,,,,,,,
118,6.0,23.0,3.0,17.0,4.0,0.0,0.0,17.0,10.0,10.0,12.0,9.0,4.0,7.0,8.0,0.0,3.0,17.0,62.0,12.0,0.0,10.0,23.0,35.0,27.0,57.0,0.0,0.0,0.0,74.0,8.0,0.0,13.0,0.0,15.0,0.0,0.0,64.0,112.0,0.0,0.0,117.0,195.0,0.0,0.0,0.0,0.0,0.0,0.0,0.0,,,,,,,,,,,,,,,,,,,,,,,,,,,,,,,,,,,,,,,,,,,,,,,,,,,,,,,,,,,,,,,,,,,,,,,,,,,,,,,,,,,,,,,
119,6.0,24.0,5.0,6.0,0.0,0.0,0.0,11.0,20.0,14.0,54.0,22.0,0.0,69.0,14.0,72.0,7.0,22.0,9.0,0.0,0.0,0.0,189.0,121.0,46.0,7.0,61.0,22.0,15.0,0.0,18.0,0.0,16.0,0.0,1.0,96.0,2.0,34.0,1.0,0.0,13.0,0.0,0.0,0.0,16.0,0.0,12.0,0.0,62.0,25.0,14.0,26.0,16.0,0.0,18.0,0.0,0.0,0.0,32.0,77.0,219.0,0.0,1.0,32.0,0.0,0.0,6.0,33.0,,,,,,,,,,,,,,,,,,,,,,,,,,,,,,,,,,,,,,,,,,,,,,,,,,,,,,,,,,,,,,,,,,,,,
120,0.0,34.0,9.0,26.0,16.0,24.0,4.0,0.0,39.0,49.0,13.0,28.0,8.0,2.0,0.0,10.0,60.0,55.0,15.0,0.0,24.0,0.0,20.0,16.0,19.0,58.0,49.0,0.0,49.0,8.0,19.0,0.0,14.0,26.0,30.0,9.0,0.0,30.0,0.0,213.0,39.0,19.0,70.0,75.0,62.0,0.0,1.0,1.0,114.0,0.0,47.0,0.0,,,,,,,,,,,,,,,,,,,,,,,,,,,,,,,,,,,,,,,,,,,,,,,,,,,,,,,,,,,,,,,,,,,,,,,,,,,,,,,,,,,,,
121,23.0,43.0,105.0,5.0,0.0,27.0,37.0,7.0,39.0,36.0,21.0,0.0,0.0,3.0,0.0,33.0,24.0,41.0,0.0,3.0,38.0,20.0,20.0,8.0,36.0,0.0,97.0,,,,,,,,,,,,,,,,,,,,,,,,,,,,,,,,,,,,,,,,,,,,,,,,,,,,,,,,,,,,,,,,,,,,,,,,,,,,,,,,,,,,,,,,,,,,,,,,,,,,,,,,,,,,,,
122,33.0,37.0,26.0,15.0,14.0,5.0,13.0,0.0,28.0,3.0,11.0,10.0,23.0,14.0,6.0,2.0,21.0,21.0,3.0,0.0,11.0,9.0,40.0,0.0,15.0,133.0,,,,,,,,,,,,,,,,,,,,,,,,,,,,,,,,,,,,,,,,,,,,,,,,,,,,,,,,,,,,,,,,,,,,,,,,,,,,,,,,,,,,,,,,,,,,,,,,,,,,,,,,,,,,,,,
123,9.0,18.0,15.0,0.0,0.0,12.0,28.0,6.0,0.0,12.0,53.0,5.0,0.0,37.0,46.0,0.0,0.0,0.0,9.0,0.0,29.0,0.0,26.0,0.0,4.0,0.0,0.0,16.0,1.0,9.0,0.0,0.0,1.0,0.0,11.0,35.0,28.0,18.0,0.0,0.0,46.0,10.0,35.0,0.0,129.0,163.0,0.0,11.0,40.0,0.0,4.0,2.0,0.0,0.0,0.0,51.0,0.0,0.0,47.0,0.0,0.0,,,,,,,,,,,,,,,,,,,,,,,,,,,,,,,,,,,,,,,,,,,,,,,,,,,,,,,,,,,,,,,,,,,,,,,,,,,,
124,4.0,34.0,8.0,13.0,12.0,27.0,21.0,0.0,0.0,9.0,0.0,25.0,14.0,28.0,13.0,12.0,7.0,67.0,7.0,21.0,55.0,52.0,17.0,0.0,36.0,51.0,0.0,178.0,26.0,391.0,65.0,108.0,189.0,467.0,10.0,133.0,47.0,0.0,292.0,44.0,113.0,9.0,0.0,0.0,73.0,337.0,36.0,215.0,0.0,0.0,161.0,0.0,0.0,0.0,0.0,,,,,,,,,,,,,,,,,,,,,,,,,,,,,,,,,,,,,,,,,,,,,,,,,,,,,,,,,,,,,,,,,,,,,,,,,,,,,,,,,,
125,8.0,12.0,4.0,22.0,3.0,36.0,68.0,11.0,20.0,61.0,8.0,21.0,32.0,35.0,0.0,29.0,25.0,21.0,91.0,56.0,145.0,1.0,11.0,152.0,67.0,0.0,162.0,43.0,5.0,86.0,20.0,99.0,0.0,43.0,44.0,80.0,49.0,6.0,16.0,4.0,11.0,32.0,56.0,63.0,0.0,4.0,151.0,1.0,0.0,0.0,23.0,261.0,278.0,141.0,30.0,,,,,,,,,,,,,,,,,,,,,,,,,,,,,,,,,,,,,,,,,,,,,,,,,,,,,,,,,,,,,,,,,,,,,,,,,,,,,,,,,,
126,9.0,34.0,0.0,4.0,0.0,21.0,11.0,26.0,11.0,0.0,70.0,157.0,21.0,0.0,0.0,0.0,68.0,45.0,0.0,23.0,122.0,0.0,37.0,48.0,0.0,0.0,,,,,,,,,,,,,,,,,,,,,,,,,,,,,,,,,,,,,,,,,,,,,,,,,,,,,,,,,,,,,,,,,,,,,,,,,,,,,,,,,,,,,,,,,,,,,,,,,,,,,,,,,,,,,,,
127,20.0,55.0,0.0,36.0,7.0,0.0,0.0,12.0,28.0,8.0,0.0,15.0,0.0,10.0,20.0,6.0,68.0,14.0,15.0,84.0,0.0,12.0,0.0,42.0,12.0,6.0,3.0,17.0,10.0,17.0,0.0,0.0,0.0,89.0,0.0,0.0,0.0,149.0,156.0,97.0,236.0,0.0,0.0,2.0,0.0,217.0,0.0,0.0,,,,,,,,,,,,,,,,,,,,,,,,,,,,,,,,,,,,,,,,,,,,,,,,,,,,,,,,,,,,,,,,,,,,,,,,,,,,,,,,,,,,,,,,,
128,3.0,0.0,1.0,3.0,14.0,0.0,10.0,10.0,10.0,24.0,15.0,0.0,24.0,9.0,20.0,23.0,0.0,84.0,53.0,8.0,3.0,0.0,28.0,43.0,10.0,6.0,23.0,3.0,26.0,22.0,262.0,24.0,27.0,2.0,23.0,0.0,0.0,22.0,65.0,0.0,3.0,0.0,0.0,119.0,0.0,0.0,0.0,19.0,4.0,0.0,0.0,0.0,118.0,0.0,0.0,0.0,0.0,2.0,0.0,0.0,0.0,,,,,,,,,,,,,,,,,,,,,,,,,,,,,,,,,,,,,,,,,,,,,,,,,,,,,,,,,,,,,,,,,,,,,,,,,,,,
129,2.0,31.0,49.0,9.0,24.0,0.0,0.0,29.0,9.0,17.0,2.0,19.0,17.0,10.0,5.0,0.0,6.0,58.0,408.0,94.0,0.0,0.0,94.0,76.0,28.0,178.0,184.0,0.0,1.0,0.0,,,,,,,,,,,,,,,,,,,,,,,,,,,,,,,,,,,,,,,,,,,,,,,,,,,,,,,,,,,,,,,,,,,,,,,,,,,,,,,,,,,,,,,,,,,,,,,,,,,,,,,,,,,
130,21.0,7.0,15.0,0.0,14.0,17.0,48.0,9.0,2.0,6.0,34.0,0.0,0.0,0.0,15.0,6.0,0.0,45.0,6.0,9.0,10.0,34.0,15.0,0.0,21.0,8.0,18.0,4.0,10.0,31.0,0.0,62.0,13.0,16.0,6.0,0.0,114.0,0.0,30.0,33.0,117.0,27.0,17.0,0.0,0.0,16.0,34.0,0.0,0.0,20.0,109.0,218.0,0.0,0.0,7.0,196.0,,,,,,,,,,,,,,,,,,,,,,,,,,,,,,,,,,,,,,,,,,,,,,,,,,,,,,,,,,,,,,,,,,,,,,,,,,,,,,,,,
131,18.0,0.0,6.0,0.0,16.0,78.0,30.0,0.0,0.0,11.0,11.0,9.0,49.0,15.0,17.0,24.0,8.0,0.0,35.0,35.0,0.0,0.0,10.0,0.0,27.0,26.0,21.0,7.0,0.0,33.0,0.0,0.0,0.0,,,,,,,,,,,,,,,,,,,,,,,,,,,,,,,,,,,,,,,,,,,,,,,,,,,,,,,,,,,,,,,,,,,,,,,,,,,,,,,,,,,,,,,,,,,,,,,,,,,,,,,,
132,0.0,71.0,12.0,23.0,0.0,26.0,0.0,5.0,20.0,25.0,5.0,24.0,2.0,12.0,19.0,22.0,49.0,0.0,6.0,23.0,10.0,0.0,41.0,0.0,0.0,0.0,265.0,11.0,61.0,10.0,13.0,0.0,,,,,,,,,,,,,,,,,,,,,,,,,,,,,,,,,,,,,,,,,,,,,,,,,,,,,,,,,,,,,,,,,,,,,,,,,,,,,,,,,,,,,,,,,,,,,,,,,,,,,,,,,
133,23.0,15.0,0.0,14.0,10.0,11.0,0.0,9.0,9.0,0.0,29.0,19.0,0.0,0.0,13.0,68.0,9.0,19.0,0.0,42.0,24.0,9.0,18.0,0.0,16.0,0.0,50.0,62.0,91.0,0.0,0.0,43.0,0.0,57.0,0.0,0.0,0.0,15.0,5.0,28.0,0.0,0.0,129.0,0.0,0.0,0.0,0.0,,,,,,,,,,,,,,,,,,,,,,,,,,,,,,,,,,,,,,,,,,,,,,,,,,,,,,,,,,,,,,,,,,,,,,,,,,,,,,,,,,,,,,,,,,
134,24.0,18.0,28.0,2.0,14.0,2.0,9.0,11.0,8.0,0.0,59.0,2.0,5.0,47.0,0.0,7.0,0.0,8.0,8.0,4.0,16.0,2.0,0.0,36.0,0.0,10.0,23.0,11.0,41.0,30.0,11.0,16.0,0.0,307.0,0.0,0.0,0.0,27.0,226.0,0.0,0.0,120.0,0.0,0.0,280.0,0.0,0.0,41.0,149.0,0.0,0.0,0.0,0.0,9.0,0.0,0.0,39.0,0.0,18.0,0.0,0.0,0.0,13.0,13.0,17.0,0.0,7.0,0.0,0.0,0.0,25.0,0.0,0.0,0.0,0.0,0.0,0.0,0.0,,,,,,,,,,,,,,,,,,,,,,,,,,,,,,,,,,,,,,,,,,,,,,,,,,,,,,,,,,,
135,39.0,12.0,0.0,17.0,0.0,15.0,25.0,14.0,15.0,7.0,9.0,2.0,1.0,50.0,33.0,15.0,0.0,17.0,11.0,9.0,4.0,10.0,32.0,0.0,4.0,0.0,2.0,,,,,,,,,,,,,,,,,,,,,,,,,,,,,,,,,,,,,,,,,,,,,,,,,,,,,,,,,,,,,,,,,,,,,,,,,,,,,,,,,,,,,,,,,,,,,,,,,,,,,,,,,,,,,,
136,9.0,25.0,20.0,21.0,6.0,17.0,21.0,19.0,5.0,4.0,17.0,21.0,0.0,28.0,64.0,7.0,12.0,0.0,0.0,4.0,23.0,0.0,20.0,24.0,9.0,0.0,16.0,1.0,19.0,13.0,11.0,0.0,51.0,39.0,5.0,1.0,48.0,0.0,0.0,6.0,31.0,1.0,0.0,3.0,,,,,,,,,,,,,,,,,,,,,,,,,,,,,,,,,,,,,,,,,,,,,,,,,,,,,,,,,,,,,,,,,,,,,,,,,,,,,,,,,,,,,,,,,,,,,
137,24.0,21.0,0.0,0.0,6.0,7.0,47.0,1.0,0.0,27.0,70.0,54.0,0.0,3.0,32.0,17.0,8.0,15.0,3.0,0.0,51.0,3.0,15.0,0.0,3.0,70.0,0.0,109.0,105.0,16.0,5.0,5.0,0.0,10.0,0.0,0.0,0.0,279.0,12.0,174.0,0.0,189.0,42.0,0.0,65.0,60.0,405.0,146.0,11.0,0.0,342.0,52.0,7.0,633.0,41.0,19.0,5.0,71.0,0.0,56.0,0.0,2.0,2.0,10.0,33.0,53.0,,,,,,,,,,,,,,,,,,,,,,,,,,,,,,,,,,,,,,,,,,,,,,,,,,,,,,,,,,,,,,,,,,,,,,,
138,38.0,13.0,8.0,30.0,50.0,16.0,27.0,0.0,25.0,81.0,4.0,2.0,17.0,21.0,40.0,1.0,27.0,14.0,12.0,4.0,16.0,11.0,21.0,0.0,16.0,0.0,395.0,0.0,2.0,30.0,22.0,65.0,16.0,0.0,14.0,0.0,0.0,120.0,46.0,25.0,47.0,0.0,24.0,56.0,79.0,151.0,0.0,0.0,0.0,0.0,182.0,0.0,0.0,58.0,8.0,24.0,9.0,51.0,38.0,84.0,91.0,121.0,45.0,284.0,0.0,37.0,0.0,8.0,0.0,0.0,0.0,0.0,0.0,3.0,0.0,13.0,131.0,10.0,550.0,0.0,0.0,0.0,0.0,0.0,0.0,0.0,,,,,,,,,,,,,,,,,,,,,,,,,,,,,,,,,,,,,,,,,,,,,,,,,,,
139,6.0,51.0,27.0,33.0,16.0,23.0,0.0,46.0,0.0,0.0,67.0,108.0,85.0,38.0,34.0,37.0,9.0,102.0,0.0,2.0,1.0,72.0,22.0,41.0,0.0,43.0,71.0,52.0,124.0,25.0,84.0,15.0,6.0,74.0,9.0,48.0,13.0,38.0,34.0,0.0,64.0,94.0,0.0,3.0,259.0,38.0,58.0,65.0,18.0,19.0,22.0,68.0,81.0,47.0,90.0,43.0,32.0,68.0,25.0,,,,,,,,,,,,,,,,,,,,,,,,,,,,,,,,,,,,,,,,,,,,,,,,,,,,,,,,,,,,,,,,,,,,,,,,,,,,,,
140,34.0,6.0,7.0,53.0,0.0,9.0,15.0,27.0,1.0,28.0,28.0,12.0,48.0,26.0,20.0,19.0,30.0,37.0,10.0,17.0,99.0,0.0,58.0,137.0,26.0,0.0,48.0,0.0,50.0,5.0,0.0,0.0,52.0,91.0,0.0,0.0,131.0,0.0,0.0,0.0,89.0,15.0,0.0,69.0,1.0,0.0,5.0,79.0,44.0,26.0,0.0,0.0,0.0,14.0,11.0,0.0,,,,,,,,,,,,,,,,,,,,,,,,,,,,,,,,,,,,,,,,,,,,,,,,,,,,,,,,,,,,,,,,,,,,,,,,,,,,,,,,,
141,21.0,23.0,7.0,15.0,28.0,29.0,16.0,0.0,60.0,12.0,41.0,0.0,12.0,0.0,50.0,113.0,61.0,2.0,152.0,35.0,654.0,0.0,84.0,32.0,0.0,24.0,545.0,15.0,0.0,0.0,32.0,0.0,109.0,27.0,5.0,68.0,45.0,137.0,85.0,40.0,55.0,20.0,0.0,0.0,0.0,0.0,0.0,,,,,,,,,,,,,,,,,,,,,,,,,,,,,,,,,,,,,,,,,,,,,,,,,,,,,,,,,,,,,,,,,,,,,,,,,,,,,,,,,,,,,,,,,,
142,0.0,36.0,15.0,5.0,0.0,5.0,0.0,15.0,33.0,51.0,19.0,41.0,122.0,65.0,17.0,24.0,0.0,26.0,19.0,0.0,13.0,0.0,8.0,4.0,8.0,0.0,33.0,16.0,14.0,0.0,2.0,30.0,11.0,0.0,46.0,0.0,10.0,27.0,9.0,0.0,0.0,42.0,21.0,11.0,70.0,0.0,13.0,86.0,78.0,0.0,0.0,0.0,0.0,26.0,19.0,0.0,0.0,0.0,0.0,0.0,0.0,0.0,0.0,,,,,,,,,,,,,,,,,,,,,,,,,,,,,,,,,,,,,,,,,,,,,,,,,,,,,,,,,,,,,,,,,,,,,,,,,,
143,13.0,5.0,5.0,12.0,45.0,0.0,41.0,0.0,0.0,20.0,24.0,33.0,0.0,16.0,9.0,21.0,0.0,0.0,0.0,19.0,27.0,0.0,22.0,2.0,1.0,7.0,22.0,0.0,11.0,9.0,0.0,0.0,0.0,0.0,0.0,,,,,,,,,,,,,,,,,,,,,,,,,,,,,,,,,,,,,,,,,,,,,,,,,,,,,,,,,,,,,,,,,,,,,,,,,,,,,,,,,,,,,,,,,,,,,,,,,,,,,,
144,24.0,3.0,39.0,26.0,27.0,34.0,16.0,20.0,5.0,15.0,1.0,10.0,0.0,25.0,6.0,0.0,23.0,9.0,0.0,58.0,0.0,27.0,9.0,10.0,0.0,0.0,1.0,0.0,0.0,0.0,0.0,0.0,0.0,0.0,0.0,27.0,0.0,19.0,0.0,40.0,0.0,,,,,,,,,,,,,,,,,,,,,,,,,,,,,,,,,,,,,,,,,,,,,,,,,,,,,,,,,,,,,,,,,,,,,,,,,,,,,,,,,,,,,,,,,,,,,,,,
145,28.0,18.0,6.0,52.0,18.0,39.0,30.0,0.0,28.0,0.0,0.0,0.0,8.0,85.0,33.0,3.0,13.0,11.0,16.0,22.0,17.0,0.0,10.0,2.0,0.0,35.0,0.0,16.0,0.0,11.0,19.0,1.0,0.0,0.0,18.0,0.0,8.0,5.0,,,,,,,,,,,,,,,,,,,,,,,,,,,,,,,,,,,,,,,,,,,,,,,,,,,,,,,,,,,,,,,,,,,,,,,,,,,,,,,,,,,,,,,,,,,,,,,,,,,
146,7.0,6.0,7.0,25.0,0.0,29.0,16.0,14.0,22.0,24.0,33.0,51.0,6.0,1.0,80.0,37.0,0.0,7.0,89.0,0.0,2.0,3.0,23.0,5.0,33.0,0.0,0.0,91.0,0.0,3.0,0.0,84.0,0.0,39.0,0.0,,,,,,,,,,,,,,,,,,,,,,,,,,,,,,,,,,,,,,,,,,,,,,,,,,,,,,,,,,,,,,,,,,,,,,,,,,,,,,,,,,,,,,,,,,,,,,,,,,,,,,
147,0.0,13.0,29.0,4.0,24.0,19.0,34.0,42.0,33.0,25.0,0.0,41.0,12.0,12.0,28.0,0.0,21.0,17.0,0.0,23.0,,,,,,,,,,,,,,,,,,,,,,,,,,,,,,,,,,,,,,,,,,,,,,,,,,,,,,,,,,,,,,,,,,,,,,,,,,,,,,,,,,,,,,,,,,,,,,,,,,,,,,,,,,,,,,,,,,,,,
148,0.0,18.0,9.0,33.0,0.0,45.0,76.0,0.0,14.0,12.0,3.0,19.0,36.0,23.0,0.0,69.0,34.0,3.0,11.0,0.0,25.0,0.0,109.0,24.0,172.0,164.0,0.0,232.0,21.0,4.0,0.0,132.0,1.0,8.0,38.0,6.0,11.0,11.0,0.0,82.0,,,,,,,,,,,,,,,,,,,,,,,,,,,,,,,,,,,,,,,,,,,,,,,,,,,,,,,,,,,,,,,,,,,,,,,,,,,,,,,,,,,,,,,,,,,,,,,,,
149,26.0,0.0,3.0,33.0,13.0,5.0,0.0,7.0,13.0,12.0,8.0,0.0,9.0,17.0,0.0,0.0,27.0,19.0,16.0,50.0,23.0,38.0,0.0,1.0,20.0,0.0,0.0,0.0,0.0,0.0,,,,,,,,,,,,,,,,,,,,,,,,,,,,,,,,,,,,,,,,,,,,,,,,,,,,,,,,,,,,,,,,,,,,,,,,,,,,,,,,,,,,,,,,,,,,,,,,,,,,,,,,,,,
150,7.0,7.0,21.0,0.0,10.0,17.0,10.0,1.0,11.0,24.0,25.0,7.0,9.0,0.0,50.0,2.0,43.0,32.0,40.0,24.0,0.0,12.0,0.0,20.0,0.0,2.0,9.0,37.0,30.0,19.0,37.0,0.0,0.0,37.0,0.0,61.0,63.0,0.0,0.0,0.0,3.0,0.0,0.0,0.0,0.0,0.0,0.0,0.0,0.0,0.0,0.0,0.0,0.0,0.0,,,,,,,,,,,,,,,,,,,,,,,,,,,,,,,,,,,,,,,,,,,,,,,,,,,,,,,,,,,,,,,,,,,,,,,,,,,,,,,,,,,
151,9.0,38.0,4.0,2.0,0.0,12.0,18.0,0.0,6.0,0.0,17.0,21.0,19.0,21.0,16.0,11.0,18.0,13.0,3.0,7.0,82.0,0.0,0.0,0.0,0.0,0.0,0.0,0.0,,,,,,,,,,,,,,,,,,,,,,,,,,,,,,,,,,,,,,,,,,,,,,,,,,,,,,,,,,,,,,,,,,,,,,,,,,,,,,,,,,,,,,,,,,,,,,,,,,,,,,,,,,,,,
152,30.0,0.0,19.0,0.0,22.0,4.0,7.0,17.0,17.0,0.0,0.0,40.0,30.0,10.0,2.0,105.0,36.0,41.0,76.0,8.0,0.0,4.0,23.0,1.0,7.0,0.0,4.0,45.0,0.0,106.0,8.0,97.0,0.0,1.0,0.0,1.0,3.0,0.0,0.0,7.0,0.0,1.0,18.0,69.0,0.0,400.0,372.0,33.0,48.0,66.0,0.0,0.0,47.0,193.0,131.0,0.0,0.0,71.0,685.0,8.0,3.0,,,,,,,,,,,,,,,,,,,,,,,,,,,,,,,,,,,,,,,,,,,,,,,,,,,,,,,,,,,,,,,,,,,,,,,,,,,,
153,16.0,34.0,13.0,18.0,7.0,33.0,78.0,60.0,14.0,23.0,43.0,74.0,0.0,34.0,27.0,18.0,10.0,0.0,79.0,18.0,8.0,9.0,5.0,46.0,21.0,0.0,0.0,11.0,47.0,0.0,11.0,30.0,1.0,25.0,65.0,1.0,14.0,112.0,22.0,5.0,79.0,10.0,0.0,0.0,0.0,34.0,592.0,25.0,14.0,,,,,,,,,,,,,,,,,,,,,,,,,,,,,,,,,,,,,,,,,,,,,,,,,,,,,,,,,,,,,,,,,,,,,,,,,,,,,,,,,,,,,,,,
154,14.0,27.0,5.0,55.0,2.0,72.0,55.0,30.0,16.0,18.0,4.0,7.0,9.0,39.0,48.0,65.0,31.0,37.0,26.0,4.0,0.0,65.0,77.0,114.0,26.0,0.0,11.0,33.0,0.0,43.0,16.0,0.0,0.0,0.0,66.0,0.0,0.0,0.0,72.0,133.0,133.0,26.0,0.0,0.0,14.0,0.0,0.0,153.0,95.0,0.0,302.0,0.0,41.0,10.0,0.0,0.0,0.0,0.0,0.0,2.0,0.0,0.0,0.0,0.0,,,,,,,,,,,,,,,,,,,,,,,,,,,,,,,,,,,,,,,,,,,,,,,,,,,,,,,,,,,,,,,,,,,,,,,,,
155,11.0,13.0,11.0,13.0,0.0,23.0,24.0,26.0,33.0,11.0,24.0,10.0,20.0,24.0,78.0,40.0,22.0,15.0,0.0,7.0,11.0,0.0,0.0,1.0,49.0,0.0,8.0,1.0,2.0,0.0,2.0,0.0,0.0,1.0,3.0,0.0,0.0,0.0,0.0,,,,,,,,,,,,,,,,,,,,,,,,,,,,,,,,,,,,,,,,,,,,,,,,,,,,,,,,,,,,,,,,,,,,,,,,,,,,,,,,,,,,,,,,,,,,,,,,,,
156,24.0,29.0,8.0,25.0,16.0,17.0,0.0,42.0,6.0,8.0,38.0,0.0,5.0,20.0,0.0,0.0,206.0,0.0,0.0,97.0,31.0,0.0,7.0,4.0,0.0,0.0,5.0,0.0,26.0,0.0,5.0,1.0,5.0,,,,,,,,,,,,,,,,,,,,,,,,,,,,,,,,,,,,,,,,,,,,,,,,,,,,,,,,,,,,,,,,,,,,,,,,,,,,,,,,,,,,,,,,,,,,,,,,,,,,,,,,
157,14.0,7.0,27.0,9.0,23.0,15.0,19.0,24.0,1.0,4.0,25.0,15.0,27.0,16.0,0.0,28.0,17.0,13.0,25.0,1.0,0.0,2.0,36.0,29.0,58.0,1.0,0.0,11.0,17.0,7.0,0.0,26.0,94.0,102.0,39.0,100.0,30.0,4.0,0.0,39.0,28.0,78.0,46.0,10.0,0.0,169.0,178.0,2.0,67.0,,,,,,,,,,,,,,,,,,,,,,,,,,,,,,,,,,,,,,,,,,,,,,,,,,,,,,,,,,,,,,,,,,,,,,,,,,,,,,,,,,,,,,,,
158,12.0,6.0,14.0,24.0,24.0,13.0,26.0,39.0,7.0,0.0,16.0,0.0,0.0,0.0,46.0,130.0,8.0,98.0,292.0,0.0,0.0,9.0,,,,,,,,,,,,,,,,,,,,,,,,,,,,,,,,,,,,,,,,,,,,,,,,,,,,,,,,,,,,,,,,,,,,,,,,,,,,,,,,,,,,,,,,,,,,,,,,,,,,,,,,,,,,,,,,,,,
159,8.0,4.0,1.0,13.0,8.0,0.0,9.0,0.0,12.0,0.0,92.0,65.0,29.0,82.0,29.0,83.0,46.0,126.0,176.0,124.0,74.0,46.0,3.0,89.0,33.0,93.0,84.0,83.0,106.0,0.0,,,,,,,,,,,,,,,,,,,,,,,,,,,,,,,,,,,,,,,,,,,,,,,,,,,,,,,,,,,,,,,,,,,,,,,,,,,,,,,,,,,,,,,,,,,,,,,,,,,,,,,,,,,
160,22.0,12.0,27.0,0.0,10.0,4.0,0.0,0.0,17.0,13.0,18.0,21.0,16.0,25.0,21.0,19.0,6.0,35.0,0.0,25.0,26.0,37.0,44.0,0.0,0.0,0.0,0.0,40.0,160.0,37.0,18.0,3.0,67.0,0.0,14.0,0.0,6.0,45.0,0.0,0.0,0.0,12.0,0.0,0.0,98.0,12.0,0.0,202.0,0.0,0.0,0.0,,,,,,,,,,,,,,,,,,,,,,,,,,,,,,,,,,,,,,,,,,,,,,,,,,,,,,,,,,,,,,,,,,,,,,,,,,,,,,,,,,,,,,
161,0.0,55.0,7.0,14.0,36.0,11.0,15.0,34.0,52.0,0.0,2.0,12.0,0.0,19.0,40.0,14.0,1.0,3.0,1.0,5.0,34.0,138.0,0.0,0.0,3.0,7.0,0.0,0.0,0.0,0.0,0.0,0.0,0.0,0.0,0.0,0.0,0.0,0.0,0.0,0.0,0.0,0.0,0.0,0.0,0.0,0.0,0.0,0.0,0.0,0.0,0.0,0.0,0.0,0.0,0.0,2.0,0.0,0.0,0.0,0.0,9.0,0.0,0.0,2.0,2.0,0.0,0.0,0.0,0.0,0.0,0.0,0.0,0.0,,,,,,,,,,,,,,,,,,,,,,,,,,,,,,,,,,,,,,,,,,,,,,,,,,,,,,,,,,,,,,,,
162,24.0,16.0,5.0,13.0,35.0,11.0,17.0,0.0,0.0,29.0,1.0,23.0,11.0,17.0,0.0,1.0,7.0,0.0,8.0,0.0,4.0,6.0,0.0,62.0,0.0,71.0,180.0,136.0,185.0,174.0,36.0,32.0,14.0,2.0,4.0,11.0,1.0,3.0,59.0,0.0,0.0,24.0,5.0,0.0,0.0,0.0,18.0,238.0,,,,,,,,,,,,,,,,,,,,,,,,,,,,,,,,,,,,,,,,,,,,,,,,,,,,,,,,,,,,,,,,,,,,,,,,,,,,,,,,,,,,,,,,,
163,16.0,7.0,29.0,11.0,14.0,5.0,7.0,13.0,3.0,0.0,67.0,6.0,39.0,20.0,24.0,65.0,13.0,186.0,0.0,34.0,12.0,97.0,8.0,9.0,42.0,12.0,11.0,11.0,10.0,10.0,30.0,47.0,109.0,76.0,76.0,54.0,66.0,31.0,46.0,0.0,47.0,166.0,0.0,45.0,13.0,19.0,193.0,0.0,88.0,110.0,6.0,34.0,10.0,13.0,23.0,0.0,33.0,12.0,10.0,44.0,0.0,78.0,192.0,28.0,78.0,346.0,27.0,30.0,0.0,0.0,116.0,0.0,,,,,,,,,,,,,,,,,,,,,,,,,,,,,,,,,,,,,,,,,,,,,,,,,,,,,,,,,,,,,,,,,
164,18.0,36.0,11.0,13.0,1.0,7.0,12.0,29.0,12.0,20.0,39.0,0.0,12.0,2.0,18.0,22.0,0.0,106.0,70.0,177.0,2.0,35.0,36.0,188.0,424.0,16.0,9.0,,,,,,,,,,,,,,,,,,,,,,,,,,,,,,,,,,,,,,,,,,,,,,,,,,,,,,,,,,,,,,,,,,,,,,,,,,,,,,,,,,,,,,,,,,,,,,,,,,,,,,,,,,,,,,
165,4.0,9.0,5.0,25.0,27.0,14.0,4.0,5.0,22.0,34.0,16.0,3.0,2.0,0.0,33.0,2.0,12.0,0.0,27.0,19.0,58.0,11.0,0.0,0.0,11.0,3.0,64.0,18.0,18.0,47.0,8.0,8.0,0.0,0.0,24.0,0.0,8.0,2.0,4.0,9.0,19.0,9.0,0.0,0.0,11.0,0.0,0.0,0.0,8.0,0.0,3.0,0.0,0.0,0.0,0.0,0.0,0.0,0.0,,,,,,,,,,,,,,,,,,,,,,,,,,,,,,,,,,,,,,,,,,,,,,,,,,,,,,,,,,,,,,,,,,,,,,,,,,,,,,,
166,9.0,14.0,14.0,9.0,48.0,7.0,0.0,18.0,5.0,53.0,26.0,19.0,33.0,2.0,7.0,96.0,1.0,0.0,3.0,93.0,93.0,62.0,23.0,0.0,5.0,37.0,42.0,116.0,0.0,36.0,88.0,0.0,23.0,193.0,21.0,0.0,0.0,,,,,,,,,,,,,,,,,,,,,,,,,,,,,,,,,,,,,,,,,,,,,,,,,,,,,,,,,,,,,,,,,,,,,,,,,,,,,,,,,,,,,,,,,,,,,,,,,,,,
167,22.0,19.0,53.0,11.0,64.0,1.0,8.0,52.0,12.0,11.0,46.0,0.0,8.0,42.0,43.0,38.0,31.0,37.0,29.0,27.0,77.0,73.0,0.0,0.0,23.0,0.0,142.0,17.0,45.0,7.0,8.0,5.0,91.0,0.0,1.0,56.0,0.0,62.0,0.0,0.0,19.0,0.0,23.0,0.0,40.0,28.0,0.0,0.0,0.0,0.0,0.0,0.0,0.0,0.0,0.0,20.0,0.0,0.0,0.0,0.0,0.0,0.0,,,,,,,,,,,,,,,,,,,,,,,,,,,,,,,,,,,,,,,,,,,,,,,,,,,,,,,,,,,,,,,,,,,,,,,,,,,
168,32.0,2.0,22.0,8.0,17.0,41.0,0.0,1.0,34.0,33.0,18.0,28.0,13.0,0.0,30.0,21.0,42.0,10.0,0.0,75.0,0.0,0.0,287.0,23.0,135.0,38.0,20.0,19.0,0.0,7.0,0.0,0.0,0.0,181.0,110.0,3.0,81.0,0.0,0.0,0.0,,,,,,,,,,,,,,,,,,,,,,,,,,,,,,,,,,,,,,,,,,,,,,,,,,,,,,,,,,,,,,,,,,,,,,,,,,,,,,,,,,,,,,,,,,,,,,,,,
169,8.0,4.0,22.0,2.0,32.0,42.0,11.0,0.0,9.0,24.0,45.0,23.0,20.0,0.0,51.0,54.0,108.0,24.0,0.0,8.0,170.0,141.0,17.0,34.0,41.0,0.0,2.0,5.0,0.0,54.0,49.0,99.0,20.0,101.0,99.0,0.0,0.0,56.0,0.0,50.0,0.0,0.0,0.0,0.0,,,,,,,,,,,,,,,,,,,,,,,,,,,,,,,,,,,,,,,,,,,,,,,,,,,,,,,,,,,,,,,,,,,,,,,,,,,,,,,,,,,,,,,,,,,,,
170,28.0,0.0,0.0,40.0,0.0,7.0,13.0,5.0,28.0,5.0,0.0,0.0,0.0,1.0,0.0,0.0,0.0,14.0,22.0,19.0,22.0,63.0,65.0,5.0,9.0,0.0,6.0,7.0,24.0,13.0,11.0,0.0,0.0,0.0,9.0,0.0,39.0,8.0,20.0,11.0,5.0,28.0,5.0,0.0,49.0,56.0,0.0,38.0,0.0,0.0,0.0,0.0,0.0,,,,,,,,,,,,,,,,,,,,,,,,,,,,,,,,,,,,,,,,,,,,,,,,,,,,,,,,,,,,,,,,,,,,,,,,,,,,,,,,,,,,
171,3.0,7.0,10.0,16.0,2.0,14.0,13.0,47.0,4.0,84.0,0.0,89.0,0.0,196.0,117.0,64.0,0.0,0.0,0.0,36.0,623.0,50.0,0.0,0.0,18.0,3.0,0.0,12.0,0.0,73.0,0.0,2.0,5.0,18.0,27.0,26.0,31.0,10.0,73.0,31.0,15.0,39.0,0.0,9.0,0.0,22.0,28.0,3.0,28.0,0.0,29.0,33.0,0.0,6.0,0.0,0.0,1.0,0.0,0.0,1.0,0.0,0.0,21.0,5.0,0.0,40.0,36.0,3.0,17.0,0.0,0.0,0.0,0.0,0.0,0.0,0.0,0.0,0.0,0.0,0.0,0.0,0.0,0.0,0.0,0.0,0.0,0.0,0.0,0.0,,,,,,,,,,,,,,,,,,,,,,,,,,,,,,,,,,,,,,,,,,,,,,,,
172,21.0,21.0,22.0,32.0,30.0,35.0,10.0,11.0,9.0,13.0,2.0,27.0,18.0,66.0,40.0,33.0,12.0,14.0,40.0,45.0,24.0,8.0,22.0,40.0,54.0,204.0,218.0,41.0,0.0,45.0,55.0,66.0,24.0,0.0,8.0,0.0,0.0,,,,,,,,,,,,,,,,,,,,,,,,,,,,,,,,,,,,,,,,,,,,,,,,,,,,,,,,,,,,,,,,,,,,,,,,,,,,,,,,,,,,,,,,,,,,,,,,,,,,
173,21.0,9.0,7.0,44.0,5.0,5.0,19.0,0.0,16.0,0.0,51.0,24.0,14.0,40.0,47.0,0.0,2.0,16.0,97.0,22.0,90.0,9.0,0.0,0.0,35.0,0.0,30.0,28.0,210.0,90.0,35.0,68.0,239.0,76.0,45.0,180.0,23.0,28.0,19.0,0.0,0.0,2.0,108.0,62.0,43.0,59.0,0.0,0.0,0.0,28.0,28.0,107.0,25.0,0.0,213.0,0.0,210.0,0.0,0.0,125.0,0.0,260.0,109.0,82.0,67.0,0.0,23.0,142.0,11.0,56.0,17.0,0.0,0.0,0.0,0.0,0.0,0.0,0.0,0.0,0.0,0.0,0.0,,,,,,,,,,,,,,,,,,,,,,,,,,,,,,,,,,,,,,,,,,,,,,,,,,,,,,,
174,0.0,13.0,5.0,20.0,24.0,0.0,7.0,0.0,8.0,7.0,0.0,21.0,44.0,31.0,0.0,6.0,28.0,0.0,0.0,42.0,0.0,12.0,27.0,121.0,28.0,7.0,35.0,50.0,0.0,4.0,6.0,58.0,13.0,54.0,4.0,7.0,9.0,43.0,11.0,18.0,93.0,10.0,130.0,0.0,169.0,0.0,12.0,0.0,0.0,0.0,0.0,,,,,,,,,,,,,,,,,,,,,,,,,,,,,,,,,,,,,,,,,,,,,,,,,,,,,,,,,,,,,,,,,,,,,,,,,,,,,,,,,,,,,,
175,26.0,3.0,10.0,9.0,7.0,39.0,15.0,0.0,28.0,11.0,15.0,9.0,14.0,11.0,11.0,23.0,18.0,0.0,17.0,78.0,0.0,32.0,26.0,10.0,4.0,3.0,0.0,0.0,0.0,60.0,34.0,41.0,0.0,0.0,46.0,0.0,0.0,28.0,61.0,124.0,158.0,6.0,0.0,22.0,56.0,305.0,25.0,28.0,15.0,44.0,10.0,0.0,,,,,,,,,,,,,,,,,,,,,,,,,,,,,,,,,,,,,,,,,,,,,,,,,,,,,,,,,,,,,,,,,,,,,,,,,,,,,,,,,,,,,
176,10.0,19.0,1.0,4.0,13.0,0.0,16.0,3.0,28.0,4.0,6.0,21.0,35.0,17.0,6.0,0.0,21.0,0.0,0.0,5.0,0.0,0.0,0.0,0.0,0.0,,,,,,,,,,,,,,,,,,,,,,,,,,,,,,,,,,,,,,,,,,,,,,,,,,,,,,,,,,,,,,,,,,,,,,,,,,,,,,,,,,,,,,,,,,,,,,,,,,,,,,,,,,,,,,,,
177,23.0,0.0,60.0,4.0,31.0,0.0,39.0,5.0,13.0,53.0,29.0,9.0,8.0,15.0,23.0,9.0,25.0,32.0,14.0,0.0,0.0,21.0,54.0,0.0,22.0,30.0,109.0,63.0,39.0,0.0,30.0,196.0,110.0,73.0,51.0,138.0,50.0,17.0,13.0,0.0,0.0,198.0,95.0,140.0,115.0,0.0,119.0,0.0,,,,,,,,,,,,,,,,,,,,,,,,,,,,,,,,,,,,,,,,,,,,,,,,,,,,,,,,,,,,,,,,,,,,,,,,,,,,,,,,,,,,,,,,,
178,12.0,35.0,7.0,4.0,20.0,0.0,8.0,0.0,17.0,21.0,13.0,0.0,5.0,0.0,2.0,27.0,0.0,23.0,59.0,90.0,0.0,47.0,125.0,63.0,9.0,2.0,26.0,24.0,73.0,107.0,31.0,0.0,107.0,8.0,6.0,90.0,199.0,0.0,177.0,0.0,0.0,0.0,5.0,0.0,0.0,134.0,0.0,,,,,,,,,,,,,,,,,,,,,,,,,,,,,,,,,,,,,,,,,,,,,,,,,,,,,,,,,,,,,,,,,,,,,,,,,,,,,,,,,,,,,,,,,,
179,6.0,16.0,6.0,41.0,3.0,53.0,44.0,24.0,3.0,23.0,48.0,0.0,0.0,0.0,17.0,54.0,87.0,25.0,53.0,0.0,24.0,31.0,71.0,147.0,8.0,0.0,68.0,37.0,142.0,3.0,0.0,0.0,0.0,0.0,0.0,2.0,0.0,0.0,0.0,0.0,,,,,,,,,,,,,,,,,,,,,,,,,,,,,,,,,,,,,,,,,,,,,,,,,,,,,,,,,,,,,,,,,,,,,,,,,,,,,,,,,,,,,,,,,,,,,,,,,
180,40.0,12.0,0.0,11.0,12.0,0.0,12.0,17.0,4.0,0.0,1.0,8.0,27.0,45.0,50.0,16.0,12.0,19.0,10.0,34.0,38.0,0.0,75.0,82.0,0.0,48.0,0.0,69.0,32.0,48.0,4.0,15.0,0.0,0.0,97.0,10.0,168.0,14.0,48.0,,,,,,,,,,,,,,,,,,,,,,,,,,,,,,,,,,,,,,,,,,,,,,,,,,,,,,,,,,,,,,,,,,,,,,,,,,,,,,,,,,,,,,,,,,,,,,,,,,
181,23.0,7.0,0.0,23.0,25.0,33.0,0.0,13.0,29.0,10.0,2.0,31.0,18.0,41.0,0.0,10.0,7.0,40.0,0.0,148.0,0.0,198.0,114.0,21.0,1.0,150.0,91.0,0.0,88.0,62.0,0.0,18.0,,,,,,,,,,,,,,,,,,,,,,,,,,,,,,,,,,,,,,,,,,,,,,,,,,,,,,,,,,,,,,,,,,,,,,,,,,,,,,,,,,,,,,,,,,,,,,,,,,,,,,,,,
182,4.0,63.0,24.0,4.0,9.0,22.0,14.0,0.0,2.0,11.0,0.0,18.0,65.0,87.0,0.0,0.0,0.0,0.0,,,,,,,,,,,,,,,,,,,,,,,,,,,,,,,,,,,,,,,,,,,,,,,,,,,,,,,,,,,,,,,,,,,,,,,,,,,,,,,,,,,,,,,,,,,,,,,,,,,,,,,,,,,,,,,,,,,,,,,
183,7.0,30.0,13.0,5.0,0.0,20.0,70.0,16.0,14.0,21.0,106.0,31.0,0.0,58.0,31.0,0.0,107.0,21.0,2.0,6.0,0.0,50.0,35.0,123.0,31.0,16.0,20.0,56.0,24.0,70.0,27.0,263.0,4.0,0.0,4.0,14.0,7.0,0.0,0.0,100.0,11.0,0.0,351.0,9.0,44.0,12.0,0.0,1.0,0.0,26.0,24.0,11.0,70.0,17.0,0.0,,,,,,,,,,,,,,,,,,,,,,,,,,,,,,,,,,,,,,,,,,,,,,,,,,,,,,,,,,,,,,,,,,,,,,,,,,,,,,,,,,
184,8.0,40.0,6.0,0.0,0.0,5.0,39.0,19.0,51.0,1.0,0.0,0.0,95.0,12.0,8.0,26.0,8.0,0.0,56.0,6.0,17.0,30.0,79.0,9.0,8.0,8.0,11.0,20.0,0.0,20.0,0.0,17.0,0.0,0.0,0.0,0.0,,,,,,,,,,,,,,,,,,,,,,,,,,,,,,,,,,,,,,,,,,,,,,,,,,,,,,,,,,,,,,,,,,,,,,,,,,,,,,,,,,,,,,,,,,,,,,,,,,,,,
185,18.0,5.0,10.0,7.0,23.0,0.0,30.0,8.0,0.0,20.0,59.0,20.0,46.0,61.0,5.0,13.0,38.0,25.0,53.0,16.0,0.0,10.0,8.0,62.0,0.0,5.0,34.0,34.0,37.0,15.0,52.0,83.0,17.0,0.0,0.0,0.0,0.0,0.0,,,,,,,,,,,,,,,,,,,,,,,,,,,,,,,,,,,,,,,,,,,,,,,,,,,,,,,,,,,,,,,,,,,,,,,,,,,,,,,,,,,,,,,,,,,,,,,,,,,
186,7.0,9.0,29.0,0.0,0.0,7.0,32.0,4.0,4.0,11.0,6.0,30.0,3.0,53.0,59.0,8.0,0.0,0.0,40.0,0.0,2.0,9.0,1.0,0.0,0.0,9.0,0.0,6.0,6.0,14.0,0.0,22.0,0.0,73.0,6.0,22.0,81.0,5.0,47.0,9.0,0.0,0.0,4.0,0.0,7.0,0.0,0.0,0.0,0.0,0.0,0.0,0.0,,,,,,,,,,,,,,,,,,,,,,,,,,,,,,,,,,,,,,,,,,,,,,,,,,,,,,,,,,,,,,,,,,,,,,,,,,,,,,,,,,,,,
187,10.0,17.0,30.0,11.0,0.0,6.0,24.0,13.0,0.0,21.0,16.0,0.0,22.0,0.0,0.0,0.0,10.0,148.0,0.0,10.0,85.0,0.0,52.0,48.0,0.0,0.0,31.0,46.0,23.0,33.0,7.0,56.0,0.0,46.0,0.0,26.0,123.0,59.0,123.0,28.0,8.0,0.0,0.0,0.0,0.0,0.0,0.0,5.0,0.0,0.0,0.0,0.0,0.0,0.0,0.0,0.0,0.0,0.0,0.0,0.0,0.0,,,,,,,,,,,,,,,,,,,,,,,,,,,,,,,,,,,,,,,,,,,,,,,,,,,,,,,,,,,,,,,,,,,,,,,,,,,,
188,13.0,23.0,11.0,15.0,1.0,19.0,13.0,9.0,15.0,8.0,0.0,18.0,33.0,0.0,27.0,26.0,49.0,0.0,18.0,0.0,0.0,90.0,0.0,22.0,0.0,0.0,8.0,0.0,21.0,48.0,0.0,147.0,0.0,53.0,15.0,5.0,60.0,0.0,45.0,44.0,79.0,34.0,10.0,30.0,0.0,0.0,0.0,0.0,0.0,30.0,0.0,2.0,28.0,12.0,0.0,62.0,0.0,65.0,0.0,42.0,0.0,166.0,0.0,0.0,,,,,,,,,,,,,,,,,,,,,,,,,,,,,,,,,,,,,,,,,,,,,,,,,,,,,,,,,,,,,,,,,,,,,,,,,
189,0.0,13.0,23.0,8.0,12.0,32.0,15.0,6.0,36.0,29.0,3.0,4.0,0.0,0.0,1.0,3.0,0.0,33.0,0.0,4.0,1.0,32.0,0.0,0.0,39.0,6.0,0.0,2.0,1.0,0.0,2.0,0.0,0.0,0.0,0.0,0.0,0.0,0.0,,,,,,,,,,,,,,,,,,,,,,,,,,,,,,,,,,,,,,,,,,,,,,,,,,,,,,,,,,,,,,,,,,,,,,,,,,,,,,,,,,,,,,,,,,,,,,,,,,,
190,13.0,0.0,3.0,19.0,14.0,3.0,11.0,33.0,37.0,0.0,0.0,0.0,20.0,0.0,4.0,11.0,2.0,0.0,0.0,32.0,0.0,12.0,22.0,5.0,0.0,,,,,,,,,,,,,,,,,,,,,,,,,,,,,,,,,,,,,,,,,,,,,,,,,,,,,,,,,,,,,,,,,,,,,,,,,,,,,,,,,,,,,,,,,,,,,,,,,,,,,,,,,,,,,,,,
191,70.0,13.0,0.0,1.0,2.0,36.0,17.0,5.0,40.0,27.0,20.0,47.0,13.0,0.0,0.0,6.0,0.0,0.0,0.0,0.0,0.0,0.0,0.0,0.0,0.0,,,,,,,,,,,,,,,,,,,,,,,,,,,,,,,,,,,,,,,,,,,,,,,,,,,,,,,,,,,,,,,,,,,,,,,,,,,,,,,,,,,,,,,,,,,,,,,,,,,,,,,,,,,,,,,,
192,21.0,25.0,12.0,14.0,6.0,17.0,2.0,6.0,17.0,2.0,16.0,3.0,1.0,0.0,0.0,50.0,71.0,19.0,0.0,2.0,0.0,0.0,40.0,0.0,0.0,0.0,3.0,0.0,3.0,60.0,12.0,15.0,59.0,10.0,0.0,5.0,0.0,10.0,18.0,2.0,12.0,0.0,0.0,2.0,1.0,0.0,8.0,9.0,6.0,25.0,29.0,60.0,6.0,60.0,75.0,84.0,36.0,68.0,67.0,15.0,1.0,35.0,39.0,0.0,0.0,66.0,66.0,5.0,0.0,0.0,0.0,19.0,102.0,0.0,0.0,0.0,0.0,33.0,10.0,6.0,0.0,2.0,7.0,5.0,0.0,,,,,,,,,,,,,,,,,,,,,,,,,,,,,,,,,,,,,,,,,,,,,,,,,,,,
193,4.0,17.0,17.0,35.0,2.0,16.0,0.0,21.0,3.0,60.0,42.0,23.0,0.0,99.0,21.0,41.0,31.0,64.0,0.0,58.0,17.0,160.0,52.0,129.0,50.0,60.0,0.0,42.0,38.0,0.0,156.0,0.0,120.0,5.0,10.0,78.0,95.0,17.0,10.0,12.0,0.0,60.0,43.0,19.0,329.0,5.0,70.0,7.0,31.0,0.0,24.0,69.0,59.0,3.0,36.0,44.0,0.0,68.0,36.0,0.0,0.0,0.0,51.0,70.0,515.0,0.0,0.0,0.0,0.0,0.0,0.0,0.0,0.0,,,,,,,,,,,,,,,,,,,,,,,,,,,,,,,,,,,,,,,,,,,,,,,,,,,,,,,,,,,,,,,,
194,25.0,62.0,1.0,5.0,54.0,19.0,0.0,51.0,15.0,37.0,2.0,33.0,25.0,4.0,42.0,20.0,30.0,58.0,0.0,56.0,31.0,46.0,194.0,0.0,112.0,13.0,0.0,0.0,185.0,62.0,0.0,133.0,108.0,51.0,44.0,1.0,21.0,205.0,39.0,62.0,9.0,0.0,624.0,48.0,40.0,0.0,15.0,36.0,27.0,28.0,0.0,31.0,0.0,13.0,9.0,0.0,0.0,78.0,422.0,437.0,,,,,,,,,,,,,,,,,,,,,,,,,,,,,,,,,,,,,,,,,,,,,,,,,,,,,,,,,,,,,,,,,,,,,,,,,,,,,
195,9.0,37.0,10.0,5.0,0.0,18.0,6.0,2.0,0.0,16.0,0.0,18.0,15.0,7.0,0.0,1.0,1.0,10.0,0.0,0.0,6.0,0.0,0.0,0.0,7.0,0.0,0.0,0.0,0.0,0.0,0.0,0.0,0.0,0.0,0.0,,,,,,,,,,,,,,,,,,,,,,,,,,,,,,,,,,,,,,,,,,,,,,,,,,,,,,,,,,,,,,,,,,,,,,,,,,,,,,,,,,,,,,,,,,,,,,,,,,,,,,
196,35.0,22.0,21.0,62.0,16.0,37.0,21.0,19.0,0.0,17.0,5.0,5.0,36.0,0.0,43.0,0.0,121.0,23.0,0.0,82.0,0.0,58.0,14.0,42.0,63.0,75.0,90.0,20.0,0.0,0.0,0.0,77.0,90.0,23.0,0.0,0.0,47.0,0.0,16.0,23.0,0.0,0.0,328.0,0.0,,,,,,,,,,,,,,,,,,,,,,,,,,,,,,,,,,,,,,,,,,,,,,,,,,,,,,,,,,,,,,,,,,,,,,,,,,,,,,,,,,,,,,,,,,,,,
197,3.0,17.0,4.0,13.0,32.0,5.0,0.0,0.0,0.0,29.0,11.0,2.0,14.0,0.0,58.0,8.0,36.0,25.0,6.0,107.0,48.0,31.0,27.0,25.0,0.0,75.0,257.0,93.0,14.0,0.0,0.0,25.0,7.0,12.0,3.0,5.0,2.0,0.0,2.0,2.0,10.0,0.0,4.0,19.0,6.0,8.0,31.0,50.0,,,,,,,,,,,,,,,,,,,,,,,,,,,,,,,,,,,,,,,,,,,,,,,,,,,,,,,,,,,,,,,,,,,,,,,,,,,,,,,,,,,,,,,,,
198,12.0,55.0,24.0,16.0,10.0,20.0,31.0,2.0,19.0,35.0,5.0,32.0,0.0,0.0,4.0,82.0,16.0,19.0,30.0,33.0,45.0,21.0,58.0,157.0,14.0,256.0,138.0,43.0,91.0,97.0,43.0,65.0,0.0,36.0,0.0,205.0,119.0,11.0,7.0,4.0,0.0,8.0,17.0,81.0,7.0,0.0,40.0,9.0,41.0,65.0,20.0,7.0,64.0,39.0,14.0,0.0,65.0,3.0,180.0,18.0,0.0,0.0,5.0,1.0,0.0,0.0,0.0,0.0,48.0,0.0,0.0,,,,,,,,,,,,,,,,,,,,,,,,,,,,,,,,,,,,,,,,,,,,,,,,,,,,,,,,,,,,,,,,,,
199,0.0,21.0,41.0,6.0,7.0,10.0,0.0,6.0,2.0,7.0,17.0,1.0,18.0,0.0,0.0,0.0,20.0,8.0,0.0,7.0,0.0,15.0,11.0,0.0,5.0,9.0,8.0,2.0,8.0,6.0,0.0,4.0,36.0,0.0,0.0,0.0,14.0,13.0,5.0,27.0,17.0,0.0,12.0,7.0,139.0,96.0,74.0,60.0,86.0,86.0,0.0,8.0,518.0,14.0,16.0,11.0,143.0,102.0,16.0,24.0,357.0,0.0,0.0,288.0,0.0,6.0,24.0,7.0,0.0,0.0,0.0,0.0,0.0,0.0,0.0,0.0,0.0,,,,,,,,,,,,,,,,,,,,,,,,,,,,,,,,,,,,,,,,,,,,,,,,,,,,,,,,,,,,
200,35.0,0.0,13.0,1.0,3.0,0.0,15.0,8.0,21.0,21.0,24.0,0.0,10.0,3.0,239.0,389.0,0.0,57.0,155.0,39.0,204.0,41.0,152.0,,,,,,,,,,,,,,,,,,,,,,,,,,,,,,,,,,,,,,,,,,,,,,,,,,,,,,,,,,,,,,,,,,,,,,,,,,,,,,,,,,,,,,,,,,,,,,,,,,,,,,,,,,,,,,,,,,
201,7.0,17.0,24.0,22.0,30.0,12.0,4.0,0.0,5.0,0.0,23.0,6.0,2.0,23.0,85.0,60.0,54.0,5.0,49.0,7.0,27.0,33.0,58.0,14.0,34.0,10.0,23.0,24.0,15.0,8.0,1.0,0.0,0.0,21.0,29.0,9.0,13.0,2.0,7.0,0.0,0.0,0.0,,,,,,,,,,,,,,,,,,,,,,,,,,,,,,,,,,,,,,,,,,,,,,,,,,,,,,,,,,,,,,,,,,,,,,,,,,,,,,,,,,,,,,,,,,,,,,,
202,3.0,34.0,7.0,23.0,0.0,20.0,13.0,8.0,0.0,9.0,0.0,49.0,12.0,2.0,5.0,20.0,11.0,12.0,30.0,27.0,17.0,20.0,0.0,0.0,0.0,50.0,0.0,22.0,16.0,8.0,49.0,17.0,42.0,0.0,34.0,0.0,184.0,0.0,10.0,0.0,0.0,,,,,,,,,,,,,,,,,,,,,,,,,,,,,,,,,,,,,,,,,,,,,,,,,,,,,,,,,,,,,,,,,,,,,,,,,,,,,,,,,,,,,,,,,,,,,,,,
203,47.0,0.0,27.0,19.0,18.0,11.0,12.0,16.0,66.0,0.0,16.0,18.0,1.0,125.0,0.0,18.0,1.0,25.0,0.0,13.0,8.0,0.0,10.0,19.0,0.0,29.0,0.0,5.0,2.0,2.0,2.0,0.0,7.0,15.0,0.0,0.0,34.0,9.0,4.0,37.0,27.0,14.0,88.0,41.0,120.0,43.0,5.0,114.0,45.0,0.0,0.0,6.0,0.0,60.0,17.0,0.0,0.0,6.0,65.0,129.0,90.0,76.0,0.0,25.0,0.0,90.0,0.0,80.0,87.0,0.0,65.0,3.0,0.0,115.0,68.0,0.0,91.0,225.0,61.0,240.0,5.0,0.0,,,,,,,,,,,,,,,,,,,,,,,,,,,,,,,,,,,,,,,,,,,,,,,,,,,,,,,
204,42.0,4.0,12.0,7.0,7.0,69.0,24.0,8.0,6.0,62.0,33.0,30.0,18.0,0.0,29.0,11.0,13.0,10.0,0.0,1.0,23.0,0.0,0.0,58.0,4.0,21.0,98.0,4.0,154.0,0.0,3.0,80.0,19.0,110.0,0.0,0.0,0.0,0.0,0.0,2.0,9.0,63.0,11.0,37.0,0.0,8.0,0.0,43.0,0.0,28.0,,,,,,,,,,,,,,,,,,,,,,,,,,,,,,,,,,,,,,,,,,,,,,,,,,,,,,,,,,,,,,,,,,,,,,,,,,,,,,,,,,,,,,,
205,20.0,11.0,6.0,14.0,23.0,1.0,28.0,31.0,54.0,0.0,0.0,0.0,0.0,0.0,38.0,128.0,88.0,0.0,26.0,0.0,4.0,37.0,0.0,9.0,12.0,3.0,0.0,55.0,8.0,5.0,5.0,0.0,32.0,13.0,0.0,0.0,0.0,0.0,22.0,8.0,0.0,525.0,33.0,0.0,0.0,0.0,29.0,0.0,0.0,0.0,,,,,,,,,,,,,,,,,,,,,,,,,,,,,,,,,,,,,,,,,,,,,,,,,,,,,,,,,,,,,,,,,,,,,,,,,,,,,,,,,,,,,,,
206,15.0,14.0,0.0,0.0,0.0,9.0,65.0,14.0,4.0,81.0,41.0,11.0,104.0,11.0,9.0,28.0,6.0,1.0,12.0,12.0,0.0,19.0,77.0,22.0,0.0,29.0,94.0,111.0,77.0,89.0,53.0,2.0,0.0,69.0,23.0,48.0,26.0,0.0,0.0,0.0,0.0,274.0,13.0,67.0,0.0,0.0,0.0,0.0,2.0,0.0,80.0,8.0,45.0,6.0,27.0,6.0,36.0,2.0,45.0,15.0,4.0,74.0,1.0,15.0,43.0,12.0,26.0,74.0,51.0,2.0,63.0,50.0,8.0,42.0,59.0,178.0,567.0,0.0,0.0,0.0,0.0,0.0,,,,,,,,,,,,,,,,,,,,,,,,,,,,,,,,,,,,,,,,,,,,,,,,,,,,,,,
207,32.0,58.0,16.0,23.0,5.0,0.0,5.0,27.0,7.0,22.0,12.0,0.0,2.0,0.0,5.0,14.0,17.0,10.0,6.0,0.0,0.0,0.0,0.0,0.0,0.0,9.0,12.0,0.0,32.0,0.0,34.0,4.0,7.0,0.0,0.0,4.0,21.0,71.0,33.0,21.0,0.0,6.0,0.0,0.0,140.0,95.0,0.0,0.0,243.0,0.0,0.0,18.0,0.0,0.0,0.0,0.0,0.0,150.0,673.0,14.0,0.0,0.0,0.0,67.0,36.0,17.0,0.0,0.0,768.0,17.0,0.0,21.0,0.0,0.0,4.0,0.0,0.0,38.0,0.0,788.0,0.0,155.0,0.0,0.0,0.0,0.0,855.0,0.0,0.0,0.0,0.0,61.0,0.0,125.0,27.0,314.0,46.0,0.0,0.0,16.0,4.0,10.0,90.0,106.0,3.0,165.0,94.0,82.0,0.0,0.0,0.0,0.0,0.0,0.0,818.0,102.0,482.0,0.0,212.0,0.0,0.0,919.0,0.0,0.0,0.0,0.0,,,,,,,,,,,
208,0.0,53.0,2.0,0.0,21.0,27.0,5.0,15.0,45.0,89.0,0.0,6.0,53.0,11.0,13.0,8.0,28.0,13.0,10.0,22.0,12.0,0.0,3.0,1.0,51.0,47.0,122.0,31.0,23.0,115.0,1.0,1.0,111.0,60.0,20.0,27.0,28.0,0.0,12.0,0.0,61.0,0.0,0.0,0.0,,,,,,,,,,,,,,,,,,,,,,,,,,,,,,,,,,,,,,,,,,,,,,,,,,,,,,,,,,,,,,,,,,,,,,,,,,,,,,,,,,,,,,,,,,,,,
209,12.0,4.0,10.0,2.0,22.0,7.0,10.0,0.0,4.0,0.0,0.0,1.0,5.0,0.0,0.0,2.0,4.0,0.0,2.0,0.0,16.0,0.0,0.0,6.0,0.0,0.0,0.0,0.0,5.0,0.0,0.0,0.0,0.0,0.0,0.0,0.0,0.0,0.0,0.0,0.0,0.0,0.0,0.0,0.0,0.0,,,,,,,,,,,,,,,,,,,,,,,,,,,,,,,,,,,,,,,,,,,,,,,,,,,,,,,,,,,,,,,,,,,,,,,,,,,,,,,,,,,,,,,,,,,,
210,29.0,0.0,0.0,7.0,32.0,27.0,9.0,17.0,16.0,0.0,5.0,34.0,2.0,21.0,0.0,0.0,33.0,13.0,22.0,73.0,71.0,22.0,19.0,0.0,2.0,92.0,0.0,0.0,9.0,30.0,1.0,0.0,4.0,0.0,24.0,3.0,20.0,6.0,0.0,46.0,2.0,0.0,5.0,92.0,5.0,0.0,0.0,0.0,0.0,6.0,21.0,23.0,14.0,11.0,51.0,0.0,2.0,0.0,0.0,0.0,304.0,0.0,2.0,5.0,3.0,0.0,9.0,17.0,11.0,60.0,0.0,65.0,3.0,0.0,0.0,1.0,1.0,3.0,0.0,2.0,6.0,,,,,,,,,,,,,,,,,,,,,,,,,,,,,,,,,,,,,,,,,,,,,,,,,,,,,,,,
211,0.0,6.0,6.0,20.0,8.0,55.0,45.0,39.0,6.0,7.0,0.0,3.0,0.0,0.0,9.0,11.0,0.0,40.0,4.0,0.0,17.0,8.0,117.0,0.0,5.0,14.0,6.0,0.0,11.0,7.0,0.0,0.0,0.0,0.0,0.0,,,,,,,,,,,,,,,,,,,,,,,,,,,,,,,,,,,,,,,,,,,,,,,,,,,,,,,,,,,,,,,,,,,,,,,,,,,,,,,,,,,,,,,,,,,,,,,,,,,,,,
212,2.0,52.0,20.0,6.0,39.0,0.0,26.0,11.0,8.0,19.0,12.0,7.0,5.0,3.0,0.0,35.0,0.0,0.0,24.0,22.0,5.0,24.0,14.0,107.0,0.0,18.0,0.0,4.0,163.0,38.0,0.0,129.0,0.0,0.0,0.0,,,,,,,,,,,,,,,,,,,,,,,,,,,,,,,,,,,,,,,,,,,,,,,,,,,,,,,,,,,,,,,,,,,,,,,,,,,,,,,,,,,,,,,,,,,,,,,,,,,,,,
213,28.0,58.0,2.0,8.0,6.0,11.0,8.0,13.0,0.0,39.0,0.0,0.0,2.0,29.0,6.0,0.0,16.0,6.0,0.0,0.0,0.0,58.0,43.0,1.0,6.0,5.0,0.0,15.0,0.0,12.0,0.0,6.0,55.0,12.0,0.0,0.0,2.0,12.0,23.0,34.0,0.0,0.0,6.0,92.0,0.0,0.0,2.0,0.0,1.0,0.0,0.0,0.0,0.0,0.0,0.0,0.0,0.0,,,,,,,,,,,,,,,,,,,,,,,,,,,,,,,,,,,,,,,,,,,,,,,,,,,,,,,,,,,,,,,,,,,,,,,,,,,,,,,,
214,26.0,7.0,3.0,5.0,0.0,0.0,11.0,30.0,0.0,182.0,12.0,17.0,91.0,0.0,69.0,54.0,13.0,26.0,114.0,0.0,82.0,0.0,31.0,0.0,665.0,31.0,215.0,227.0,0.0,0.0,0.0,346.0,0.0,164.0,1.0,0.0,0.0,0.0,0.0,0.0,0.0,,,,,,,,,,,,,,,,,,,,,,,,,,,,,,,,,,,,,,,,,,,,,,,,,,,,,,,,,,,,,,,,,,,,,,,,,,,,,,,,,,,,,,,,,,,,,,,,
215,34.0,16.0,27.0,22.0,0.0,23.0,23.0,16.0,9.0,0.0,20.0,13.0,97.0,33.0,60.0,1.0,37.0,28.0,82.0,5.0,0.0,11.0,7.0,0.0,0.0,39.0,18.0,29.0,10.0,221.0,63.0,0.0,323.0,0.0,23.0,29.0,161.0,0.0,0.0,0.0,0.0,0.0,0.0,0.0,0.0,0.0,114.0,0.0,8.0,0.0,0.0,0.0,0.0,0.0,0.0,0.0,,,,,,,,,,,,,,,,,,,,,,,,,,,,,,,,,,,,,,,,,,,,,,,,,,,,,,,,,,,,,,,,,,,,,,,,,,,,,,,,,
216,0.0,64.0,36.0,0.0,34.0,24.0,24.0,6.0,7.0,2.0,0.0,16.0,69.0,54.0,0.0,35.0,27.0,49.0,39.0,27.0,23.0,171.0,16.0,15.0,115.0,63.0,56.0,29.0,0.0,0.0,0.0,0.0,38.0,16.0,87.0,67.0,23.0,0.0,51.0,29.0,12.0,0.0,0.0,198.0,120.0,210.0,10.0,116.0,0.0,21.0,0.0,40.0,0.0,0.0,28.0,0.0,24.0,35.0,0.0,0.0,0.0,0.0,0.0,0.0,0.0,0.0,0.0,,,,,,,,,,,,,,,,,,,,,,,,,,,,,,,,,,,,,,,,,,,,,,,,,,,,,,,,,,,,,,,,,,,,,,
217,0.0,16.0,15.0,0.0,5.0,5.0,38.0,42.0,0.0,11.0,123.0,15.0,29.0,0.0,0.0,25.0,9.0,8.0,37.0,144.0,180.0,52.0,0.0,321.0,286.0,44.0,158.0,0.0,31.0,80.0,0.0,0.0,0.0,0.0,,,,,,,,,,,,,,,,,,,,,,,,,,,,,,,,,,,,,,,,,,,,,,,,,,,,,,,,,,,,,,,,,,,,,,,,,,,,,,,,,,,,,,,,,,,,,,,,,,,,,,,
218,0.0,46.0,0.0,4.0,37.0,4.0,24.0,17.0,8.0,13.0,18.0,15.0,71.0,9.0,46.0,25.0,70.0,6.0,45.0,0.0,20.0,0.0,49.0,0.0,35.0,50.0,0.0,17.0,59.0,0.0,0.0,0.0,39.0,4.0,144.0,0.0,,,,,,,,,,,,,,,,,,,,,,,,,,,,,,,,,,,,,,,,,,,,,,,,,,,,,,,,,,,,,,,,,,,,,,,,,,,,,,,,,,,,,,,,,,,,,,,,,,,,,
219,32.0,13.0,21.0,8.0,32.0,102.0,30.0,32.0,56.0,2.0,16.0,5.0,8.0,8.0,48.0,4.0,0.0,4.0,13.0,0.0,4.0,0.0,12.0,3.0,2.0,3.0,22.0,0.0,0.0,31.0,50.0,17.0,7.0,7.0,26.0,3.0,2.0,0.0,19.0,0.0,0.0,0.0,32.0,14.0,5.0,11.0,23.0,0.0,9.0,0.0,0.0,0.0,0.0,0.0,,,,,,,,,,,,,,,,,,,,,,,,,,,,,,,,,,,,,,,,,,,,,,,,,,,,,,,,,,,,,,,,,,,,,,,,,,,,,,,,,,,
220,51.0,13.0,20.0,15.0,10.0,25.0,38.0,1.0,56.0,13.0,0.0,6.0,65.0,0.0,4.0,0.0,109.0,0.0,7.0,0.0,119.0,0.0,,,,,,,,,,,,,,,,,,,,,,,,,,,,,,,,,,,,,,,,,,,,,,,,,,,,,,,,,,,,,,,,,,,,,,,,,,,,,,,,,,,,,,,,,,,,,,,,,,,,,,,,,,,,,,,,,,,
221,22.0,15.0,2.0,8.0,4.0,6.0,0.0,8.0,57.0,54.0,38.0,14.0,103.0,0.0,24.0,23.0,42.0,37.0,48.0,6.0,0.0,26.0,182.0,0.0,115.0,288.0,0.0,0.0,0.0,0.0,,,,,,,,,,,,,,,,,,,,,,,,,,,,,,,,,,,,,,,,,,,,,,,,,,,,,,,,,,,,,,,,,,,,,,,,,,,,,,,,,,,,,,,,,,,,,,,,,,,,,,,,,,,
222,0.0,0.0,19.0,36.0,6.0,11.0,11.0,44.0,41.0,13.0,23.0,1.0,19.0,8.0,0.0,0.0,75.0,25.0,32.0,8.0,0.0,15.0,25.0,0.0,39.0,10.0,9.0,15.0,2.0,3.0,322.0,0.0,83.0,0.0,0.0,0.0,0.0,,,,,,,,,,,,,,,,,,,,,,,,,,,,,,,,,,,,,,,,,,,,,,,,,,,,,,,,,,,,,,,,,,,,,,,,,,,,,,,,,,,,,,,,,,,,,,,,,,,,
223,33.0,3.0,16.0,23.0,34.0,10.0,6.0,0.0,11.0,0.0,34.0,48.0,40.0,10.0,15.0,6.0,85.0,36.0,3.0,36.0,115.0,34.0,2.0,58.0,145.0,50.0,0.0,29.0,2.0,0.0,12.0,50.0,21.0,35.0,16.0,53.0,42.0,55.0,75.0,47.0,39.0,,,,,,,,,,,,,,,,,,,,,,,,,,,,,,,,,,,,,,,,,,,,,,,,,,,,,,,,,,,,,,,,,,,,,,,,,,,,,,,,,,,,,,,,,,,,,,,,
224,7.0,18.0,28.0,5.0,3.0,5.0,47.0,17.0,19.0,1.0,49.0,10.0,1.0,16.0,23.0,42.0,0.0,12.0,38.0,2.0,0.0,27.0,7.0,27.0,54.0,0.0,0.0,31.0,0.0,1.0,76.0,31.0,0.0,17.0,0.0,0.0,41.0,9.0,4.0,0.0,13.0,62.0,27.0,0.0,0.0,0.0,0.0,0.0,29.0,0.0,0.0,153.0,0.0,0.0,0.0,37.0,0.0,292.0,0.0,,,,,,,,,,,,,,,,,,,,,,,,,,,,,,,,,,,,,,,,,,,,,,,,,,,,,,,,,,,,,,,,,,,,,,,,,,,,,,
225,57.0,2.0,8.0,43.0,7.0,28.0,19.0,51.0,0.0,13.0,1.0,4.0,1.0,9.0,1.0,23.0,13.0,36.0,17.0,10.0,12.0,3.0,0.0,0.0,0.0,0.0,11.0,0.0,0.0,1.0,0.0,0.0,0.0,0.0,0.0,,,,,,,,,,,,,,,,,,,,,,,,,,,,,,,,,,,,,,,,,,,,,,,,,,,,,,,,,,,,,,,,,,,,,,,,,,,,,,,,,,,,,,,,,,,,,,,,,,,,,,
226,33.0,16.0,5.0,20.0,14.0,0.0,25.0,15.0,2.0,36.0,6.0,0.0,32.0,10.0,0.0,0.0,12.0,21.0,31.0,19.0,13.0,4.0,0.0,0.0,25.0,24.0,19.0,18.0,19.0,0.0,,,,,,,,,,,,,,,,,,,,,,,,,,,,,,,,,,,,,,,,,,,,,,,,,,,,,,,,,,,,,,,,,,,,,,,,,,,,,,,,,,,,,,,,,,,,,,,,,,,,,,,,,,,
227,30.0,17.0,13.0,27.0,14.0,19.0,19.0,21.0,0.0,47.0,30.0,0.0,9.0,151.0,0.0,46.0,0.0,0.0,23.0,16.0,19.0,18.0,0.0,0.0,0.0,26.0,0.0,24.0,13.0,1.0,0.0,,,,,,,,,,,,,,,,,,,,,,,,,,,,,,,,,,,,,,,,,,,,,,,,,,,,,,,,,,,,,,,,,,,,,,,,,,,,,,,,,,,,,,,,,,,,,,,,,,,,,,,,,,
228,16.0,0.0,8.0,23.0,17.0,5.0,47.0,26.0,2.0,12.0,38.0,1.0,46.0,3.0,16.0,22.0,60.0,34.0,0.0,15.0,3.0,10.0,2.0,0.0,33.0,17.0,10.0,0.0,0.0,56.0,21.0,18.0,22.0,33.0,,,,,,,,,,,,,,,,,,,,,,,,,,,,,,,,,,,,,,,,,,,,,,,,,,,,,,,,,,,,,,,,,,,,,,,,,,,,,,,,,,,,,,,,,,,,,,,,,,,,,,,
229,0.0,8.0,0.0,5.0,33.0,3.0,8.0,9.0,17.0,16.0,137.0,4.0,0.0,60.0,64.0,25.0,0.0,34.0,141.0,0.0,0.0,5.0,295.0,0.0,142.0,114.0,114.0,85.0,0.0,562.0,391.0,112.0,,,,,,,,,,,,,,,,,,,,,,,,,,,,,,,,,,,,,,,,,,,,,,,,,,,,,,,,,,,,,,,,,,,,,,,,,,,,,,,,,,,,,,,,,,,,,,,,,,,,,,,,,
230,1.0,15.0,12.0,22.0,16.0,29.0,18.0,6.0,0.0,6.0,83.0,6.0,8.0,0.0,3.0,10.0,35.0,0.0,38.0,34.0,2.0,35.0,160.0,92.0,39.0,0.0,11.0,73.0,60.0,0.0,5.0,207.0,0.0,57.0,90.0,88.0,4.0,12.0,25.0,77.0,3.0,42.0,63.0,25.0,0.0,7.0,0.0,0.0,7.0,18.0,3.0,0.0,0.0,28.0,58.0,11.0,148.0,48.0,7.0,6.0,61.0,42.0,0.0,18.0,0.0,102.0,0.0,137.0,109.0,0.0,4.0,158.0,0.0,0.0,0.0,0.0,0.0,0.0,0.0,0.0,0.0,0.0,0.0,0.0,0.0,0.0,0.0,0.0,0.0,0.0,0.0,0.0,0.0,0.0,0.0,0.0,0.0,0.0,0.0,0.0,0.0,0.0,0.0,0.0,0.0,0.0,0.0,0.0,0.0,,,,,,,,,,,,,,,,,,,,,,,,,,,,
231,41.0,10.0,37.0,0.0,12.0,6.0,8.0,20.0,12.0,9.0,30.0,10.0,10.0,0.0,31.0,7.0,10.0,13.0,79.0,8.0,65.0,9.0,11.0,5.0,0.0,0.0,0.0,17.0,0.0,0.0,0.0,0.0,277.0,110.0,0.0,0.0,48.0,0.0,0.0,0.0,0.0,0.0,0.0,,,,,,,,,,,,,,,,,,,,,,,,,,,,,,,,,,,,,,,,,,,,,,,,,,,,,,,,,,,,,,,,,,,,,,,,,,,,,,,,,,,,,,,,,,,,,,
232,43.0,7.0,23.0,0.0,30.0,3.0,55.0,28.0,27.0,9.0,10.0,0.0,48.0,115.0,41.0,68.0,13.0,3.0,16.0,13.0,1.0,0.0,25.0,26.0,45.0,77.0,18.0,0.0,16.0,0.0,18.0,85.0,24.0,2.0,0.0,0.0,9.0,1.0,32.0,0.0,27.0,0.0,0.0,0.0,0.0,8.0,0.0,0.0,6.0,0.0,3.0,20.0,0.0,0.0,0.0,0.0,0.0,6.0,0.0,0.0,0.0,0.0,3.0,0.0,0.0,,,,,,,,,,,,,,,,,,,,,,,,,,,,,,,,,,,,,,,,,,,,,,,,,,,,,,,,,,,,,,,,,,,,,,,,
233,29.0,27.0,17.0,12.0,8.0,9.0,69.0,23.0,0.0,6.0,27.0,0.0,0.0,27.0,0.0,17.0,6.0,4.0,2.0,11.0,15.0,82.0,11.0,0.0,1.0,6.0,0.0,18.0,18.0,7.0,12.0,13.0,13.0,0.0,8.0,12.0,0.0,11.0,0.0,15.0,0.0,6.0,14.0,3.0,0.0,6.0,0.0,9.0,0.0,1.0,0.0,0.0,0.0,0.0,0.0,0.0,0.0,9.0,0.0,,,,,,,,,,,,,,,,,,,,,,,,,,,,,,,,,,,,,,,,,,,,,,,,,,,,,,,,,,,,,,,,,,,,,,,,,,,,,,
234,47.0,23.0,2.0,38.0,10.0,6.0,5.0,1.0,31.0,91.0,0.0,37.0,3.0,15.0,26.0,13.0,0.0,12.0,18.0,90.0,144.0,24.0,189.0,0.0,86.0,12.0,0.0,0.0,0.0,26.0,2.0,125.0,209.0,4.0,91.0,68.0,99.0,255.0,0.0,77.0,78.0,30.0,29.0,9.0,0.0,0.0,,,,,,,,,,,,,,,,,,,,,,,,,,,,,,,,,,,,,,,,,,,,,,,,,,,,,,,,,,,,,,,,,,,,,,,,,,,,,,,,,,,,,,,,,,,
235,10.0,22.0,19.0,29.0,10.0,48.0,33.0,17.0,20.0,0.0,22.0,43.0,91.0,61.0,66.0,6.0,6.0,49.0,5.0,1.0,0.0,15.0,20.0,1.0,11.0,0.0,3.0,21.0,0.0,0.0,6.0,0.0,44.0,25.0,8.0,51.0,104.0,4.0,3.0,0.0,0.0,0.0,1.0,5.0,20.0,45.0,25.0,23.0,22.0,0.0,0.0,13.0,41.0,0.0,6.0,26.0,97.0,26.0,3.0,12.0,0.0,122.0,0.0,0.0,0.0,298.0,239.0,162.0,10.0,74.0,91.0,9.0,55.0,23.0,2.0,0.0,13.0,55.0,54.0,84.0,41.0,3.0,48.0,0.0,,,,,,,,,,,,,,,,,,,,,,,,,,,,,,,,,,,,,,,,,,,,,,,,,,,,,
236,14.0,47.0,16.0,9.0,21.0,4.0,3.0,35.0,18.0,42.0,6.0,25.0,0.0,0.0,0.0,3.0,12.0,39.0,3.0,34.0,4.0,23.0,0.0,11.0,0.0,0.0,46.0,7.0,1.0,4.0,3.0,0.0,0.0,0.0,0.0,0.0,0.0,0.0,0.0,0.0,0.0,0.0,0.0,0.0,8.0,0.0,0.0,0.0,0.0,0.0,0.0,0.0,0.0,0.0,,,,,,,,,,,,,,,,,,,,,,,,,,,,,,,,,,,,,,,,,,,,,,,,,,,,,,,,,,,,,,,,,,,,,,,,,,,,,,,,,,,
237,13.0,28.0,51.0,39.0,10.0,20.0,2.0,15.0,0.0,7.0,4.0,32.0,37.0,19.0,10.0,5.0,0.0,64.0,0.0,5.0,12.0,42.0,1.0,0.0,8.0,0.0,0.0,8.0,0.0,1.0,2.0,0.0,0.0,0.0,,,,,,,,,,,,,,,,,,,,,,,,,,,,,,,,,,,,,,,,,,,,,,,,,,,,,,,,,,,,,,,,,,,,,,,,,,,,,,,,,,,,,,,,,,,,,,,,,,,,,,,
238,25.0,28.0,35.0,0.0,19.0,57.0,0.0,8.0,87.0,34.0,29.0,53.0,15.0,3.0,20.0,60.0,3.0,0.0,54.0,0.0,50.0,9.0,0.0,0.0,9.0,0.0,0.0,0.0,33.0,30.0,212.0,46.0,16.0,7.0,96.0,19.0,0.0,0.0,16.0,9.0,0.0,0.0,14.0,0.0,20.0,0.0,186.0,35.0,65.0,9.0,0.0,6.0,3.0,6.0,0.0,44.0,0.0,0.0,0.0,300.0,253.0,1.0,0.0,0.0,0.0,0.0,139.0,0.0,0.0,1.0,0.0,0.0,,,,,,,,,,,,,,,,,,,,,,,,,,,,,,,,,,,,,,,,,,,,,,,,,,,,,,,,,,,,,,,,,
239,27.0,3.0,9.0,11.0,0.0,30.0,8.0,0.0,27.0,17.0,19.0,22.0,0.0,0.0,16.0,46.0,6.0,5.0,7.0,11.0,6.0,15.0,29.0,52.0,1.0,0.0,27.0,2.0,5.0,25.0,0.0,6.0,15.0,6.0,191.0,16.0,0.0,3.0,8.0,36.0,40.0,0.0,0.0,444.0,23.0,0.0,0.0,0.0,0.0,0.0,0.0,0.0,0.0,0.0,0.0,,,,,,,,,,,,,,,,,,,,,,,,,,,,,,,,,,,,,,,,,,,,,,,,,,,,,,,,,,,,,,,,,,,,,,,,,,,,,,,,,,
240,28.0,27.0,12.0,26.0,25.0,49.0,19.0,0.0,91.0,0.0,12.0,129.0,16.0,13.0,17.0,24.0,0.0,5.0,2.0,50.0,37.0,0.0,0.0,0.0,4.0,16.0,29.0,3.0,0.0,20.0,28.0,10.0,26.0,28.0,0.0,0.0,0.0,0.0,0.0,0.0,0.0,0.0,18.0,12.0,0.0,25.0,0.0,4.0,0.0,1.0,4.0,0.0,2.0,4.0,0.0,1.0,0.0,0.0,0.0,0.0,0.0,0.0,0.0,0.0,0.0,0.0,0.0,0.0,,,,,,,,,,,,,,,,,,,,,,,,,,,,,,,,,,,,,,,,,,,,,,,,,,,,,,,,,,,,,,,,,,,,,
241,2.0,17.0,27.0,8.0,0.0,0.0,18.0,34.0,9.0,12.0,3.0,0.0,2.0,0.0,9.0,24.0,1.0,9.0,19.0,0.0,28.0,12.0,25.0,6.0,0.0,6.0,11.0,10.0,0.0,18.0,13.0,22.0,5.0,0.0,29.0,14.0,9.0,15.0,5.0,1.0,4.0,2.0,8.0,0.0,0.0,0.0,0.0,4.0,0.0,0.0,8.0,0.0,6.0,9.0,4.0,0.0,0.0,0.0,0.0,0.0,0.0,0.0,0.0,0.0,0.0,0.0,0.0,0.0,0.0,0.0,0.0,0.0,0.0,0.0,0.0,,,,,,,,,,,,,,,,,,,,,,,,,,,,,,,,,,,,,,,,,,,,,,,,,,,,,,,,,,,,,,
242,12.0,18.0,55.0,14.0,30.0,6.0,26.0,0.0,55.0,11.0,36.0,47.0,23.0,3.0,25.0,54.0,79.0,0.0,23.0,16.0,0.0,14.0,35.0,105.0,179.0,50.0,287.0,117.0,19.0,116.0,12.0,0.0,0.0,0.0,0.0,0.0,0.0,0.0,0.0,0.0,0.0,0.0,0.0,,,,,,,,,,,,,,,,,,,,,,,,,,,,,,,,,,,,,,,,,,,,,,,,,,,,,,,,,,,,,,,,,,,,,,,,,,,,,,,,,,,,,,,,,,,,,,
243,16.0,32.0,30.0,2.0,46.0,19.0,34.0,31.0,42.0,5.0,64.0,14.0,19.0,18.0,8.0,11.0,26.0,52.0,17.0,0.0,65.0,1.0,0.0,19.0,0.0,6.0,0.0,0.0,0.0,42.0,175.0,0.0,21.0,23.0,0.0,38.0,120.0,2.0,37.0,3.0,29.0,117.0,135.0,101.0,139.0,88.0,46.0,0.0,0.0,0.0,0.0,13.0,72.0,76.0,35.0,112.0,88.0,0.0,0.0,0.0,124.0,0.0,17.0,5.0,64.0,0.0,0.0,,,,,,,,,,,,,,,,,,,,,,,,,,,,,,,,,,,,,,,,,,,,,,,,,,,,,,,,,,,,,,,,,,,,,,
244,16.0,16.0,11.0,31.0,9.0,5.0,1.0,0.0,0.0,28.0,16.0,23.0,0.0,52.0,8.0,15.0,47.0,149.0,21.0,12.0,89.0,31.0,0.0,20.0,13.0,5.0,11.0,18.0,0.0,0.0,6.0,0.0,5.0,2.0,0.0,2.0,12.0,0.0,0.0,0.0,0.0,,,,,,,,,,,,,,,,,,,,,,,,,,,,,,,,,,,,,,,,,,,,,,,,,,,,,,,,,,,,,,,,,,,,,,,,,,,,,,,,,,,,,,,,,,,,,,,,
245,0.0,14.0,17.0,22.0,2.0,19.0,6.0,0.0,22.0,179.0,55.0,6.0,163.0,0.0,306.0,0.0,0.0,27.0,33.0,80.0,29.0,0.0,0.0,23.0,87.0,21.0,153.0,7.0,14.0,29.0,2.0,0.0,7.0,,,,,,,,,,,,,,,,,,,,,,,,,,,,,,,,,,,,,,,,,,,,,,,,,,,,,,,,,,,,,,,,,,,,,,,,,,,,,,,,,,,,,,,,,,,,,,,,,,,,,,,,
246,23.0,12.0,40.0,22.0,0.0,6.0,0.0,10.0,21.0,15.0,26.0,29.0,0.0,24.0,33.0,12.0,0.0,117.0,56.0,31.0,0.0,139.0,101.0,22.0,0.0,37.0,37.0,55.0,0.0,15.0,0.0,56.0,0.0,4.0,32.0,199.0,251.0,0.0,230.0,75.0,236.0,413.0,22.0,,,,,,,,,,,,,,,,,,,,,,,,,,,,,,,,,,,,,,,,,,,,,,,,,,,,,,,,,,,,,,,,,,,,,,,,,,,,,,,,,,,,,,,,,,,,,,
247,4.0,14.0,4.0,4.0,29.0,8.0,9.0,0.0,0.0,0.0,0.0,5.0,3.0,2.0,13.0,0.0,112.0,31.0,12.0,0.0,4.0,0.0,31.0,0.0,14.0,0.0,0.0,0.0,18.0,13.0,10.0,38.0,8.0,9.0,8.0,19.0,,,,,,,,,,,,,,,,,,,,,,,,,,,,,,,,,,,,,,,,,,,,,,,,,,,,,,,,,,,,,,,,,,,,,,,,,,,,,,,,,,,,,,,,,,,,,,,,,,,,,
248,19.0,0.0,19.0,3.0,47.0,22.0,13.0,26.0,11.0,0.0,29.0,0.0,0.0,29.0,52.0,7.0,63.0,27.0,20.0,44.0,46.0,14.0,6.0,44.0,0.0,3.0,8.0,0.0,9.0,12.0,8.0,0.0,24.0,48.0,0.0,1.0,6.0,14.0,22.0,0.0,17.0,2.0,24.0,17.0,506.0,8.0,22.0,32.0,57.0,26.0,36.0,73.0,24.0,71.0,89.0,0.0,0.0,57.0,38.0,0.0,0.0,0.0,103.0,10.0,,,,,,,,,,,,,,,,,,,,,,,,,,,,,,,,,,,,,,,,,,,,,,,,,,,,,,,,,,,,,,,,,,,,,,,,,
249,34.0,0.0,33.0,0.0,39.0,0.0,36.0,47.0,21.0,14.0,26.0,17.0,0.0,0.0,134.0,98.0,0.0,53.0,11.0,0.0,12.0,8.0,7.0,9.0,17.0,46.0,14.0,15.0,0.0,0.0,7.0,0.0,4.0,4.0,11.0,5.0,17.0,23.0,0.0,5.0,0.0,0.0,0.0,15.0,19.0,0.0,9.0,8.0,22.0,0.0,0.0,0.0,0.0,0.0,0.0,0.0,1.0,0.0,0.0,0.0,11.0,0.0,0.0,2.0,0.0,0.0,0.0,23.0,0.0,,,,,,,,,,,,,,,,,,,,,,,,,,,,,,,,,,,,,,,,,,,,,,,,,,,,,,,,,,,,,,,,,,,,
250,10.0,8.0,24.0,1.0,14.0,17.0,0.0,17.0,8.0,10.0,21.0,40.0,16.0,18.0,13.0,11.0,8.0,52.0,88.0,1.0,30.0,84.0,50.0,24.0,163.0,26.0,153.0,78.0,287.0,72.0,0.0,19.0,19.0,5.0,92.0,18.0,,,,,,,,,,,,,,,,,,,,,,,,,,,,,,,,,,,,,,,,,,,,,,,,,,,,,,,,,,,,,,,,,,,,,,,,,,,,,,,,,,,,,,,,,,,,,,,,,,,,,
251,13.0,34.0,19.0,17.0,14.0,29.0,12.0,15.0,0.0,31.0,0.0,25.0,0.0,5.0,0.0,8.0,8.0,21.0,31.0,0.0,0.0,4.0,0.0,0.0,0.0,0.0,0.0,0.0,0.0,0.0,0.0,0.0,0.0,0.0,,,,,,,,,,,,,,,,,,,,,,,,,,,,,,,,,,,,,,,,,,,,,,,,,,,,,,,,,,,,,,,,,,,,,,,,,,,,,,,,,,,,,,,,,,,,,,,,,,,,,,,
252,7.0,25.0,18.0,7.0,22.0,31.0,59.0,26.0,72.0,20.0,25.0,38.0,27.0,1.0,0.0,25.0,13.0,3.0,0.0,69.0,8.0,3.0,41.0,13.0,48.0,0.0,0.0,0.0,0.0,0.0,110.0,111.0,25.0,0.0,0.0,118.0,0.0,0.0,24.0,0.0,0.0,0.0,0.0,0.0,0.0,0.0,0.0,0.0,0.0,0.0,0.0,0.0,,,,,,,,,,,,,,,,,,,,,,,,,,,,,,,,,,,,,,,,,,,,,,,,,,,,,,,,,,,,,,,,,,,,,,,,,,,,,,,,,,,,,
253,23.0,49.0,11.0,13.0,12.0,0.0,32.0,24.0,28.0,0.0,14.0,12.0,1.0,9.0,64.0,0.0,113.0,0.0,105.0,8.0,0.0,0.0,126.0,69.0,0.0,0.0,0.0,,,,,,,,,,,,,,,,,,,,,,,,,,,,,,,,,,,,,,,,,,,,,,,,,,,,,,,,,,,,,,,,,,,,,,,,,,,,,,,,,,,,,,,,,,,,,,,,,,,,,,,,,,,,,,
254,24.0,16.0,28.0,0.0,0.0,24.0,28.0,0.0,18.0,2.0,8.0,22.0,32.0,26.0,0.0,43.0,13.0,189.0,28.0,16.0,26.0,0.0,2.0,80.0,11.0,14.0,5.0,16.0,10.0,69.0,62.0,71.0,31.0,59.0,84.0,135.0,327.0,72.0,24.0,52.0,,,,,,,,,,,,,,,,,,,,,,,,,,,,,,,,,,,,,,,,,,,,,,,,,,,,,,,,,,,,,,,,,,,,,,,,,,,,,,,,,,,,,,,,,,,,,,,,,
255,5.0,9.0,27.0,12.0,6.0,13.0,28.0,17.0,11.0,0.0,67.0,3.0,29.0,19.0,56.0,10.0,6.0,17.0,50.0,0.0,37.0,16.0,3.0,11.0,0.0,74.0,0.0,100.0,0.0,19.0,72.0,44.0,33.0,40.0,0.0,3.0,1.0,0.0,14.0,0.0,0.0,41.0,0.0,0.0,12.0,68.0,42.0,0.0,352.0,0.0,65.0,158.0,0.0,0.0,0.0,0.0,0.0,0.0,,,,,,,,,,,,,,,,,,,,,,,,,,,,,,,,,,,,,,,,,,,,,,,,,,,,,,,,,,,,,,,,,,,,,,,,,,,,,,,
256,19.0,0.0,0.0,14.0,4.0,21.0,26.0,0.0,5.0,22.0,10.0,49.0,20.0,0.0,9.0,62.0,16.0,38.0,18.0,146.0,138.0,73.0,96.0,199.0,12.0,60.0,104.0,38.0,74.0,0.0,106.0,139.0,7.0,97.0,0.0,6.0,0.0,24.0,39.0,384.0,,,,,,,,,,,,,,,,,,,,,,,,,,,,,,,,,,,,,,,,,,,,,,,,,,,,,,,,,,,,,,,,,,,,,,,,,,,,,,,,,,,,,,,,,,,,,,,,,
257,18.0,0.0,16.0,34.0,30.0,0.0,1.0,0.0,12.0,51.0,21.0,22.0,6.0,15.0,0.0,5.0,29.0,50.0,14.0,15.0,53.0,0.0,22.0,11.0,0.0,23.0,7.0,5.0,4.0,9.0,0.0,0.0,12.0,13.0,1.0,47.0,145.0,2.0,0.0,38.0,0.0,6.0,367.0,20.0,0.0,0.0,6.0,0.0,107.0,0.0,0.0,0.0,0.0,0.0,0.0,0.0,0.0,0.0,0.0,,,,,,,,,,,,,,,,,,,,,,,,,,,,,,,,,,,,,,,,,,,,,,,,,,,,,,,,,,,,,,,,,,,,,,,,,,,,,,
258,0.0,3.0,0.0,0.0,0.0,1.0,0.0,0.0,0.0,0.0,0.0,0.0,0.0,0.0,0.0,0.0,0.0,0.0,0.0,2.0,0.0,0.0,0.0,0.0,0.0,0.0,0.0,0.0,0.0,0.0,0.0,0.0,0.0,0.0,0.0,0.0,0.0,0.0,0.0,1.0,0.0,0.0,0.0,0.0,0.0,0.0,0.0,0.0,,,,,,,,,,,,,,,,,,,,,,,,,,,,,,,,,,,,,,,,,,,,,,,,,,,,,,,,,,,,,,,,,,,,,,,,,,,,,,,,,,,,,,,,,
