,0,1,2,3,4,5,6,7,8,9,10,11,12,13,14,15,16,17,18,19,20,21,22,23,24,25,26,27,28,29,30,31,32,33,34,35,36,37,38,39,40,41,42,43,44,45,46,47,48,49,50,51,52,53,54,55,56,57,58,59,60,61,62,63,64,65,66,67,68,69,70,71,72,73,74,75,76,77,78,79,80,81,82,83,84,85,86,87,88,89,90,91,92,93,94,95,96,97,98,99,100,101,102,103,104,105,106,107,108,109,110,111,112
0,29.0,24.0,1.0,6.0,33.0,0.0,12.0,0.0,8.0,4.0,5.0,30.0,60.0,40.0,9.0,21.0,16.0,0.0,8.0,88.0,0.0,1.0,0.0,77.0,47.0,18.0,11.0,13.0,0.0,57.0,113.0,0.0,0.0,0.0,76.0,29.0,0.0,128.0,19.0,0.0,11.0,23.0,4.0,0.0,12.0,17.0,12.0,6.0,0.0,0.0,0.0,0.0,0.0,0.0,0.0,,,,,,,,,,,,,,,,,,,,,,,,,,,,,,,,,,,,,,,,,,,,,,,,,,,,,,,,,,
1,13.0,0.0,0.0,5.0,0.0,19.0,13.0,20.0,25.0,19.0,0.0,10.0,0.0,13.0,27.0,0.0,10.0,33.0,15.0,7.0,15.0,44.0,18.0,0.0,0.0,68.0,0.0,0.0,0.0,7.0,0.0,14.0,10.0,8.0,23.0,0.0,0.0,0.0,0.0,0.0,0.0,8.0,0.0,2.0,,,,,,,,,,,,,,,,,,,,,,,,,,,,,,,,,,,,,,,,,,,,,,,,,,,,,,,,,,,,,,,,,,,,,
2,20.0,6.0,0.0,22.0,11.0,30.0,11.0,13.0,0.0,16.0,47.0,82.0,35.0,25.0,0.0,23.0,21.0,14.0,8.0,434.0,26.0,129.0,0.0,53.0,0.0,0.0,110.0,22.0,0.0,49.0,0.0,9.0,7.0,0.0,28.0,24.0,3.0,100.0,18.0,0.0,5.0,0.0,0.0,,,,,,,,,,,,,,,,,,,,,,,,,,,,,,,,,,,,,,,,,,,,,,,,,,,,,,,,,,,,,,,,,,,,,,
3,27.0,49.0,0.0,15.0,0.0,43.0,31.0,7.0,0.0,11.0,0.0,7.0,5.0,27.0,9.0,17.0,8.0,18.0,21.0,25.0,9.0,16.0,3.0,42.0,0.0,30.0,7.0,11.0,16.0,49.0,3.0,22.0,0.0,0.0,0.0,0.0,58.0,9.0,2.0,66.0,29.0,0.0,0.0,11.0,23.0,33.0,30.0,17.0,288.0,3.0,24.0,32.0,78.0,50.0,84.0,546.0,392.0,0.0,,,,,,,,,,,,,,,,,,,,,,,,,,,,,,,,,,,,,,,,,,,,,,,,,,,,,,,
4,22.0,30.0,15.0,21.0,17.0,3.0,0.0,22.0,20.0,0.0,12.0,7.0,0.0,1.0,3.0,20.0,32.0,0.0,3.0,22.0,0.0,9.0,0.0,6.0,0.0,0.0,2.0,8.0,13.0,12.0,16.0,0.0,16.0,0.0,0.0,39.0,0.0,,,,,,,,,,,,,,,,,,,,,,,,,,,,,,,,,,,,,,,,,,,,,,,,,,,,,,,,,,,,,,,,,,,,,,,,,,,,
5,3.0,21.0,11.0,18.0,0.0,17.0,32.0,9.0,9.0,0.0,20.0,23.0,5.0,4.0,69.0,0.0,0.0,0.0,0.0,14.0,3.0,0.0,0.0,12.0,5.0,17.0,33.0,1.0,9.0,4.0,1.0,29.0,13.0,14.0,15.0,4.0,0.0,0.0,0.0,0.0,0.0,0.0,0.0,0.0,0.0,,,,,,,,,,,,,,,,,,,,,,,,,,,,,,,,,,,,,,,,,,,,,,,,,,,,,,,,,,,,,,,,,,,,
6,15.0,43.0,13.0,21.0,8.0,0.0,16.0,11.0,0.0,32.0,4.0,8.0,8.0,43.0,28.0,9.0,19.0,0.0,8.0,28.0,43.0,5.0,20.0,15.0,37.0,108.0,130.0,9.0,29.0,0.0,135.0,0.0,33.0,162.0,0.0,42.0,87.0,0.0,23.0,37.0,20.0,11.0,0.0,0.0,0.0,0.0,0.0,175.0,6.0,0.0,0.0,0.0,11.0,,,,,,,,,,,,,,,,,,,,,,,,,,,,,,,,,,,,,,,,,,,,,,,,,,,,,,,,,,,,
7,7.0,32.0,5.0,0.0,4.0,23.0,17.0,2.0,1.0,7.0,1.0,9.0,6.0,13.0,6.0,26.0,14.0,20.0,19.0,5.0,4.0,10.0,0.0,27.0,67.0,104.0,86.0,6.0,5.0,0.0,0.0,5.0,0.0,13.0,0.0,65.0,24.0,0.0,94.0,2.0,1.0,0.0,0.0,0.0,0.0,0.0,0.0,0.0,0.0,0.0,0.0,0.0,0.0,0.0,0.0,0.0,0.0,0.0,0.0,0.0,0.0,0.0,0.0,0.0,,,,,,,,,,,,,,,,,,,,,,,,,,,,,,,,,,,,,,,,,,,,,,,,,
8,0.0,27.0,0.0,3.0,20.0,6.0,0.0,8.0,34.0,8.0,79.0,26.0,4.0,0.0,34.0,6.0,60.0,9.0,59.0,0.0,0.0,0.0,0.0,0.0,71.0,20.0,2.0,64.0,33.0,22.0,11.0,99.0,39.0,155.0,288.0,166.0,69.0,0.0,0.0,111.0,0.0,,,,,,,,,,,,,,,,,,,,,,,,,,,,,,,,,,,,,,,,,,,,,,,,,,,,,,,,,,,,,,,,,,,,,,,,
9,26.0,6.0,26.0,5.0,0.0,0.0,7.0,34.0,1.0,9.0,31.0,41.0,30.0,20.0,49.0,43.0,0.0,0.0,51.0,28.0,0.0,31.0,25.0,377.0,0.0,0.0,81.0,46.0,26.0,227.0,0.0,,,,,,,,,,,,,,,,,,,,,,,,,,,,,,,,,,,,,,,,,,,,,,,,,,,,,,,,,,,,,,,,,,,,,,,,,,,,,,,,,,
10,22.0,25.0,14.0,16.0,15.0,18.0,35.0,2.0,27.0,32.0,130.0,1.0,92.0,13.0,36.0,0.0,47.0,43.0,29.0,8.0,0.0,6.0,191.0,0.0,46.0,0.0,11.0,0.0,30.0,29.0,32.0,15.0,452.0,21.0,0.0,3.0,,,,,,,,,,,,,,,,,,,,,,,,,,,,,,,,,,,,,,,,,,,,,,,,,,,,,,,,,,,,,,,,,,,,,,,,,,,,,
11,11.0,30.0,19.0,0.0,3.0,8.0,2.0,9.0,33.0,0.0,12.0,0.0,4.0,14.0,0.0,13.0,33.0,0.0,59.0,1.0,31.0,0.0,157.0,45.0,6.0,46.0,9.0,8.0,7.0,59.0,8.0,62.0,22.0,40.0,30.0,412.0,196.0,25.0,7.0,31.0,17.0,0.0,54.0,23.0,0.0,582.0,233.0,0.0,0.0,0.0,0.0,0.0,0.0,0.0,0.0,0.0,,,,,,,,,,,,,,,,,,,,,,,,,,,,,,,,,,,,,,,,,,,,,,,,,,,,,,,,,
12,13.0,22.0,25.0,43.0,0.0,13.0,0.0,18.0,2.0,23.0,13.0,12.0,4.0,9.0,0.0,25.0,0.0,13.0,18.0,40.0,8.0,0.0,0.0,0.0,5.0,0.0,0.0,0.0,0.0,0.0,0.0,0.0,0.0,0.0,0.0,0.0,0.0,0.0,0.0,0.0,0.0,0.0,0.0,0.0,0.0,,,,,,,,,,,,,,,,,,,,,,,,,,,,,,,,,,,,,,,,,,,,,,,,,,,,,,,,,,,,,,,,,,,,
13,13.0,28.0,10.0,11.0,5.0,31.0,12.0,13.0,27.0,24.0,9.0,0.0,12.0,0.0,21.0,0.0,5.0,10.0,11.0,23.0,110.0,27.0,31.0,92.0,35.0,70.0,260.0,44.0,76.0,86.0,213.0,0.0,79.0,37.0,39.0,50.0,9.0,1.0,0.0,92.0,76.0,334.0,90.0,265.0,126.0,10.0,,,,,,,,,,,,,,,,,,,,,,,,,,,,,,,,,,,,,,,,,,,,,,,,,,,,,,,,,,,,,,,,,,,
14,7.0,1.0,27.0,2.0,8.0,3.0,2.0,0.0,14.0,0.0,0.0,0.0,0.0,2.0,11.0,0.0,0.0,28.0,6.0,8.0,0.0,7.0,8.0,10.0,4.0,0.0,1.0,0.0,0.0,0.0,0.0,0.0,0.0,0.0,0.0,,,,,,,,,,,,,,,,,,,,,,,,,,,,,,,,,,,,,,,,,,,,,,,,,,,,,,,,,,,,,,,,,,,,,,,,,,,,,,
15,0.0,10.0,2.0,0.0,42.0,0.0,0.0,26.0,26.0,11.0,0.0,18.0,9.0,12.0,18.0,21.0,72.0,0.0,22.0,25.0,13.0,13.0,34.0,32.0,34.0,0.0,125.0,104.0,51.0,217.0,62.0,255.0,14.0,13.0,0.0,0.0,18.0,0.0,7.0,2.0,13.0,0.0,4.0,4.0,18.0,44.0,20.0,25.0,7.0,75.0,24.0,0.0,0.0,0.0,10.0,33.0,1.0,0.0,58.0,0.0,0.0,0.0,0.0,0.0,0.0,51.0,,,,,,,,,,,,,,,,,,,,,,,,,,,,,,,,,,,,,,,,,,,,,,,
16,19.0,10.0,3.0,65.0,12.0,17.0,25.0,7.0,15.0,5.0,21.0,18.0,32.0,47.0,55.0,196.0,74.0,0.0,2.0,0.0,13.0,105.0,15.0,0.0,0.0,15.0,0.0,53.0,2.0,0.0,21.0,0.0,148.0,598.0,13.0,91.0,265.0,0.0,491.0,133.0,0.0,321.0,0.0,1.0,81.0,0.0,0.0,0.0,0.0,0.0,0.0,,,,,,,,,,,,,,,,,,,,,,,,,,,,,,,,,,,,,,,,,,,,,,,,,,,,,,,,,,,,,,
17,18.0,18.0,16.0,40.0,6.0,43.0,0.0,14.0,41.0,12.0,100.0,25.0,0.0,34.0,73.0,18.0,18.0,149.0,0.0,2.0,9.0,69.0,178.0,39.0,16.0,29.0,52.0,17.0,39.0,118.0,44.0,0.0,0.0,207.0,0.0,525.0,0.0,67.0,6.0,23.0,44.0,,,,,,,,,,,,,,,,,,,,,,,,,,,,,,,,,,,,,,,,,,,,,,,,,,,,,,,,,,,,,,,,,,,,,,,,
18,0.0,38.0,5.0,0.0,2.0,17.0,0.0,20.0,35.0,3.0,28.0,16.0,0.0,0.0,23.0,3.0,22.0,0.0,0.0,26.0,20.0,3.0,59.0,17.0,4.0,0.0,16.0,3.0,26.0,63.0,22.0,16.0,16.0,91.0,23.0,4.0,50.0,24.0,0.0,9.0,55.0,24.0,2.0,53.0,8.0,31.0,25.0,13.0,17.0,38.0,29.0,10.0,12.0,87.0,18.0,20.0,8.0,11.0,0.0,0.0,11.0,1.0,12.0,8.0,17.0,7.0,23.0,10.0,6.0,0.0,233.0,37.0,334.0,63.0,1.0,2.0,2.0,27.0,25.0,145.0,44.0,51.0,74.0,115.0,293.0,61.0,60.0,0.0,166.0,90.0,77.0,0.0,0.0,0.0,0.0,,,,,,,,,,,,,,,,,,
19,16.0,12.0,16.0,5.0,12.0,10.0,0.0,20.0,10.0,0.0,13.0,55.0,36.0,0.0,0.0,14.0,16.0,11.0,52.0,38.0,6.0,24.0,7.0,18.0,1.0,8.0,38.0,6.0,37.0,12.0,18.0,66.0,0.0,0.0,0.0,0.0,0.0,0.0,0.0,0.0,0.0,0.0,12.0,0.0,12.0,5.0,0.0,0.0,0.0,0.0,0.0,0.0,0.0,0.0,0.0,0.0,0.0,0.0,,,,,,,,,,,,,,,,,,,,,,,,,,,,,,,,,,,,,,,,,,,,,,,,,,,,,,,
20,5.0,0.0,15.0,1.0,10.0,2.0,0.0,11.0,12.0,26.0,57.0,11.0,12.0,18.0,21.0,18.0,38.0,7.0,30.0,36.0,99.0,1.0,17.0,32.0,61.0,25.0,63.0,0.0,222.0,123.0,18.0,65.0,149.0,131.0,50.0,102.0,201.0,18.0,83.0,12.0,111.0,22.0,173.0,0.0,0.0,5.0,169.0,0.0,0.0,2.0,0.0,,,,,,,,,,,,,,,,,,,,,,,,,,,,,,,,,,,,,,,,,,,,,,,,,,,,,,,,,,,,,,
21,40.0,0.0,11.0,11.0,0.0,15.0,0.0,17.0,15.0,49.0,4.0,0.0,2.0,0.0,29.0,5.0,3.0,0.0,6.0,59.0,4.0,7.0,0.0,37.0,0.0,0.0,0.0,0.0,0.0,44.0,0.0,0.0,0.0,0.0,0.0,0.0,,,,,,,,,,,,,,,,,,,,,,,,,,,,,,,,,,,,,,,,,,,,,,,,,,,,,,,,,,,,,,,,,,,,,,,,,,,,,
22,0.0,13.0,0.0,9.0,6.0,12.0,42.0,21.0,0.0,22.0,0.0,57.0,76.0,72.0,2.0,29.0,62.0,356.0,34.0,0.0,61.0,29.0,0.0,82.0,42.0,38.0,0.0,80.0,8.0,61.0,35.0,151.0,79.0,0.0,32.0,32.0,0.0,36.0,123.0,0.0,3.0,11.0,10.0,57.0,9.0,6.0,,,,,,,,,,,,,,,,,,,,,,,,,,,,,,,,,,,,,,,,,,,,,,,,,,,,,,,,,,,,,,,,,,,
23,9.0,11.0,50.0,0.0,7.0,14.0,12.0,25.0,39.0,30.0,18.0,57.0,16.0,4.0,0.0,7.0,31.0,18.0,54.0,16.0,0.0,0.0,0.0,6.0,0.0,0.0,0.0,0.0,15.0,35.0,,,,,,,,,,,,,,,,,,,,,,,,,,,,,,,,,,,,,,,,,,,,,,,,,,,,,,,,,,,,,,,,,,,,,,,,,,,,,,,,,,,
24,31.0,5.0,27.0,28.0,0.0,2.0,15.0,16.0,23.0,19.0,11.0,20.0,8.0,13.0,3.0,20.0,0.0,3.0,11.0,24.0,14.0,26.0,63.0,0.0,70.0,8.0,0.0,64.0,13.0,63.0,22.0,12.0,82.0,59.0,0.0,56.0,7.0,36.0,0.0,244.0,15.0,69.0,50.0,274.0,0.0,4.0,0.0,0.0,107.0,0.0,10.0,161.0,0.0,0.0,35.0,0.0,0.0,0.0,0.0,5.0,0.0,0.0,77.0,0.0,54.0,1.0,0.0,1.0,69.0,64.0,0.0,0.0,0.0,0.0,,,,,,,,,,,,,,,,,,,,,,,,,,,,,,,,,,,,,,,
25,14.0,15.0,28.0,23.0,11.0,3.0,24.0,11.0,5.0,0.0,13.0,9.0,26.0,5.0,75.0,22.0,5.0,32.0,1.0,20.0,6.0,9.0,16.0,135.0,97.0,5.0,0.0,50.0,12.0,0.0,28.0,0.0,20.0,15.0,12.0,1.0,21.0,13.0,6.0,0.0,32.0,17.0,50.0,33.0,263.0,214.0,81.0,177.0,335.0,265.0,25.0,,,,,,,,,,,,,,,,,,,,,,,,,,,,,,,,,,,,,,,,,,,,,,,,,,,,,,,,,,,,,,
26,11.0,23.0,29.0,6.0,13.0,0.0,0.0,11.0,33.0,0.0,0.0,12.0,0.0,11.0,13.0,9.0,18.0,13.0,0.0,32.0,18.0,15.0,80.0,36.0,62.0,2.0,15.0,17.0,362.0,0.0,51.0,85.0,0.0,67.0,125.0,0.0,74.0,0.0,51.0,0.0,17.0,27.0,134.0,0.0,52.0,18.0,2.0,92.0,55.0,167.0,44.0,12.0,206.0,95.0,0.0,49.0,20.0,441.0,28.0,0.0,0.0,0.0,0.0,44.0,0.0,1.0,18.0,112.0,0.0,0.0,0.0,634.0,8.0,9.0,28.0,5.0,56.0,0.0,0.0,0.0,0.0,19.0,63.0,0.0,0.0,0.0,0.0,8.0,0.0,2.0,1.0,10.0,0.0,0.0,1.0,8.0,22.0,0.0,15.0,0.0,0.0,0.0,0.0,0.0,0.0,0.0,0.0,0.0,0.0,0.0,0.0,0.0,0.0
27,7.0,35.0,0.0,13.0,0.0,37.0,0.0,27.0,3.0,31.0,9.0,7.0,17.0,8.0,26.0,11.0,35.0,0.0,8.0,5.0,21.0,32.0,49.0,59.0,27.0,29.0,2.0,17.0,68.0,80.0,22.0,153.0,90.0,0.0,21.0,19.0,14.0,0.0,49.0,142.0,0.0,0.0,134.0,0.0,0.0,,,,,,,,,,,,,,,,,,,,,,,,,,,,,,,,,,,,,,,,,,,,,,,,,,,,,,,,,,,,,,,,,,,,
28,18.0,4.0,40.0,11.0,1.0,21.0,11.0,0.0,12.0,0.0,19.0,47.0,38.0,27.0,10.0,0.0,49.0,81.0,136.0,16.0,78.0,75.0,130.0,7.0,0.0,0.0,0.0,112.0,2.0,35.0,0.0,23.0,2.0,7.0,25.0,35.0,14.0,37.0,0.0,2.0,91.0,65.0,0.0,92.0,0.0,83.0,58.0,176.0,37.0,112.0,74.0,0.0,130.0,0.0,94.0,0.0,216.0,59.0,,,,,,,,,,,,,,,,,,,,,,,,,,,,,,,,,,,,,,,,,,,,,,,,,,,,,,,
29,8.0,15.0,1.0,0.0,18.0,17.0,9.0,0.0,0.0,0.0,21.0,10.0,54.0,32.0,9.0,1.0,4.0,13.0,8.0,2.0,63.0,18.0,33.0,31.0,31.0,117.0,,,,,,,,,,,,,,,,,,,,,,,,,,,,,,,,,,,,,,,,,,,,,,,,,,,,,,,,,,,,,,,,,,,,,,,,,,,,,,,,,,,,,,,
30,14.0,0.0,0.0,4.0,10.0,16.0,35.0,26.0,23.0,0.0,0.0,18.0,11.0,43.0,29.0,19.0,119.0,92.0,104.0,97.0,26.0,13.0,0.0,38.0,29.0,46.0,37.0,20.0,19.0,232.0,17.0,31.0,0.0,22.0,60.0,0.0,21.0,11.0,23.0,104.0,196.0,109.0,606.0,0.0,0.0,4.0,0.0,29.0,0.0,22.0,4.0,6.0,1.0,0.0,11.0,0.0,2.0,0.0,7.0,0.0,0.0,13.0,0.0,,,,,,,,,,,,,,,,,,,,,,,,,,,,,,,,,,,,,,,,,,,,,,,,,,
31,29.0,25.0,6.0,21.0,3.0,37.0,1.0,7.0,7.0,0.0,34.0,0.0,13.0,24.0,7.0,4.0,0.0,8.0,6.0,3.0,14.0,0.0,30.0,26.0,0.0,49.0,23.0,39.0,3.0,16.0,0.0,0.0,0.0,61.0,0.0,31.0,42.0,2.0,0.0,225.0,19.0,0.0,0.0,173.0,74.0,0.0,0.0,22.0,0.0,0.0,0.0,0.0,0.0,0.0,0.0,0.0,1.0,37.0,,,,,,,,,,,,,,,,,,,,,,,,,,,,,,,,,,,,,,,,,,,,,,,,,,,,,,,
32,0.0,23.0,12.0,2.0,14.0,12.0,12.0,25.0,0.0,8.0,3.0,19.0,12.0,49.0,18.0,45.0,15.0,13.0,11.0,101.0,34.0,0.0,26.0,0.0,32.0,60.0,66.0,13.0,0.0,7.0,11.0,4.0,2.0,21.0,11.0,15.0,0.0,7.0,16.0,0.0,0.0,0.0,0.0,0.0,0.0,0.0,0.0,0.0,0.0,0.0,,,,,,,,,,,,,,,,,,,,,,,,,,,,,,,,,,,,,,,,,,,,,,,,,,,,,,,,,,,,,,,
33,15.0,27.0,13.0,17.0,4.0,0.0,2.0,1.0,10.0,12.0,23.0,19.0,12.0,10.0,21.0,0.0,3.0,3.0,0.0,7.0,0.0,2.0,0.0,0.0,0.0,0.0,0.0,0.0,0.0,0.0,0.0,0.0,0.0,0.0,,,,,,,,,,,,,,,,,,,,,,,,,,,,,,,,,,,,,,,,,,,,,,,,,,,,,,,,,,,,,,,,,,,,,,,,,,,,,,,
34,26.0,17.0,7.0,20.0,14.0,8.0,3.0,0.0,21.0,18.0,0.0,35.0,2.0,24.0,0.0,1.0,13.0,9.0,0.0,51.0,0.0,0.0,0.0,0.0,18.0,54.0,9.0,40.0,0.0,0.0,29.0,0.0,,,,,,,,,,,,,,,,,,,,,,,,,,,,,,,,,,,,,,,,,,,,,,,,,,,,,,,,,,,,,,,,,,,,,,,,,,,,,,,,,
35,22.0,35.0,19.0,8.0,0.0,2.0,0.0,0.0,5.0,0.0,28.0,39.0,17.0,52.0,17.0,18.0,0.0,6.0,17.0,23.0,39.0,1.0,14.0,2.0,5.0,0.0,8.0,0.0,0.0,0.0,1.0,0.0,0.0,0.0,0.0,0.0,0.0,0.0,0.0,,,,,,,,,,,,,,,,,,,,,,,,,,,,,,,,,,,,,,,,,,,,,,,,,,,,,,,,,,,,,,,,,,,,,,,,,,
36,28.0,37.0,13.0,3.0,47.0,1.0,4.0,30.0,0.0,0.0,18.0,0.0,0.0,11.0,0.0,9.0,0.0,0.0,0.0,70.0,22.0,53.0,0.0,44.0,0.0,0.0,0.0,0.0,23.0,0.0,0.0,31.0,20.0,0.0,,,,,,,,,,,,,,,,,,,,,,,,,,,,,,,,,,,,,,,,,,,,,,,,,,,,,,,,,,,,,,,,,,,,,,,,,,,,,,,
37,7.0,10.0,4.0,12.0,0.0,16.0,26.0,23.0,7.0,8.0,0.0,0.0,0.0,0.0,0.0,0.0,0.0,4.0,11.0,18.0,3.0,9.0,0.0,0.0,3.0,12.0,0.0,12.0,0.0,8.0,12.0,9.0,5.0,4.0,5.0,5.0,1.0,0.0,0.0,0.0,14.0,0.0,0.0,0.0,,,,,,,,,,,,,,,,,,,,,,,,,,,,,,,,,,,,,,,,,,,,,,,,,,,,,,,,,,,,,,,,,,,,,
38,7.0,1.0,0.0,1.0,0.0,16.0,14.0,10.0,46.0,0.0,27.0,15.0,13.0,19.0,35.0,0.0,0.0,28.0,7.0,2.0,0.0,52.0,0.0,16.0,0.0,94.0,57.0,223.0,0.0,206.0,0.0,,,,,,,,,,,,,,,,,,,,,,,,,,,,,,,,,,,,,,,,,,,,,,,,,,,,,,,,,,,,,,,,,,,,,,,,,,,,,,,,,,
39,21.0,22.0,18.0,11.0,0.0,2.0,9.0,24.0,7.0,11.0,0.0,0.0,2.0,29.0,4.0,0.0,0.0,2.0,12.0,0.0,0.0,29.0,1.0,0.0,0.0,0.0,0.0,0.0,0.0,0.0,0.0,0.0,0.0,0.0,,,,,,,,,,,,,,,,,,,,,,,,,,,,,,,,,,,,,,,,,,,,,,,,,,,,,,,,,,,,,,,,,,,,,,,,,,,,,,,
40,13.0,2.0,8.0,20.0,8.0,10.0,6.0,21.0,15.0,7.0,11.0,77.0,15.0,12.0,49.0,142.0,0.0,66.0,10.0,71.0,71.0,4.0,0.0,34.0,126.0,0.0,9.0,0.0,0.0,31.0,43.0,12.0,67.0,25.0,0.0,0.0,0.0,0.0,0.0,2.0,21.0,4.0,4.0,10.0,5.0,0.0,0.0,1.0,0.0,50.0,20.0,0.0,9.0,9.0,11.0,2.0,0.0,12.0,0.0,6.0,0.0,15.0,,,,,,,,,,,,,,,,,,,,,,,,,,,,,,,,,,,,,,,,,,,,,,,,,,,
41,26.0,19.0,9.0,12.0,12.0,0.0,16.0,12.0,1.0,40.0,3.0,0.0,24.0,38.0,85.0,0.0,1.0,0.0,14.0,1.0,0.0,2.0,10.0,15.0,8.0,14.0,84.0,73.0,27.0,0.0,59.0,19.0,81.0,45.0,0.0,17.0,198.0,139.0,1.0,32.0,0.0,54.0,5.0,0.0,0.0,34.0,32.0,0.0,8.0,45.0,0.0,64.0,44.0,0.0,4.0,22.0,0.0,25.0,10.0,52.0,86.0,0.0,26.0,0.0,2.0,0.0,0.0,59.0,14.0,3.0,0.0,0.0,18.0,6.0,0.0,17.0,0.0,27.0,0.0,0.0,60.0,0.0,0.0,0.0,0.0,0.0,0.0,0.0,5.0,0.0,0.0,0.0,0.0,0.0,0.0,0.0,0.0,0.0,0.0,0.0,0.0,0.0,0.0,0.0,0.0,0.0,0.0,,,,,,
42,21.0,19.0,28.0,8.0,10.0,16.0,11.0,4.0,0.0,18.0,0.0,20.0,6.0,0.0,0.0,41.0,63.0,25.0,0.0,0.0,0.0,0.0,0.0,0.0,0.0,0.0,0.0,,,,,,,,,,,,,,,,,,,,,,,,,,,,,,,,,,,,,,,,,,,,,,,,,,,,,,,,,,,,,,,,,,,,,,,,,,,,,,,,,,,,,,
43,0.0,12.0,15.0,8.0,0.0,2.0,17.0,16.0,10.0,30.0,0.0,38.0,0.0,15.0,32.0,14.0,0.0,0.0,27.0,13.0,12.0,0.0,22.0,0.0,0.0,0.0,5.0,19.0,0.0,26.0,0.0,30.0,9.0,41.0,1.0,76.0,0.0,11.0,6.0,4.0,0.0,98.0,10.0,0.0,22.0,0.0,45.0,0.0,33.0,0.0,0.0,25.0,0.0,0.0,0.0,,,,,,,,,,,,,,,,,,,,,,,,,,,,,,,,,,,,,,,,,,,,,,,,,,,,,,,,,,
44,0.0,0.0,9.0,5.0,3.0,13.0,8.0,58.0,21.0,14.0,33.0,25.0,23.0,37.0,0.0,0.0,18.0,10.0,1.0,0.0,3.0,0.0,17.0,2.0,0.0,40.0,0.0,5.0,0.0,0.0,0.0,0.0,0.0,0.0,1.0,0.0,0.0,0.0,0.0,0.0,0.0,,,,,,,,,,,,,,,,,,,,,,,,,,,,,,,,,,,,,,,,,,,,,,,,,,,,,,,,,,,,,,,,,,,,,,,,
45,21.0,6.0,0.0,4.0,18.0,1.0,12.0,14.0,11.0,28.0,4.0,17.0,3.0,4.0,9.0,0.0,2.0,5.0,5.0,0.0,9.0,0.0,0.0,0.0,0.0,0.0,6.0,0.0,0.0,7.0,0.0,0.0,0.0,0.0,0.0,0.0,,,,,,,,,,,,,,,,,,,,,,,,,,,,,,,,,,,,,,,,,,,,,,,,,,,,,,,,,,,,,,,,,,,,,,,,,,,,,
46,22.0,0.0,30.0,19.0,27.0,0.0,8.0,7.0,23.0,36.0,16.0,5.0,0.0,15.0,25.0,60.0,0.0,6.0,0.0,89.0,0.0,43.0,167.0,36.0,2.0,13.0,0.0,45.0,74.0,21.0,21.0,0.0,0.0,14.0,0.0,41.0,0.0,19.0,62.0,13.0,0.0,0.0,0.0,7.0,47.0,0.0,2.0,10.0,0.0,35.0,,,,,,,,,,,,,,,,,,,,,,,,,,,,,,,,,,,,,,,,,,,,,,,,,,,,,,,,,,,,,,,
47,13.0,31.0,13.0,8.0,0.0,7.0,22.0,19.0,2.0,21.0,0.0,17.0,2.0,3.0,0.0,0.0,0.0,15.0,1.0,0.0,0.0,4.0,0.0,5.0,0.0,0.0,0.0,5.0,2.0,3.0,0.0,9.0,5.0,4.0,0.0,0.0,0.0,0.0,0.0,,,,,,,,,,,,,,,,,,,,,,,,,,,,,,,,,,,,,,,,,,,,,,,,,,,,,,,,,,,,,,,,,,,,,,,,,,
48,5.0,32.0,8.0,6.0,6.0,18.0,8.0,17.0,39.0,45.0,29.0,54.0,0.0,0.0,39.0,4.0,19.0,14.0,16.0,21.0,0.0,0.0,0.0,53.0,35.0,4.0,0.0,38.0,171.0,0.0,77.0,0.0,0.0,0.0,0.0,0.0,0.0,0.0,0.0,,,,,,,,,,,,,,,,,,,,,,,,,,,,,,,,,,,,,,,,,,,,,,,,,,,,,,,,,,,,,,,,,,,,,,,,,,
49,25.0,15.0,21.0,1.0,4.0,20.0,24.0,6.0,0.0,6.0,35.0,19.0,14.0,20.0,24.0,65.0,0.0,0.0,0.0,1.0,0.0,19.0,0.0,0.0,14.0,0.0,0.0,0.0,0.0,0.0,0.0,0.0,0.0,0.0,,,,,,,,,,,,,,,,,,,,,,,,,,,,,,,,,,,,,,,,,,,,,,,,,,,,,,,,,,,,,,,,,,,,,,,,,,,,,,,
50,11.0,53.0,0.0,36.0,1.0,20.0,0.0,15.0,4.0,18.0,4.0,17.0,18.0,24.0,16.0,4.0,10.0,4.0,12.0,18.0,0.0,0.0,0.0,2.0,0.0,7.0,0.0,24.0,0.0,10.0,32.0,4.0,7.0,15.0,0.0,7.0,4.0,2.0,4.0,9.0,0.0,1.0,0.0,0.0,0.0,0.0,0.0,5.0,0.0,3.0,0.0,0.0,0.0,0.0,0.0,0.0,0.0,0.0,0.0,0.0,0.0,0.0,0.0,,,,,,,,,,,,,,,,,,,,,,,,,,,,,,,,,,,,,,,,,,,,,,,,,,
51,26.0,28.0,36.0,12.0,8.0,25.0,11.0,24.0,0.0,23.0,0.0,4.0,0.0,0.0,6.0,3.0,5.0,6.0,4.0,0.0,7.0,12.0,11.0,3.0,0.0,10.0,7.0,0.0,9.0,0.0,0.0,6.0,3.0,,,,,,,,,,,,,,,,,,,,,,,,,,,,,,,,,,,,,,,,,,,,,,,,,,,,,,,,,,,,,,,,,,,,,,,,,,,,,,,,
52,11.0,23.0,0.0,2.0,17.0,50.0,36.0,19.0,16.0,10.0,26.0,26.0,43.0,26.0,28.0,0.0,22.0,8.0,0.0,0.0,100.0,112.0,53.0,0.0,51.0,67.0,47.0,20.0,64.0,53.0,0.0,124.0,224.0,0.0,0.0,0.0,0.0,0.0,,,,,,,,,,,,,,,,,,,,,,,,,,,,,,,,,,,,,,,,,,,,,,,,,,,,,,,,,,,,,,,,,,,,,,,,,,,
53,19.0,12.0,11.0,8.0,45.0,47.0,3.0,15.0,0.0,23.0,11.0,2.0,38.0,70.0,17.0,2.0,9.0,2.0,18.0,27.0,9.0,0.0,65.0,0.0,79.0,1.0,0.0,0.0,0.0,0.0,0.0,0.0,,,,,,,,,,,,,,,,,,,,,,,,,,,,,,,,,,,,,,,,,,,,,,,,,,,,,,,,,,,,,,,,,,,,,,,,,,,,,,,,,
54,5.0,28.0,16.0,0.0,0.0,0.0,13.0,7.0,30.0,3.0,0.0,0.0,35.0,21.0,0.0,33.0,0.0,23.0,1.0,89.0,0.0,105.0,0.0,7.0,47.0,86.0,27.0,40.0,229.0,58.0,0.0,3.0,106.0,0.0,0.0,1.0,10.0,16.0,,,,,,,,,,,,,,,,,,,,,,,,,,,,,,,,,,,,,,,,,,,,,,,,,,,,,,,,,,,,,,,,,,,,,,,,,,,
55,21.0,0.0,0.0,16.0,10.0,0.0,0.0,1.0,0.0,0.0,26.0,2.0,44.0,19.0,11.0,143.0,42.0,8.0,4.0,39.0,43.0,13.0,0.0,45.0,0.0,25.0,25.0,0.0,38.0,161.0,166.0,62.0,66.0,0.0,9.0,80.0,0.0,0.0,40.0,38.0,40.0,0.0,26.0,37.0,20.0,0.0,53.0,1.0,18.0,0.0,0.0,,,,,,,,,,,,,,,,,,,,,,,,,,,,,,,,,,,,,,,,,,,,,,,,,,,,,,,,,,,,,,
56,0.0,20.0,12.0,0.0,5.0,24.0,10.0,18.0,26.0,13.0,85.0,94.0,29.0,28.0,15.0,27.0,25.0,37.0,11.0,34.0,7.0,23.0,134.0,17.0,0.0,72.0,0.0,0.0,0.0,0.0,104.0,5.0,,,,,,,,,,,,,,,,,,,,,,,,,,,,,,,,,,,,,,,,,,,,,,,,,,,,,,,,,,,,,,,,,,,,,,,,,,,,,,,,,
57,6.0,7.0,8.0,13.0,2.0,9.0,14.0,3.0,0.0,11.0,0.0,19.0,8.0,18.0,38.0,0.0,7.0,7.0,3.0,2.0,4.0,0.0,0.0,12.0,2.0,20.0,13.0,3.0,4.0,5.0,0.0,0.0,0.0,0.0,7.0,0.0,3.0,0.0,0.0,0.0,0.0,,,,,,,,,,,,,,,,,,,,,,,,,,,,,,,,,,,,,,,,,,,,,,,,,,,,,,,,,,,,,,,,,,,,,,,,
58,2.0,33.0,6.0,7.0,7.0,15.0,10.0,5.0,3.0,0.0,0.0,26.0,19.0,16.0,8.0,15.0,45.0,15.0,48.0,74.0,1.0,50.0,16.0,152.0,20.0,0.0,17.0,16.0,0.0,50.0,40.0,0.0,0.0,,,,,,,,,,,,,,,,,,,,,,,,,,,,,,,,,,,,,,,,,,,,,,,,,,,,,,,,,,,,,,,,,,,,,,,,,,,,,,,,
59,30.0,29.0,19.0,21.0,28.0,35.0,0.0,14.0,0.0,14.0,11.0,25.0,21.0,26.0,14.0,16.0,21.0,0.0,18.0,45.0,6.0,0.0,8.0,10.0,0.0,0.0,1.0,0.0,0.0,0.0,,,,,,,,,,,,,,,,,,,,,,,,,,,,,,,,,,,,,,,,,,,,,,,,,,,,,,,,,,,,,,,,,,,,,,,,,,,,,,,,,,,
60,11.0,23.0,0.0,37.0,15.0,33.0,0.0,2.0,35.0,3.0,13.0,5.0,17.0,8.0,55.0,0.0,28.0,64.0,19.0,40.0,219.0,77.0,73.0,177.0,37.0,39.0,13.0,22.0,6.0,0.0,316.0,20.0,15.0,1.0,10.0,125.0,25.0,46.0,22.0,0.0,,,,,,,,,,,,,,,,,,,,,,,,,,,,,,,,,,,,,,,,,,,,,,,,,,,,,,,,,,,,,,,,,,,,,,,,,
61,14.0,25.0,0.0,18.0,9.0,0.0,8.0,6.0,3.0,2.0,10.0,0.0,23.0,15.0,42.0,11.0,88.0,0.0,16.0,23.0,0.0,25.0,3.0,37.0,20.0,31.0,67.0,99.0,6.0,0.0,13.0,24.0,0.0,21.0,208.0,20.0,0.0,16.0,0.0,9.0,27.0,9.0,0.0,0.0,5.0,74.0,13.0,1.0,34.0,18.0,0.0,0.0,,,,,,,,,,,,,,,,,,,,,,,,,,,,,,,,,,,,,,,,,,,,,,,,,,,,,,,,,,,,,
62,0.0,10.0,7.0,0.0,12.0,11.0,15.0,24.0,0.0,0.0,12.0,9.0,0.0,21.0,119.0,22.0,44.0,97.0,0.0,0.0,5.0,0.0,22.0,57.0,7.0,32.0,70.0,36.0,13.0,0.0,11.0,0.0,12.0,0.0,29.0,0.0,11.0,0.0,0.0,3.0,3.0,22.0,0.0,0.0,36.0,0.0,56.0,165.0,0.0,15.0,45.0,22.0,0.0,9.0,5.0,0.0,7.0,6.0,0.0,0.0,0.0,2.0,5.0,0.0,20.0,0.0,5.0,0.0,1.0,7.0,15.0,1.0,12.0,5.0,26.0,0.0,0.0,49.0,42.0,,,,,,,,,,,,,,,,,,,,,,,,,,,,,,,,,,
63,12.0,13.0,4.0,30.0,49.0,0.0,10.0,18.0,0.0,5.0,0.0,4.0,7.0,33.0,0.0,12.0,0.0,37.0,42.0,18.0,2.0,9.0,0.0,46.0,19.0,68.0,56.0,0.0,0.0,9.0,0.0,,,,,,,,,,,,,,,,,,,,,,,,,,,,,,,,,,,,,,,,,,,,,,,,,,,,,,,,,,,,,,,,,,,,,,,,,,,,,,,,,,
64,12.0,28.0,0.0,16.0,0.0,14.0,11.0,13.0,19.0,5.0,18.0,35.0,0.0,0.0,5.0,49.0,4.0,10.0,0.0,1.0,37.0,76.0,0.0,28.0,4.0,2.0,40.0,0.0,8.0,48.0,0.0,30.0,0.0,19.0,13.0,22.0,104.0,0.0,2.0,0.0,0.0,17.0,6.0,0.0,0.0,5.0,5.0,0.0,18.0,1.0,5.0,0.0,9.0,0.0,0.0,20.0,2.0,0.0,4.0,6.0,0.0,,,,,,,,,,,,,,,,,,,,,,,,,,,,,,,,,,,,,,,,,,,,,,,,,,,,
65,0.0,20.0,16.0,7.0,10.0,15.0,9.0,35.0,0.0,13.0,47.0,20.0,0.0,30.0,4.0,0.0,128.0,0.0,0.0,16.0,0.0,109.0,6.0,31.0,0.0,1.0,21.0,0.0,0.0,22.0,22.0,20.0,0.0,6.0,0.0,,,,,,,,,,,,,,,,,,,,,,,,,,,,,,,,,,,,,,,,,,,,,,,,,,,,,,,,,,,,,,,,,,,,,,,,,,,,,,
66,28.0,0.0,11.0,0.0,3.0,2.0,10.0,37.0,0.0,27.0,21.0,19.0,30.0,61.0,44.0,0.0,49.0,51.0,0.0,322.0,0.0,0.0,0.0,32.0,91.0,0.0,6.0,118.0,50.0,30.0,54.0,32.0,1.0,0.0,101.0,29.0,12.0,36.0,59.0,45.0,162.0,0.0,0.0,7.0,13.0,,,,,,,,,,,,,,,,,,,,,,,,,,,,,,,,,,,,,,,,,,,,,,,,,,,,,,,,,,,,,,,,,,,,
67,0.0,38.0,4.0,13.0,8.0,6.0,0.0,2.0,18.0,8.0,75.0,0.0,31.0,13.0,0.0,12.0,0.0,0.0,0.0,0.0,21.0,86.0,70.0,12.0,0.0,1.0,12.0,0.0,0.0,0.0,0.0,,,,,,,,,,,,,,,,,,,,,,,,,,,,,,,,,,,,,,,,,,,,,,,,,,,,,,,,,,,,,,,,,,,,,,,,,,,,,,,,,,
68,21.0,23.0,3.0,10.0,0.0,5.0,5.0,5.0,5.0,4.0,7.0,27.0,0.0,48.0,2.0,22.0,18.0,26.0,0.0,1.0,10.0,0.0,38.0,26.0,10.0,28.0,0.0,20.0,49.0,69.0,0.0,19.0,0.0,0.0,0.0,0.0,0.0,6.0,2.0,16.0,5.0,0.0,0.0,1.0,,,,,,,,,,,,,,,,,,,,,,,,,,,,,,,,,,,,,,,,,,,,,,,,,,,,,,,,,,,,,,,,,,,,,
69,10.0,0.0,0.0,8.0,7.0,0.0,0.0,16.0,11.0,6.0,32.0,0.0,25.0,41.0,31.0,0.0,0.0,15.0,23.0,49.0,4.0,93.0,25.0,10.0,0.0,8.0,0.0,0.0,51.0,16.0,6.0,13.0,11.0,0.0,54.0,0.0,8.0,0.0,74.0,117.0,69.0,0.0,46.0,76.0,0.0,4.0,335.0,102.0,158.0,0.0,10.0,0.0,0.0,0.0,0.0,0.0,0.0,0.0,,,,,,,,,,,,,,,,,,,,,,,,,,,,,,,,,,,,,,,,,,,,,,,,,,,,,,,
70,23.0,21.0,10.0,24.0,20.0,6.0,10.0,28.0,6.0,11.0,0.0,14.0,5.0,19.0,4.0,48.0,12.0,7.0,19.0,30.0,28.0,0.0,29.0,1.0,36.0,9.0,23.0,56.0,0.0,81.0,0.0,1.0,274.0,117.0,14.0,26.0,106.0,18.0,0.0,11.0,129.0,5.0,0.0,0.0,0.0,1.0,0.0,0.0,0.0,0.0,0.0,0.0,,,,,,,,,,,,,,,,,,,,,,,,,,,,,,,,,,,,,,,,,,,,,,,,,,,,,,,,,,,,,
71,23.0,54.0,6.0,0.0,12.0,1.0,0.0,2.0,20.0,13.0,0.0,17.0,27.0,23.0,0.0,2.0,4.0,92.0,39.0,70.0,0.0,148.0,96.0,0.0,0.0,15.0,0.0,0.0,,,,,,,,,,,,,,,,,,,,,,,,,,,,,,,,,,,,,,,,,,,,,,,,,,,,,,,,,,,,,,,,,,,,,,,,,,,,,,,,,,,,,
72,16.0,7.0,18.0,15.0,17.0,26.0,8.0,18.0,6.0,45.0,9.0,0.0,3.0,0.0,5.0,53.0,0.0,17.0,18.0,24.0,66.0,0.0,47.0,3.0,0.0,8.0,14.0,0.0,50.0,6.0,9.0,7.0,19.0,19.0,5.0,0.0,3.0,9.0,8.0,7.0,0.0,0.0,0.0,46.0,0.0,0.0,3.0,10.0,0.0,0.0,7.0,13.0,60.0,0.0,0.0,0.0,0.0,0.0,,,,,,,,,,,,,,,,,,,,,,,,,,,,,,,,,,,,,,,,,,,,,,,,,,,,,,,
73,6.0,7.0,36.0,23.0,13.0,2.0,0.0,37.0,43.0,0.0,0.0,56.0,39.0,0.0,56.0,19.0,0.0,25.0,46.0,0.0,0.0,17.0,0.0,38.0,3.0,10.0,0.0,5.0,0.0,0.0,0.0,0.0,0.0,2.0,0.0,0.0,0.0,128.0,0.0,0.0,25.0,14.0,38.0,4.0,33.0,14.0,617.0,23.0,78.0,34.0,5.0,3.0,,,,,,,,,,,,,,,,,,,,,,,,,,,,,,,,,,,,,,,,,,,,,,,,,,,,,,,,,,,,,
74,28.0,24.0,0.0,0.0,23.0,2.0,0.0,0.0,14.0,2.0,2.0,4.0,6.0,6.0,31.0,5.0,0.0,37.0,4.0,9.0,34.0,11.0,7.0,3.0,21.0,17.0,12.0,46.0,9.0,6.0,0.0,0.0,24.0,3.0,0.0,43.0,0.0,0.0,3.0,26.0,5.0,2.0,0.0,0.0,0.0,0.0,0.0,0.0,0.0,0.0,0.0,0.0,0.0,0.0,,,,,,,,,,,,,,,,,,,,,,,,,,,,,,,,,,,,,,,,,,,,,,,,,,,,,,,,,,,
75,23.0,12.0,3.0,45.0,0.0,7.0,3.0,0.0,29.0,20.0,0.0,52.0,0.0,1.0,0.0,34.0,21.0,0.0,8.0,0.0,11.0,0.0,26.0,121.0,0.0,0.0,5.0,26.0,52.0,9.0,22.0,31.0,0.0,54.0,0.0,0.0,0.0,20.0,29.0,0.0,10.0,34.0,0.0,0.0,12.0,0.0,0.0,55.0,0.0,0.0,0.0,0.0,,,,,,,,,,,,,,,,,,,,,,,,,,,,,,,,,,,,,,,,,,,,,,,,,,,,,,,,,,,,,
76,2.0,4.0,3.0,15.0,23.0,11.0,81.0,24.0,25.0,50.0,176.0,121.0,156.0,24.0,14.0,226.0,182.0,20.0,33.0,0.0,3.0,0.0,0.0,24.0,0.0,0.0,10.0,15.0,4.0,26.0,62.0,6.0,4.0,0.0,27.0,24.0,36.0,0.0,12.0,22.0,47.0,19.0,14.0,8.0,22.0,59.0,11.0,1.0,21.0,21.0,9.0,18.0,4.0,17.0,0.0,26.0,5.0,2.0,2.0,5.0,0.0,0.0,5.0,0.0,4.0,9.0,40.0,0.0,42.0,3.0,7.0,0.0,0.0,0.0,0.0,0.0,0.0,0.0,0.0,0.0,0.0,0.0,0.0,0.0,0.0,0.0,0.0,0.0,0.0,,,,,,,,,,,,,,,,,,,,,,,,
77,18.0,34.0,14.0,5.0,2.0,9.0,24.0,36.0,19.0,36.0,6.0,0.0,15.0,38.0,23.0,26.0,43.0,51.0,101.0,107.0,103.0,3.0,12.0,34.0,71.0,0.0,515.0,61.0,0.0,4.0,219.0,416.0,171.0,24.0,38.0,0.0,,,,,,,,,,,,,,,,,,,,,,,,,,,,,,,,,,,,,,,,,,,,,,,,,,,,,,,,,,,,,,,,,,,,,,,,,,,,,
78,29.0,20.0,5.0,11.0,3.0,5.0,5.0,42.0,22.0,15.0,0.0,13.0,5.0,0.0,2.0,39.0,32.0,21.0,69.0,0.0,8.0,80.0,35.0,35.0,63.0,9.0,108.0,26.0,0.0,92.0,18.0,41.0,0.0,63.0,31.0,0.0,0.0,50.0,28.0,0.0,0.0,0.0,74.0,37.0,14.0,40.0,22.0,48.0,0.0,0.0,0.0,0.0,0.0,46.0,14.0,0.0,409.0,49.0,349.0,6.0,0.0,266.0,363.0,153.0,192.0,105.0,0.0,0.0,184.0,78.0,11.0,238.0,0.0,0.0,0.0,0.0,0.0,0.0,0.0,0.0,0.0,0.0,,,,,,,,,,,,,,,,,,,,,,,,,,,,,,,
79,20.0,47.0,15.0,9.0,21.0,17.0,27.0,0.0,0.0,0.0,6.0,11.0,17.0,20.0,25.0,38.0,38.0,4.0,0.0,128.0,14.0,12.0,235.0,128.0,43.0,8.0,0.0,0.0,,,,,,,,,,,,,,,,,,,,,,,,,,,,,,,,,,,,,,,,,,,,,,,,,,,,,,,,,,,,,,,,,,,,,,,,,,,,,,,,,,,,,
80,1.0,23.0,17.0,15.0,15.0,11.0,0.0,3.0,23.0,0.0,0.0,6.0,5.0,30.0,0.0,14.0,5.0,3.0,0.0,18.0,0.0,0.0,19.0,13.0,11.0,4.0,8.0,12.0,0.0,0.0,18.0,1.0,0.0,7.0,2.0,0.0,0.0,7.0,3.0,13.0,12.0,0.0,14.0,16.0,,,,,,,,,,,,,,,,,,,,,,,,,,,,,,,,,,,,,,,,,,,,,,,,,,,,,,,,,,,,,,,,,,,,,
81,19.0,63.0,1.0,16.0,2.0,2.0,0.0,11.0,0.0,10.0,0.0,0.0,5.0,12.0,0.0,9.0,4.0,3.0,461.0,25.0,0.0,24.0,0.0,0.0,0.0,22.0,97.0,177.0,28.0,0.0,47.0,3.0,10.0,11.0,10.0,86.0,8.0,15.0,12.0,17.0,0.0,7.0,36.0,3.0,0.0,3.0,0.0,1.0,0.0,0.0,0.0,0.0,0.0,,,,,,,,,,,,,,,,,,,,,,,,,,,,,,,,,,,,,,,,,,,,,,,,,,,,,,,,,,,,
82,29.0,14.0,11.0,0.0,0.0,0.0,0.0,8.0,0.0,9.0,21.0,52.0,31.0,0.0,40.0,51.0,22.0,7.0,31.0,75.0,6.0,45.0,0.0,48.0,0.0,18.0,16.0,293.0,0.0,,,,,,,,,,,,,,,,,,,,,,,,,,,,,,,,,,,,,,,,,,,,,,,,,,,,,,,,,,,,,,,,,,,,,,,,,,,,,,,,,,,,
83,0.0,1.0,27.0,45.0,2.0,0.0,4.0,0.0,56.0,45.0,21.0,12.0,0.0,13.0,38.0,20.0,0.0,25.0,49.0,8.0,3.0,25.0,8.0,19.0,75.0,25.0,3.0,1.0,0.0,0.0,0.0,88.0,0.0,0.0,29.0,527.0,67.0,1.0,0.0,0.0,149.0,47.0,45.0,49.0,0.0,126.0,42.0,0.0,2.0,225.0,0.0,433.0,0.0,0.0,0.0,0.0,0.0,0.0,0.0,0.0,0.0,,,,,,,,,,,,,,,,,,,,,,,,,,,,,,,,,,,,,,,,,,,,,,,,,,,,
84,5.0,41.0,34.0,25.0,0.0,3.0,5.0,21.0,14.0,30.0,0.0,0.0,10.0,0.0,99.0,0.0,79.0,27.0,11.0,2.0,2.0,0.0,34.0,0.0,0.0,14.0,22.0,3.0,84.0,0.0,138.0,77.0,120.0,348.0,77.0,2.0,107.0,52.0,61.0,83.0,186.0,14.0,1.0,2.0,53.0,52.0,9.0,53.0,117.0,52.0,0.0,0.0,0.0,249.0,51.0,7.0,0.0,0.0,0.0,,,,,,,,,,,,,,,,,,,,,,,,,,,,,,,,,,,,,,,,,,,,,,,,,,,,,,
85,17.0,32.0,7.0,3.0,21.0,3.0,7.0,23.0,27.0,17.0,0.0,18.0,0.0,14.0,11.0,41.0,29.0,4.0,17.0,2.0,19.0,0.0,54.0,16.0,0.0,66.0,39.0,8.0,27.0,7.0,14.0,23.0,13.0,92.0,95.0,86.0,65.0,149.0,0.0,0.0,34.0,2.0,4.0,24.0,6.0,0.0,14.0,3.0,77.0,437.0,0.0,0.0,7.0,22.0,11.0,0.0,0.0,0.0,,,,,,,,,,,,,,,,,,,,,,,,,,,,,,,,,,,,,,,,,,,,,,,,,,,,,,,
86,21.0,25.0,32.0,0.0,25.0,57.0,12.0,16.0,27.0,0.0,50.0,12.0,0.0,68.0,51.0,6.0,17.0,32.0,4.0,55.0,172.0,25.0,37.0,166.0,267.0,116.0,71.0,118.0,37.0,35.0,10.0,5.0,25.0,113.0,0.0,58.0,0.0,13.0,10.0,13.0,0.0,0.0,331.0,0.0,15.0,0.0,0.0,0.0,0.0,339.0,0.0,0.0,0.0,0.0,0.0,0.0,0.0,,,,,,,,,,,,,,,,,,,,,,,,,,,,,,,,,,,,,,,,,,,,,,,,,,,,,,,,
87,34.0,38.0,5.0,19.0,0.0,14.0,16.0,0.0,10.0,16.0,0.0,13.0,0.0,0.0,1.0,53.0,8.0,4.0,22.0,5.0,27.0,38.0,29.0,22.0,21.0,11.0,8.0,1.0,25.0,0.0,1.0,6.0,19.0,0.0,13.0,,,,,,,,,,,,,,,,,,,,,,,,,,,,,,,,,,,,,,,,,,,,,,,,,,,,,,,,,,,,,,,,,,,,,,,,,,,,,,
88,4.0,0.0,14.0,16.0,0.0,14.0,0.0,0.0,21.0,0.0,0.0,9.0,60.0,11.0,21.0,0.0,24.0,26.0,19.0,23.0,8.0,0.0,7.0,8.0,6.0,0.0,29.0,13.0,38.0,32.0,16.0,20.0,5.0,40.0,0.0,4.0,24.0,14.0,21.0,25.0,16.0,21.0,0.0,0.0,0.0,0.0,,,,,,,,,,,,,,,,,,,,,,,,,,,,,,,,,,,,,,,,,,,,,,,,,,,,,,,,,,,,,,,,,,,
89,31.0,44.0,0.0,20.0,0.0,45.0,43.0,0.0,18.0,7.0,0.0,6.0,17.0,15.0,7.0,0.0,0.0,0.0,0.0,24.0,18.0,8.0,57.0,0.0,19.0,2.0,1.0,58.0,0.0,0.0,76.0,11.0,0.0,11.0,3.0,7.0,5.0,2.0,9.0,0.0,1.0,0.0,0.0,0.0,0.0,0.0,0.0,0.0,0.0,0.0,,,,,,,,,,,,,,,,,,,,,,,,,,,,,,,,,,,,,,,,,,,,,,,,,,,,,,,,,,,,,,,
90,13.0,54.0,7.0,0.0,24.0,21.0,32.0,23.0,0.0,15.0,5.0,9.0,78.0,15.0,25.0,0.0,21.0,29.0,0.0,0.0,0.0,19.0,0.0,26.0,80.0,11.0,0.0,34.0,0.0,28.0,10.0,102.0,26.0,0.0,8.0,29.0,23.0,17.0,52.0,0.0,57.0,25.0,197.0,15.0,32.0,38.0,14.0,71.0,39.0,14.0,53.0,36.0,127.0,14.0,62.0,0.0,0.0,41.0,0.0,51.0,59.0,2.0,76.0,,,,,,,,,,,,,,,,,,,,,,,,,,,,,,,,,,,,,,,,,,,,,,,,,,
91,15.0,11.0,31.0,37.0,0.0,23.0,0.0,0.0,7.0,21.0,13.0,3.0,9.0,0.0,54.0,8.0,0.0,12.0,2.0,6.0,4.0,33.0,0.0,2.0,0.0,2.0,4.0,0.0,0.0,0.0,59.0,0.0,0.0,0.0,0.0,0.0,0.0,0.0,0.0,50.0,0.0,38.0,0.0,0.0,0.0,0.0,0.0,0.0,0.0,0.0,,,,,,,,,,,,,,,,,,,,,,,,,,,,,,,,,,,,,,,,,,,,,,,,,,,,,,,,,,,,,,,
92,1.0,9.0,10.0,9.0,6.0,4.0,0.0,30.0,20.0,21.0,0.0,4.0,23.0,51.0,101.0,0.0,124.0,27.0,19.0,17.0,47.0,116.0,15.0,83.0,44.0,3.0,0.0,9.0,33.0,16.0,26.0,10.0,4.0,11.0,3.0,106.0,9.0,10.0,5.0,41.0,24.0,0.0,19.0,0.0,186.0,0.0,0.0,0.0,44.0,229.0,52.0,482.0,164.0,22.0,132.0,49.0,106.0,0.0,8.0,0.0,0.0,12.0,131.0,27.0,0.0,83.0,,,,,,,,,,,,,,,,,,,,,,,,,,,,,,,,,,,,,,,,,,,,,,,
93,13.0,18.0,3.0,24.0,3.0,0.0,20.0,8.0,19.0,16.0,27.0,5.0,11.0,29.0,0.0,15.0,21.0,5.0,34.0,23.0,48.0,22.0,10.0,42.0,55.0,0.0,68.0,57.0,67.0,0.0,0.0,7.0,0.0,31.0,247.0,39.0,0.0,0.0,17.0,179.0,2.0,0.0,44.0,54.0,103.0,0.0,16.0,32.0,92.0,0.0,82.0,157.0,121.0,18.0,34.0,38.0,150.0,,,,,,,,,,,,,,,,,,,,,,,,,,,,,,,,,,,,,,,,,,,,,,,,,,,,,,,,
94,11.0,20.0,4.0,4.0,4.0,0.0,15.0,5.0,5.0,0.0,11.0,0.0,0.0,11.0,19.0,13.0,61.0,56.0,27.0,29.0,54.0,0.0,32.0,14.0,8.0,0.0,13.0,19.0,11.0,47.0,5.0,17.0,0.0,19.0,0.0,5.0,104.0,0.0,4.0,21.0,92.0,9.0,0.0,,,,,,,,,,,,,,,,,,,,,,,,,,,,,,,,,,,,,,,,,,,,,,,,,,,,,,,,,,,,,,,,,,,,,,
95,0.0,31.0,3.0,0.0,18.0,14.0,4.0,9.0,0.0,0.0,36.0,0.0,12.0,5.0,15.0,0.0,0.0,22.0,22.0,10.0,5.0,0.0,11.0,35.0,17.0,0.0,30.0,13.0,1.0,64.0,5.0,10.0,1.0,13.0,10.0,,,,,,,,,,,,,,,,,,,,,,,,,,,,,,,,,,,,,,,,,,,,,,,,,,,,,,,,,,,,,,,,,,,,,,,,,,,,,,
96,22.0,0.0,13.0,18.0,0.0,21.0,8.0,5.0,5.0,8.0,14.0,60.0,0.0,15.0,3.0,13.0,0.0,5.0,2.0,0.0,0.0,4.0,0.0,0.0,0.0,0.0,7.0,5.0,11.0,23.0,9.0,6.0,5.0,3.0,0.0,32.0,24.0,8.0,3.0,0.0,0.0,9.0,0.0,0.0,31.0,7.0,35.0,18.0,0.0,0.0,0.0,0.0,1.0,40.0,,,,,,,,,,,,,,,,,,,,,,,,,,,,,,,,,,,,,,,,,,,,,,,,,,,,,,,,,,,
97,23.0,24.0,21.0,3.0,37.0,0.0,11.0,12.0,16.0,44.0,2.0,0.0,36.0,27.0,129.0,28.0,0.0,37.0,30.0,20.0,20.0,106.0,1.0,0.0,0.0,28.0,11.0,10.0,32.0,60.0,73.0,0.0,0.0,47.0,75.0,318.0,446.0,,,,,,,,,,,,,,,,,,,,,,,,,,,,,,,,,,,,,,,,,,,,,,,,,,,,,,,,,,,,,,,,,,,,,,,,,,,,
98,20.0,18.0,0.0,10.0,0.0,8.0,0.0,16.0,5.0,30.0,16.0,12.0,0.0,6.0,0.0,16.0,23.0,0.0,0.0,57.0,11.0,16.0,23.0,0.0,0.0,0.0,11.0,0.0,0.0,0.0,0.0,0.0,0.0,0.0,0.0,0.0,0.0,0.0,0.0,,,,,,,,,,,,,,,,,,,,,,,,,,,,,,,,,,,,,,,,,,,,,,,,,,,,,,,,,,,,,,,,,,,,,,,,,,
99,4.0,45.0,19.0,6.0,6.0,7.0,0.0,61.0,8.0,12.0,15.0,22.0,16.0,0.0,3.0,0.0,4.0,0.0,5.0,0.0,0.0,0.0,25.0,0.0,0.0,0.0,12.0,1.0,7.0,0.0,3.0,0.0,2.0,0.0,10.0,0.0,0.0,432.0,32.0,15.0,22.0,78.0,189.0,123.0,,,,,,,,,,,,,,,,,,,,,,,,,,,,,,,,,,,,,,,,,,,,,,,,,,,,,,,,,,,,,,,,,,,,,
100,15.0,20.0,7.0,0.0,15.0,12.0,14.0,0.0,0.0,18.0,0.0,73.0,34.0,58.0,69.0,18.0,136.0,0.0,66.0,16.0,32.0,57.0,205.0,307.0,91.0,0.0,263.0,34.0,16.0,43.0,0.0,0.0,0.0,0.0,0.0,,,,,,,,,,,,,,,,,,,,,,,,,,,,,,,,,,,,,,,,,,,,,,,,,,,,,,,,,,,,,,,,,,,,,,,,,,,,,,
101,7.0,10.0,10.0,18.0,2.0,7.0,29.0,24.0,25.0,18.0,84.0,12.0,61.0,23.0,51.0,48.0,12.0,85.0,80.0,16.0,49.0,44.0,33.0,0.0,0.0,168.0,1.0,29.0,16.0,43.0,11.0,2.0,0.0,0.0,0.0,64.0,0.0,13.0,16.0,0.0,0.0,0.0,0.0,0.0,0.0,0.0,0.0,0.0,0.0,0.0,0.0,,,,,,,,,,,,,,,,,,,,,,,,,,,,,,,,,,,,,,,,,,,,,,,,,,,,,,,,,,,,,,
102,18.0,18.0,4.0,0.0,6.0,7.0,29.0,28.0,11.0,0.0,9.0,19.0,24.0,14.0,6.0,13.0,0.0,3.0,32.0,36.0,14.0,0.0,58.0,48.0,61.0,116.0,28.0,26.0,108.0,0.0,41.0,8.0,45.0,90.0,79.0,61.0,40.0,98.0,19.0,13.0,26.0,91.0,27.0,7.0,15.0,9.0,35.0,32.0,0.0,0.0,11.0,0.0,0.0,,,,,,,,,,,,,,,,,,,,,,,,,,,,,,,,,,,,,,,,,,,,,,,,,,,,,,,,,,,,
103,24.0,28.0,20.0,29.0,16.0,0.0,0.0,0.0,4.0,32.0,5.0,33.0,0.0,0.0,0.0,25.0,5.0,6.0,0.0,8.0,0.0,3.0,0.0,0.0,0.0,0.0,0.0,0.0,0.0,0.0,0.0,0.0,0.0,,,,,,,,,,,,,,,,,,,,,,,,,,,,,,,,,,,,,,,,,,,,,,,,,,,,,,,,,,,,,,,,,,,,,,,,,,,,,,,,
104,7.0,24.0,15.0,0.0,31.0,41.0,35.0,0.0,0.0,20.0,30.0,23.0,0.0,0.0,0.0,7.0,26.0,13.0,20.0,23.0,0.0,0.0,0.0,0.0,7.0,24.0,22.0,0.0,59.0,65.0,25.0,15.0,13.0,64.0,18.0,13.0,16.0,45.0,22.0,,,,,,,,,,,,,,,,,,,,,,,,,,,,,,,,,,,,,,,,,,,,,,,,,,,,,,,,,,,,,,,,,,,,,,,,,,
105,27.0,43.0,8.0,24.0,11.0,37.0,6.0,19.0,62.0,12.0,0.0,0.0,33.0,24.0,0.0,8.0,0.0,33.0,23.0,26.0,29.0,0.0,60.0,38.0,1.0,0.0,116.0,126.0,10.0,0.0,,,,,,,,,,,,,,,,,,,,,,,,,,,,,,,,,,,,,,,,,,,,,,,,,,,,,,,,,,,,,,,,,,,,,,,,,,,,,,,,,,,
106,9.0,14.0,3.0,27.0,25.0,15.0,4.0,74.0,20.0,27.0,60.0,19.0,4.0,51.0,8.0,0.0,96.0,31.0,0.0,105.0,79.0,0.0,13.0,54.0,26.0,46.0,23.0,10.0,0.0,0.0,0.0,122.0,100.0,0.0,75.0,64.0,219.0,22.0,32.0,10.0,21.0,155.0,0.0,26.0,73.0,102.0,0.0,155.0,0.0,3.0,53.0,0.0,0.0,0.0,50.0,0.0,0.0,,,,,,,,,,,,,,,,,,,,,,,,,,,,,,,,,,,,,,,,,,,,,,,,,,,,,,,,
107,1.0,48.0,13.0,14.0,25.0,14.0,0.0,17.0,39.0,42.0,26.0,0.0,4.0,21.0,24.0,0.0,0.0,24.0,74.0,36.0,1.0,32.0,18.0,23.0,0.0,0.0,26.0,102.0,100.0,177.0,30.0,37.0,8.0,16.0,56.0,0.0,0.0,0.0,0.0,19.0,0.0,0.0,0.0,275.0,55.0,0.0,0.0,180.0,341.0,0.0,0.0,39.0,6.0,42.0,0.0,0.0,112.0,49.0,14.0,,,,,,,,,,,,,,,,,,,,,,,,,,,,,,,,,,,,,,,,,,,,,,,,,,,,,,
108,8.0,22.0,14.0,17.0,16.0,8.0,18.0,6.0,38.0,20.0,6.0,54.0,39.0,7.0,0.0,5.0,8.0,12.0,0.0,34.0,25.0,5.0,30.0,43.0,0.0,19.0,75.0,0.0,0.0,70.0,0.0,95.0,8.0,20.0,38.0,6.0,0.0,351.0,140.0,0.0,0.0,71.0,320.0,129.0,97.0,0.0,0.0,47.0,0.0,0.0,0.0,82.0,0.0,0.0,,,,,,,,,,,,,,,,,,,,,,,,,,,,,,,,,,,,,,,,,,,,,,,,,,,,,,,,,,,
109,0.0,27.0,4.0,11.0,7.0,0.0,2.0,38.0,1.0,27.0,0.0,46.0,18.0,0.0,0.0,11.0,20.0,0.0,2.0,6.0,0.0,0.0,8.0,19.0,0.0,10.0,9.0,65.0,2.0,8.0,4.0,0.0,12.0,13.0,7.0,0.0,9.0,6.0,0.0,0.0,0.0,1.0,0.0,14.0,,,,,,,,,,,,,,,,,,,,,,,,,,,,,,,,,,,,,,,,,,,,,,,,,,,,,,,,,,,,,,,,,,,,,
110,13.0,22.0,0.0,29.0,26.0,29.0,8.0,10.0,76.0,135.0,48.0,18.0,119.0,23.0,22.0,11.0,12.0,33.0,13.0,0.0,16.0,29.0,4.0,17.0,3.0,35.0,21.0,59.0,0.0,68.0,8.0,40.0,23.0,20.0,14.0,2.0,0.0,6.0,5.0,198.0,41.0,3.0,0.0,5.0,118.0,4.0,21.0,2.0,0.0,10.0,0.0,10.0,6.0,5.0,1.0,0.0,10.0,2.0,7.0,0.0,13.0,0.0,3.0,0.0,15.0,0.0,12.0,,,,,,,,,,,,,,,,,,,,,,,,,,,,,,,,,,,,,,,,,,,,,,
111,13.0,11.0,9.0,0.0,13.0,1.0,23.0,16.0,15.0,28.0,71.0,16.0,94.0,14.0,86.0,50.0,142.0,32.0,35.0,18.0,0.0,39.0,62.0,0.0,0.0,20.0,11.0,0.0,58.0,0.0,45.0,11.0,16.0,107.0,17.0,0.0,0.0,0.0,0.0,0.0,2.0,4.0,0.0,0.0,78.0,0.0,0.0,39.0,0.0,0.0,0.0,0.0,0.0,0.0,1.0,0.0,0.0,8.0,0.0,6.0,3.0,1.0,44.0,0.0,0.0,0.0,0.0,0.0,0.0,0.0,0.0,0.0,25.0,0.0,0.0,0.0,0.0,0.0,0.0,0.0,0.0,0.0,0.0,0.0,0.0,0.0,0.0,0.0,0.0,0.0,0.0,0.0,,,,,,,,,,,,,,,,,,,,,
112,35.0,35.0,0.0,5.0,1.0,0.0,2.0,23.0,31.0,31.0,14.0,36.0,13.0,0.0,88.0,25.0,57.0,28.0,2.0,11.0,1.0,12.0,19.0,13.0,8.0,64.0,92.0,0.0,110.0,0.0,94.0,30.0,4.0,32.0,0.0,151.0,0.0,36.0,76.0,275.0,285.0,20.0,105.0,54.0,35.0,0.0,17.0,0.0,0.0,0.0,0.0,70.0,0.0,0.0,0.0,0.0,,,,,,,,,,,,,,,,,,,,,,,,,,,,,,,,,,,,,,,,,,,,,,,,,,,,,,,,,
113,18.0,14.0,10.0,3.0,19.0,17.0,20.0,28.0,0.0,3.0,16.0,16.0,61.0,19.0,0.0,30.0,124.0,28.0,12.0,28.0,121.0,0.0,0.0,13.0,65.0,60.0,0.0,0.0,537.0,324.0,535.0,0.0,35.0,27.0,0.0,,,,,,,,,,,,,,,,,,,,,,,,,,,,,,,,,,,,,,,,,,,,,,,,,,,,,,,,,,,,,,,,,,,,,,,,,,,,,,
114,0.0,4.0,3.0,0.0,0.0,7.0,23.0,25.0,32.0,13.0,21.0,26.0,13.0,84.0,53.0,0.0,14.0,16.0,19.0,43.0,17.0,68.0,70.0,66.0,7.0,35.0,7.0,0.0,0.0,0.0,103.0,4.0,29.0,0.0,0.0,1.0,3.0,7.0,33.0,0.0,0.0,312.0,0.0,0.0,30.0,108.0,23.0,83.0,13.0,25.0,9.0,184.0,34.0,106.0,17.0,0.0,0.0,0.0,970.0,0.0,0.0,,,,,,,,,,,,,,,,,,,,,,,,,,,,,,,,,,,,,,,,,,,,,,,,,,,,
115,11.0,24.0,7.0,40.0,41.0,0.0,44.0,3.0,0.0,8.0,14.0,1.0,18.0,12.0,14.0,0.0,34.0,4.0,5.0,5.0,0.0,0.0,31.0,20.0,0.0,0.0,6.0,22.0,54.0,37.0,19.0,0.0,88.0,18.0,48.0,32.0,147.0,0.0,261.0,281.0,45.0,21.0,32.0,29.0,3.0,0.0,0.0,0.0,0.0,9.0,20.0,19.0,72.0,36.0,0.0,3.0,52.0,15.0,0.0,2.0,0.0,1.0,0.0,0.0,0.0,0.0,0.0,0.0,0.0,0.0,0.0,0.0,0.0,0.0,0.0,0.0,0.0,0.0,0.0,0.0,0.0,,,,,,,,,,,,,,,,,,,,,,,,,,,,,,,,
116,0.0,0.0,19.0,14.0,4.0,0.0,10.0,32.0,23.0,29.0,13.0,8.0,0.0,0.0,19.0,13.0,38.0,34.0,5.0,10.0,54.0,3.0,27.0,13.0,43.0,6.0,42.0,0.0,12.0,8.0,636.0,44.0,0.0,0.0,130.0,0.0,15.0,605.0,136.0,0.0,55.0,81.0,0.0,,,,,,,,,,,,,,,,,,,,,,,,,,,,,,,,,,,,,,,,,,,,,,,,,,,,,,,,,,,,,,,,,,,,,,
117,21.0,6.0,16.0,54.0,12.0,7.0,0.0,13.0,32.0,20.0,27.0,49.0,3.0,41.0,9.0,51.0,24.0,10.0,143.0,14.0,105.0,36.0,23.0,0.0,13.0,48.0,28.0,60.0,16.0,135.0,0.0,27.0,30.0,0.0,0.0,0.0,0.0,0.0,,,,,,,,,,,,,,,,,,,,,,,,,,,,,,,,,,,,,,,,,,,,,,,,,,,,,,,,,,,,,,,,,,,,,,,,,,,
118,3.0,0.0,16.0,5.0,27.0,31.0,19.0,5.0,17.0,0.0,24.0,34.0,46.0,15.0,54.0,50.0,71.0,53.0,15.0,0.0,0.0,78.0,66.0,29.0,62.0,4.0,19.0,29.0,50.0,3.0,22.0,205.0,149.0,103.0,42.0,12.0,51.0,0.0,148.0,303.0,148.0,0.0,117.0,,,,,,,,,,,,,,,,,,,,,,,,,,,,,,,,,,,,,,,,,,,,,,,,,,,,,,,,,,,,,,,,,,,,,,
119,13.0,10.0,18.0,22.0,0.0,50.0,12.0,0.0,0.0,22.0,6.0,0.0,52.0,99.0,18.0,23.0,0.0,517.0,16.0,27.0,2.0,22.0,84.0,20.0,18.0,32.0,24.0,91.0,0.0,,,,,,,,,,,,,,,,,,,,,,,,,,,,,,,,,,,,,,,,,,,,,,,,,,,,,,,,,,,,,,,,,,,,,,,,,,,,,,,,,,,,
120,6.0,0.0,21.0,6.0,1.0,6.0,13.0,10.0,0.0,2.0,6.0,58.0,0.0,31.0,3.0,0.0,16.0,2.0,4.0,0.0,0.0,8.0,0.0,0.0,13.0,5.0,9.0,6.0,1.0,9.0,4.0,0.0,0.0,2.0,0.0,20.0,12.0,39.0,5.0,30.0,0.0,9.0,106.0,12.0,27.0,0.0,1.0,22.0,0.0,0.0,0.0,0.0,0.0,0.0,0.0,0.0,0.0,0.0,0.0,0.0,0.0,0.0,0.0,0.0,0.0,0.0,0.0,0.0,0.0,0.0,0.0,0.0,0.0,0.0,0.0,0.0,0.0,0.0,0.0,0.0,0.0,0.0,0.0,0.0,466.0,7.0,0.0,0.0,0.0,,,,,,,,,,,,,,,,,,,,,,,,
121,1.0,4.0,0.0,0.0,50.0,22.0,0.0,17.0,2.0,15.0,6.0,21.0,27.0,19.0,0.0,0.0,64.0,0.0,4.0,73.0,6.0,0.0,53.0,100.0,31.0,339.0,60.0,39.0,23.0,0.0,0.0,0.0,23.0,162.0,134.0,87.0,16.0,9.0,3.0,0.0,2.0,0.0,1.0,3.0,6.0,2.0,0.0,0.0,5.0,0.0,0.0,0.0,0.0,0.0,6.0,0.0,,,,,,,,,,,,,,,,,,,,,,,,,,,,,,,,,,,,,,,,,,,,,,,,,,,,,,,,,
122,28.0,16.0,7.0,13.0,9.0,6.0,12.0,6.0,1.0,4.0,6.0,3.0,22.0,8.0,0.0,31.0,0.0,0.0,0.0,0.0,3.0,0.0,49.0,13.0,0.0,23.0,0.0,266.0,0.0,2.0,0.0,0.0,0.0,20.0,16.0,0.0,53.0,250.0,526.0,90.0,0.0,9.0,7.0,22.0,26.0,0.0,37.0,360.0,97.0,11.0,21.0,0.0,43.0,421.0,0.0,31.0,23.0,8.0,76.0,13.0,8.0,64.0,463.0,,,,,,,,,,,,,,,,,,,,,,,,,,,,,,,,,,,,,,,,,,,,,,,,,,
123,6.0,45.0,20.0,3.0,7.0,10.0,0.0,17.0,5.0,25.0,26.0,8.0,31.0,0.0,14.0,15.0,41.0,30.0,37.0,17.0,6.0,13.0,28.0,45.0,9.0,0.0,0.0,0.0,0.0,0.0,,,,,,,,,,,,,,,,,,,,,,,,,,,,,,,,,,,,,,,,,,,,,,,,,,,,,,,,,,,,,,,,,,,,,,,,,,,,,,,,,,,
124,0.0,24.0,5.0,0.0,21.0,10.0,18.0,11.0,30.0,9.0,6.0,19.0,30.0,25.0,0.0,36.0,43.0,0.0,20.0,11.0,0.0,6.0,0.0,40.0,0.0,8.0,0.0,26.0,14.0,14.0,,,,,,,,,,,,,,,,,,,,,,,,,,,,,,,,,,,,,,,,,,,,,,,,,,,,,,,,,,,,,,,,,,,,,,,,,,,,,,,,,,,
125,4.0,14.0,4.0,13.0,9.0,2.0,7.0,13.0,10.0,14.0,32.0,59.0,0.0,0.0,0.0,0.0,0.0,0.0,0.0,0.0,,,,,,,,,,,,,,,,,,,,,,,,,,,,,,,,,,,,,,,,,,,,,,,,,,,,,,,,,,,,,,,,,,,,,,,,,,,,,,,,,,,,,,,,,,,,,
126,12.0,12.0,38.0,0.0,4.0,0.0,13.0,18.0,9.0,27.0,16.0,8.0,16.0,19.0,22.0,14.0,0.0,21.0,0.0,0.0,20.0,3.0,56.0,4.0,0.0,75.0,5.0,80.0,0.0,48.0,26.0,117.0,15.0,11.0,0.0,36.0,268.0,0.0,0.0,0.0,49.0,0.0,0.0,24.0,0.0,0.0,11.0,0.0,0.0,14.0,31.0,0.0,192.0,,,,,,,,,,,,,,,,,,,,,,,,,,,,,,,,,,,,,,,,,,,,,,,,,,,,,,,,,,,,
127,3.0,26.0,8.0,16.0,28.0,10.0,5.0,13.0,0.0,0.0,19.0,4.0,15.0,38.0,8.0,8.0,17.0,0.0,0.0,0.0,10.0,0.0,23.0,18.0,12.0,17.0,19.0,0.0,0.0,16.0,0.0,15.0,0.0,0.0,0.0,0.0,0.0,0.0,0.0,0.0,0.0,0.0,0.0,0.0,0.0,,,,,,,,,,,,,,,,,,,,,,,,,,,,,,,,,,,,,,,,,,,,,,,,,,,,,,,,,,,,,,,,,,,,
128,0.0,29.0,2.0,3.0,29.0,17.0,64.0,2.0,33.0,0.0,0.0,61.0,19.0,0.0,0.0,7.0,25.0,61.0,6.0,16.0,3.0,72.0,0.0,2.0,0.0,32.0,4.0,13.0,108.0,13.0,0.0,21.0,34.0,60.0,25.0,118.0,35.0,0.0,28.0,0.0,0.0,0.0,3.0,40.0,0.0,196.0,110.0,0.0,0.0,,,,,,,,,,,,,,,,,,,,,,,,,,,,,,,,,,,,,,,,,,,,,,,,,,,,,,,,,,,,,,,,
129,10.0,15.0,9.0,0.0,0.0,0.0,3.0,13.0,10.0,0.0,16.0,15.0,0.0,29.0,47.0,40.0,0.0,12.0,0.0,188.0,0.0,41.0,0.0,0.0,22.0,9.0,49.0,0.0,3.0,0.0,0.0,54.0,0.0,0.0,35.0,6.0,35.0,0.0,138.0,430.0,12.0,157.0,150.0,48.0,,,,,,,,,,,,,,,,,,,,,,,,,,,,,,,,,,,,,,,,,,,,,,,,,,,,,,,,,,,,,,,,,,,,,
130,13.0,23.0,29.0,13.0,7.0,12.0,0.0,16.0,81.0,37.0,109.0,64.0,31.0,56.0,18.0,6.0,0.0,0.0,16.0,23.0,113.0,28.0,2.0,85.0,26.0,73.0,81.0,17.0,71.0,98.0,191.0,0.0,9.0,0.0,48.0,0.0,44.0,117.0,54.0,0.0,16.0,0.0,0.0,22.0,10.0,49.0,10.0,14.0,0.0,9.0,0.0,11.0,0.0,0.0,0.0,0.0,0.0,0.0,,,,,,,,,,,,,,,,,,,,,,,,,,,,,,,,,,,,,,,,,,,,,,,,,,,,,,,
131,2.0,14.0,22.0,4.0,12.0,29.0,4.0,13.0,41.0,0.0,42.0,18.0,0.0,53.0,0.0,66.0,8.0,0.0,33.0,68.0,141.0,68.0,74.0,114.0,123.0,25.0,0.0,0.0,22.0,0.0,0.0,100.0,0.0,29.0,0.0,0.0,203.0,41.0,154.0,0.0,,,,,,,,,,,,,,,,,,,,,,,,,,,,,,,,,,,,,,,,,,,,,,,,,,,,,,,,,,,,,,,,,,,,,,,,,
132,24.0,3.0,0.0,14.0,39.0,21.0,7.0,0.0,15.0,18.0,7.0,0.0,0.0,4.0,75.0,45.0,11.0,11.0,0.0,0.0,46.0,60.0,20.0,52.0,13.0,5.0,0.0,38.0,1.0,45.0,5.0,0.0,105.0,56.0,79.0,38.0,19.0,5.0,0.0,0.0,0.0,80.0,72.0,97.0,0.0,40.0,71.0,53.0,,,,,,,,,,,,,,,,,,,,,,,,,,,,,,,,,,,,,,,,,,,,,,,,,,,,,,,,,,,,,,,,,
