,0,1,2,3,4,5,6,7,8,9,10,11,12,13,14,15,16,17,18,19,20,21,22,23,24,25,26,27,28,29,30,31,32,33,34,35,36,37,38,39,40,41,42,43,44,45,46,47,48,49,50,51,52,53,54,55,56,57,58,59,60,61,62,63,64,65,66,67,68,69,70,71,72,73,74,75,76,77,78,79,80,81,82,83,84,85,86,87,88,89,90,91,92,93,94,95,96,97,98,99,100,101,102,103,104,105,106,107,108,109,110,111,112,113,114,115,116,117,118,119,120,121,122,123,124,125,126,127,128,129,130,131,132,133,134,135,136,137
0,1.0,8.0,17.0,3.0,12.0,9.0,20.0,43.0,36.0,14.0,6.0,14.0,16.0,0.0,19.0,7.0,38.0,217.0,0.0,103.0,32.0,54.0,0.0,69.0,42.0,0.0,0.0,0.0,0.0,,,,,,,,,,,,,,,,,,,,,,,,,,,,,,,,,,,,,,,,,,,,,,,,,,,,,,,,,,,,,,,,,,,,,,,,,,,,,,,,,,,,,,,,,,,,,,,,,,,,,,,,,,,,,
1,5.0,22.0,18.0,22.0,0.0,0.0,33.0,11.0,6.0,0.0,6.0,31.0,93.0,5.0,74.0,0.0,0.0,27.0,59.0,167.0,12.0,4.0,91.0,18.0,25.0,104.0,0.0,0.0,0.0,78.0,0.0,0.0,,,,,,,,,,,,,,,,,,,,,,,,,,,,,,,,,,,,,,,,,,,,,,,,,,,,,,,,,,,,,,,,,,,,,,,,,,,,,,,,,,,,,,,,,,,,,,,,,,,,,,,,,,
2,26.0,32.0,13.0,16.0,4.0,8.0,19.0,23.0,0.0,20.0,6.0,45.0,14.0,16.0,0.0,28.0,18.0,0.0,23.0,8.0,3.0,0.0,0.0,54.0,102.0,9.0,72.0,0.0,51.0,108.0,137.0,46.0,18.0,0.0,170.0,62.0,102.0,0.0,0.0,34.0,278.0,70.0,132.0,247.0,0.0,0.0,9.0,0.0,0.0,7.0,0.0,,,,,,,,,,,,,,,,,,,,,,,,,,,,,,,,,,,,,,,,,,,,,,,,,,,,,,,,,,,,,,,,,,,,,,,,,,,,,,,,,,,,,,,
3,16.0,1.0,23.0,0.0,0.0,11.0,22.0,0.0,43.0,18.0,45.0,8.0,54.0,26.0,13.0,46.0,51.0,0.0,0.0,16.0,1.0,34.0,17.0,8.0,7.0,114.0,39.0,30.0,57.0,4.0,0.0,25.0,33.0,1.0,19.0,17.0,98.0,34.0,99.0,2.0,0.0,0.0,,,,,,,,,,,,,,,,,,,,,,,,,,,,,,,,,,,,,,,,,,,,,,,,,,,,,,,,,,,,,,,,,,,,,,,,,,,,,,,,,,,,,,,,,,,,,,,,
4,28.0,44.0,9.0,2.0,21.0,40.0,33.0,5.0,1.0,0.0,75.0,38.0,86.0,0.0,31.0,33.0,20.0,0.0,5.0,88.0,36.0,16.0,10.0,112.0,0.0,0.0,0.0,11.0,74.0,0.0,8.0,10.0,27.0,33.0,9.0,29.0,0.0,0.0,15.0,45.0,19.0,3.0,0.0,21.0,0.0,0.0,4.0,2.0,0.0,2.0,0.0,0.0,11.0,0.0,22.0,10.0,0.0,18.0,27.0,0.0,0.0,0.0,0.0,0.0,5.0,0.0,1.0,0.0,31.0,24.0,10.0,0.0,0.0,0.0,24.0,58.0,0.0,0.0,172.0,0.0,0.0,0.0,0.0,119.0,0.0,0.0,0.0,466.0,0.0,0.0,,,,,,,,,,,,,,,,,,,,,,,,,,,,,,,,,,,,,,,,,,,,,,,,
5,8.0,46.0,11.0,13.0,21.0,85.0,44.0,3.0,20.0,0.0,2.0,215.0,2.0,152.0,130.0,71.0,55.0,43.0,17.0,206.0,11.0,32.0,0.0,287.0,0.0,47.0,629.0,223.0,179.0,0.0,200.0,0.0,,,,,,,,,,,,,,,,,,,,,,,,,,,,,,,,,,,,,,,,,,,,,,,,,,,,,,,,,,,,,,,,,,,,,,,,,,,,,,,,,,,,,,,,,,,,,,,,,,,,,,,,,,
6,28.0,0.0,0.0,25.0,16.0,18.0,4.0,14.0,16.0,33.0,3.0,0.0,4.0,130.0,10.0,56.0,45.0,17.0,0.0,28.0,23.0,25.0,30.0,22.0,7.0,0.0,0.0,21.0,160.0,58.0,101.0,19.0,0.0,24.0,66.0,0.0,0.0,2.0,0.0,268.0,0.0,23.0,0.0,0.0,83.0,0.0,0.0,,,,,,,,,,,,,,,,,,,,,,,,,,,,,,,,,,,,,,,,,,,,,,,,,,,,,,,,,,,,,,,,,,,,,,,,,,,,,,,,,,,,,,,,,,,
7,5.0,39.0,23.0,0.0,0.0,53.0,29.0,18.0,97.0,9.0,0.0,20.0,19.0,23.0,45.0,4.0,1.0,20.0,0.0,0.0,0.0,34.0,0.0,29.0,63.0,0.0,29.0,0.0,0.0,77.0,39.0,39.0,0.0,0.0,0.0,0.0,7.0,4.0,0.0,8.0,6.0,2.0,7.0,0.0,7.0,13.0,8.0,3.0,0.0,0.0,0.0,6.0,2.0,5.0,8.0,0.0,0.0,0.0,0.0,0.0,1.0,4.0,8.0,0.0,0.0,0.0,0.0,0.0,3.0,0.0,2.0,0.0,0.0,0.0,0.0,0.0,0.0,0.0,,,,,,,,,,,,,,,,,,,,,,,,,,,,,,,,,,,,,,,,,,,,,,,,,,,,,,,,,,,,
8,9.0,9.0,50.0,4.0,32.0,51.0,1.0,4.0,24.0,42.0,21.0,23.0,22.0,22.0,0.0,0.0,52.0,15.0,39.0,10.0,52.0,5.0,0.0,0.0,0.0,8.0,69.0,16.0,0.0,30.0,19.0,1.0,22.0,3.0,0.0,0.0,226.0,0.0,0.0,0.0,0.0,0.0,2.0,0.0,0.0,6.0,0.0,10.0,0.0,0.0,21.0,22.0,22.0,6.0,0.0,8.0,99.0,0.0,77.0,76.0,73.0,139.0,23.0,114.0,55.0,12.0,118.0,32.0,112.0,1.0,29.0,4.0,0.0,53.0,,,,,,,,,,,,,,,,,,,,,,,,,,,,,,,,,,,,,,,,,,,,,,,,,,,,,,,,,,,,,,,,
9,40.0,0.0,0.0,39.0,43.0,11.0,18.0,45.0,28.0,21.0,0.0,39.0,48.0,24.0,30.0,17.0,72.0,117.0,0.0,32.0,42.0,0.0,0.0,124.0,166.0,0.0,0.0,0.0,0.0,0.0,0.0,0.0,0.0,0.0,0.0,0.0,,,,,,,,,,,,,,,,,,,,,,,,,,,,,,,,,,,,,,,,,,,,,,,,,,,,,,,,,,,,,,,,,,,,,,,,,,,,,,,,,,,,,,,,,,,,,,,,,,,,,,
10,24.0,27.0,12.0,10.0,0.0,3.0,12.0,27.0,0.0,4.0,1.0,11.0,20.0,0.0,8.0,4.0,22.0,14.0,0.0,88.0,23.0,9.0,0.0,1.0,24.0,15.0,100.0,70.0,0.0,0.0,0.0,0.0,0.0,0.0,,,,,,,,,,,,,,,,,,,,,,,,,,,,,,,,,,,,,,,,,,,,,,,,,,,,,,,,,,,,,,,,,,,,,,,,,,,,,,,,,,,,,,,,,,,,,,,,,,,,,,,,
11,11.0,25.0,31.0,15.0,28.0,0.0,37.0,20.0,34.0,10.0,16.0,23.0,42.0,64.0,20.0,6.0,29.0,14.0,82.0,9.0,37.0,8.0,36.0,9.0,48.0,32.0,0.0,5.0,6.0,25.0,2.0,0.0,2.0,29.0,0.0,0.0,0.0,0.0,0.0,0.0,0.0,0.0,2.0,1.0,10.0,22.0,0.0,31.0,0.0,16.0,0.0,5.0,0.0,1.0,0.0,0.0,0.0,0.0,3.0,0.0,0.0,0.0,0.0,0.0,0.0,0.0,0.0,0.0,0.0,0.0,0.0,0.0,0.0,,,,,,,,,,,,,,,,,,,,,,,,,,,,,,,,,,,,,,,,,,,,,,,,,,,,,,,,,,,,,,,,,
12,16.0,11.0,24.0,0.0,33.0,31.0,34.0,40.0,0.0,0.0,72.0,18.0,25.0,0.0,101.0,9.0,30.0,9.0,0.0,22.0,0.0,75.0,3.0,20.0,36.0,0.0,283.0,3.0,10.0,75.0,2.0,39.0,78.0,0.0,35.0,0.0,0.0,11.0,0.0,0.0,0.0,,,,,,,,,,,,,,,,,,,,,,,,,,,,,,,,,,,,,,,,,,,,,,,,,,,,,,,,,,,,,,,,,,,,,,,,,,,,,,,,,,,,,,,,,,,,,,,,,
13,13.0,48.0,28.0,11.0,0.0,4.0,11.0,33.0,0.0,59.0,5.0,26.0,10.0,6.0,20.0,53.0,27.0,11.0,19.0,20.0,36.0,11.0,0.0,4.0,14.0,9.0,12.0,21.0,24.0,41.0,0.0,96.0,214.0,0.0,264.0,0.0,0.0,0.0,258.0,0.0,35.0,234.0,141.0,0.0,3.0,172.0,206.0,14.0,0.0,20.0,598.0,0.0,0.0,0.0,0.0,0.0,0.0,0.0,0.0,,,,,,,,,,,,,,,,,,,,,,,,,,,,,,,,,,,,,,,,,,,,,,,,,,,,,,,,,,,,,,,,,,,,,,,,,,,,,,,
14,40.0,32.0,39.0,29.0,20.0,3.0,23.0,0.0,17.0,25.0,17.0,1.0,4.0,9.0,17.0,0.0,27.0,11.0,10.0,15.0,22.0,0.0,17.0,51.0,5.0,9.0,12.0,52.0,29.0,5.0,0.0,26.0,6.0,8.0,0.0,1.0,12.0,0.0,5.0,0.0,0.0,0.0,0.0,1.0,0.0,0.0,0.0,2.0,7.0,0.0,0.0,0.0,1.0,,,,,,,,,,,,,,,,,,,,,,,,,,,,,,,,,,,,,,,,,,,,,,,,,,,,,,,,,,,,,,,,,,,,,,,,,,,,,,,,,,,,,
15,0.0,11.0,19.0,0.0,22.0,17.0,29.0,63.0,53.0,18.0,188.0,21.0,39.0,40.0,107.0,58.0,65.0,57.0,246.0,10.0,126.0,60.0,13.0,0.0,0.0,0.0,0.0,0.0,0.0,146.0,,,,,,,,,,,,,,,,,,,,,,,,,,,,,,,,,,,,,,,,,,,,,,,,,,,,,,,,,,,,,,,,,,,,,,,,,,,,,,,,,,,,,,,,,,,,,,,,,,,,,,,,,,,,
16,0.0,30.0,3.0,14.0,11.0,10.0,24.0,63.0,24.0,42.0,122.0,27.0,2.0,216.0,18.0,0.0,21.0,37.0,0.0,156.0,14.0,0.0,40.0,4.0,14.0,12.0,0.0,71.0,0.0,125.0,6.0,182.0,0.0,0.0,0.0,61.0,0.0,0.0,3.0,0.0,,,,,,,,,,,,,,,,,,,,,,,,,,,,,,,,,,,,,,,,,,,,,,,,,,,,,,,,,,,,,,,,,,,,,,,,,,,,,,,,,,,,,,,,,,,,,,,,,,
17,0.0,2.0,48.0,48.0,0.0,0.0,21.0,1.0,0.0,0.0,0.0,0.0,0.0,0.0,0.0,59.0,28.0,93.0,30.0,0.0,0.0,26.0,0.0,38.0,112.0,6.0,35.0,20.0,18.0,,,,,,,,,,,,,,,,,,,,,,,,,,,,,,,,,,,,,,,,,,,,,,,,,,,,,,,,,,,,,,,,,,,,,,,,,,,,,,,,,,,,,,,,,,,,,,,,,,,,,,,,,,,,,
18,14.0,14.0,13.0,0.0,47.0,0.0,23.0,34.0,21.0,33.0,6.0,17.0,23.0,29.0,13.0,13.0,131.0,82.0,0.0,47.0,0.0,102.0,15.0,33.0,17.0,0.0,96.0,11.0,31.0,0.0,0.0,0.0,0.0,21.0,10.0,0.0,0.0,148.0,0.0,0.0,115.0,0.0,0.0,0.0,0.0,0.0,0.0,0.0,0.0,0.0,0.0,0.0,0.0,501.0,330.0,0.0,0.0,823.0,40.0,0.0,1000.0,0.0,0.0,0.0,0.0,0.0,0.0,0.0,0.0,0.0,0.0,0.0,0.0,0.0,0.0,0.0,0.0,0.0,0.0,0.0,0.0,0.0,0.0,0.0,0.0,0.0,0.0,0.0,0.0,0.0,0.0,0.0,0.0,,,,,,,,,,,,,,,,,,,,,,,,,,,,,,,,,,,,,,,,,,,,,
19,9.0,9.0,23.0,17.0,1.0,16.0,7.0,86.0,26.0,64.0,62.0,6.0,83.0,39.0,16.0,15.0,2.0,7.0,0.0,94.0,50.0,41.0,47.0,101.0,0.0,66.0,87.0,71.0,53.0,40.0,237.0,225.0,0.0,0.0,79.0,105.0,0.0,43.0,177.0,66.0,22.0,95.0,42.0,55.0,0.0,0.0,52.0,94.0,18.0,4.0,15.0,29.0,125.0,57.0,52.0,67.0,56.0,29.0,0.0,0.0,9.0,12.0,12.0,40.0,,,,,,,,,,,,,,,,,,,,,,,,,,,,,,,,,,,,,,,,,,,,,,,,,,,,,,,,,,,,,,,,,,,,,,,,,,
20,20.0,0.0,15.0,9.0,0.0,13.0,0.0,0.0,85.0,25.0,0.0,4.0,0.0,14.0,0.0,16.0,22.0,15.0,5.0,7.0,18.0,18.0,0.0,22.0,0.0,2.0,23.0,12.0,26.0,0.0,7.0,33.0,3.0,0.0,0.0,28.0,0.0,0.0,0.0,3.0,0.0,0.0,1.0,0.0,0.0,0.0,0.0,,,,,,,,,,,,,,,,,,,,,,,,,,,,,,,,,,,,,,,,,,,,,,,,,,,,,,,,,,,,,,,,,,,,,,,,,,,,,,,,,,,,,,,,,,,
21,13.0,20.0,10.0,0.0,38.0,18.0,35.0,18.0,0.0,11.0,0.0,35.0,68.0,6.0,0.0,10.0,26.0,0.0,141.0,0.0,27.0,93.0,54.0,73.0,27.0,32.0,46.0,0.0,55.0,32.0,0.0,0.0,65.0,0.0,46.0,2.0,0.0,24.0,114.0,624.0,0.0,57.0,0.0,59.0,0.0,,,,,,,,,,,,,,,,,,,,,,,,,,,,,,,,,,,,,,,,,,,,,,,,,,,,,,,,,,,,,,,,,,,,,,,,,,,,,,,,,,,,,,,,,,,,,
22,21.0,17.0,3.0,11.0,15.0,9.0,19.0,19.0,61.0,7.0,43.0,0.0,86.0,0.0,73.0,38.0,29.0,0.0,15.0,10.0,0.0,76.0,9.0,19.0,81.0,24.0,18.0,85.0,224.0,38.0,80.0,36.0,109.0,0.0,29.0,100.0,0.0,128.0,90.0,19.0,473.0,0.0,46.0,225.0,70.0,15.0,61.0,15.0,101.0,51.0,0.0,16.0,0.0,0.0,11.0,48.0,0.0,619.0,0.0,0.0,0.0,0.0,0.0,0.0,0.0,0.0,0.0,0.0,0.0,0.0,0.0,0.0,0.0,0.0,0.0,0.0,0.0,,,,,,,,,,,,,,,,,,,,,,,,,,,,,,,,,,,,,,,,,,,,,,,,,,,,,,,,,,,,,
23,14.0,33.0,4.0,7.0,1.0,20.0,1.0,22.0,0.0,36.0,0.0,3.0,14.0,0.0,39.0,113.0,137.0,11.0,0.0,68.0,4.0,21.0,0.0,0.0,0.0,54.0,8.0,19.0,69.0,0.0,0.0,137.0,31.0,0.0,0.0,,,,,,,,,,,,,,,,,,,,,,,,,,,,,,,,,,,,,,,,,,,,,,,,,,,,,,,,,,,,,,,,,,,,,,,,,,,,,,,,,,,,,,,,,,,,,,,,,,,,,,,
24,12.0,44.0,0.0,25.0,13.0,9.0,0.0,35.0,22.0,6.0,4.0,0.0,29.0,1.0,0.0,40.0,4.0,3.0,0.0,37.0,60.0,19.0,3.0,14.0,16.0,53.0,0.0,7.0,21.0,0.0,22.0,3.0,0.0,22.0,0.0,0.0,0.0,0.0,0.0,0.0,1.0,24.0,0.0,0.0,0.0,0.0,0.0,6.0,0.0,0.0,29.0,5.0,20.0,0.0,22.0,0.0,254.0,31.0,9.0,5.0,0.0,0.0,0.0,0.0,0.0,3.0,0.0,0.0,0.0,0.0,0.0,0.0,,,,,,,,,,,,,,,,,,,,,,,,,,,,,,,,,,,,,,,,,,,,,,,,,,,,,,,,,,,,,,,,,,
25,23.0,55.0,0.0,18.0,19.0,41.0,9.0,0.0,7.0,27.0,3.0,26.0,51.0,147.0,18.0,20.0,0.0,27.0,44.0,32.0,50.0,0.0,0.0,0.0,0.0,369.0,61.0,197.0,0.0,29.0,68.0,,,,,,,,,,,,,,,,,,,,,,,,,,,,,,,,,,,,,,,,,,,,,,,,,,,,,,,,,,,,,,,,,,,,,,,,,,,,,,,,,,,,,,,,,,,,,,,,,,,,,,,,,,,
26,0.0,18.0,20.0,12.0,4.0,28.0,10.0,97.0,3.0,31.0,122.0,33.0,1.0,30.0,0.0,65.0,0.0,5.0,14.0,44.0,3.0,0.0,0.0,5.0,11.0,5.0,6.0,0.0,0.0,0.0,0.0,0.0,0.0,0.0,0.0,0.0,0.0,0.0,0.0,0.0,0.0,0.0,0.0,0.0,,,,,,,,,,,,,,,,,,,,,,,,,,,,,,,,,,,,,,,,,,,,,,,,,,,,,,,,,,,,,,,,,,,,,,,,,,,,,,,,,,,,,,,,,,,,,,
27,10.0,18.0,9.0,1.0,0.0,3.0,0.0,3.0,0.0,0.0,11.0,12.0,22.0,6.0,2.0,3.0,65.0,143.0,59.0,80.0,0.0,0.0,0.0,5.0,23.0,12.0,27.0,0.0,15.0,0.0,0.0,103.0,41.0,41.0,0.0,112.0,0.0,1.0,25.0,37.0,18.0,37.0,0.0,51.0,61.0,45.0,47.0,17.0,0.0,0.0,490.0,0.0,,,,,,,,,,,,,,,,,,,,,,,,,,,,,,,,,,,,,,,,,,,,,,,,,,,,,,,,,,,,,,,,,,,,,,,,,,,,,,,,,,,,,,
28,15.0,1.0,13.0,0.0,2.0,1.0,0.0,15.0,7.0,19.0,0.0,2.0,31.0,128.0,0.0,50.0,75.0,27.0,5.0,56.0,0.0,48.0,20.0,15.0,82.0,132.0,78.0,39.0,35.0,224.0,216.0,31.0,134.0,0.0,0.0,0.0,0.0,14.0,11.0,44.0,5.0,351.0,0.0,23.0,49.0,11.0,,,,,,,,,,,,,,,,,,,,,,,,,,,,,,,,,,,,,,,,,,,,,,,,,,,,,,,,,,,,,,,,,,,,,,,,,,,,,,,,,,,,,,,,,,,,
29,23.0,10.0,16.0,0.0,6.0,2.0,5.0,0.0,0.0,11.0,0.0,37.0,3.0,6.0,108.0,16.0,8.0,26.0,14.0,0.0,30.0,0.0,23.0,30.0,11.0,0.0,0.0,12.0,9.0,29.0,29.0,27.0,0.0,10.0,1.0,33.0,52.0,38.0,28.0,37.0,35.0,0.0,0.0,0.0,4.0,0.0,0.0,0.0,0.0,0.0,0.0,,,,,,,,,,,,,,,,,,,,,,,,,,,,,,,,,,,,,,,,,,,,,,,,,,,,,,,,,,,,,,,,,,,,,,,,,,,,,,,,,,,,,,,
30,27.0,17.0,10.0,10.0,13.0,0.0,2.0,0.0,11.0,61.0,22.0,0.0,0.0,5.0,47.0,0.0,27.0,24.0,13.0,52.0,55.0,36.0,6.0,0.0,45.0,3.0,25.0,67.0,0.0,0.0,17.0,0.0,60.0,8.0,50.0,,,,,,,,,,,,,,,,,,,,,,,,,,,,,,,,,,,,,,,,,,,,,,,,,,,,,,,,,,,,,,,,,,,,,,,,,,,,,,,,,,,,,,,,,,,,,,,,,,,,,,,
31,0.0,32.0,35.0,25.0,0.0,12.0,47.0,10.0,13.0,0.0,5.0,22.0,3.0,43.0,34.0,25.0,25.0,50.0,8.0,4.0,80.0,30.0,19.0,174.0,183.0,60.0,1.0,0.0,0.0,69.0,32.0,89.0,0.0,124.0,264.0,0.0,0.0,16.0,64.0,58.0,29.0,60.0,45.0,16.0,0.0,0.0,0.0,3.0,46.0,0.0,0.0,13.0,6.0,0.0,36.0,0.0,0.0,0.0,0.0,164.0,0.0,0.0,0.0,0.0,201.0,184.0,0.0,0.0,0.0,0.0,0.0,0.0,,,,,,,,,,,,,,,,,,,,,,,,,,,,,,,,,,,,,,,,,,,,,,,,,,,,,,,,,,,,,,,,,,
32,34.0,0.0,19.0,9.0,2.0,0.0,9.0,3.0,6.0,27.0,0.0,39.0,0.0,5.0,28.0,0.0,10.0,0.0,13.0,0.0,0.0,47.0,3.0,6.0,10.0,46.0,18.0,16.0,90.0,81.0,,,,,,,,,,,,,,,,,,,,,,,,,,,,,,,,,,,,,,,,,,,,,,,,,,,,,,,,,,,,,,,,,,,,,,,,,,,,,,,,,,,,,,,,,,,,,,,,,,,,,,,,,,,,
33,11.0,18.0,6.0,0.0,3.0,15.0,19.0,4.0,15.0,1.0,16.0,18.0,0.0,6.0,36.0,86.0,0.0,0.0,142.0,126.0,0.0,27.0,2.0,111.0,0.0,102.0,0.0,8.0,242.0,169.0,42.0,516.0,755.0,13.0,44.0,0.0,153.0,6.0,0.0,62.0,0.0,0.0,168.0,8.0,0.0,37.0,19.0,26.0,97.0,12.0,67.0,29.0,137.0,0.0,77.0,0.0,,,,,,,,,,,,,,,,,,,,,,,,,,,,,,,,,,,,,,,,,,,,,,,,,,,,,,,,,,,,,,,,,,,,,,,,,,,,,,,,,,
34,21.0,37.0,2.0,19.0,17.0,33.0,16.0,12.0,1.0,15.0,15.0,0.0,10.0,63.0,0.0,35.0,0.0,0.0,123.0,0.0,4.0,0.0,16.0,5.0,0.0,4.0,21.0,13.0,30.0,0.0,61.0,7.0,9.0,64.0,155.0,0.0,0.0,0.0,59.0,0.0,0.0,0.0,0.0,0.0,16.0,0.0,0.0,0.0,0.0,,,,,,,,,,,,,,,,,,,,,,,,,,,,,,,,,,,,,,,,,,,,,,,,,,,,,,,,,,,,,,,,,,,,,,,,,,,,,,,,,,,,,,,,,
35,47.0,10.0,0.0,39.0,37.0,22.0,2.0,9.0,6.0,3.0,2.0,17.0,25.0,19.0,22.0,0.0,8.0,10.0,6.0,0.0,0.0,5.0,0.0,10.0,89.0,25.0,27.0,87.0,9.0,0.0,39.0,0.0,127.0,0.0,,,,,,,,,,,,,,,,,,,,,,,,,,,,,,,,,,,,,,,,,,,,,,,,,,,,,,,,,,,,,,,,,,,,,,,,,,,,,,,,,,,,,,,,,,,,,,,,,,,,,,,,
36,14.0,3.0,8.0,7.0,7.0,28.0,1.0,0.0,0.0,15.0,19.0,15.0,41.0,9.0,34.0,64.0,16.0,48.0,11.0,82.0,0.0,1.0,23.0,23.0,12.0,5.0,9.0,0.0,0.0,0.0,2.0,11.0,7.0,3.0,8.0,0.0,2.0,8.0,15.0,0.0,1.0,9.0,0.0,9.0,0.0,9.0,0.0,0.0,0.0,0.0,0.0,0.0,0.0,0.0,0.0,0.0,0.0,0.0,,,,,,,,,,,,,,,,,,,,,,,,,,,,,,,,,,,,,,,,,,,,,,,,,,,,,,,,,,,,,,,,,,,,,,,,,,,,,,,,
37,31.0,34.0,22.0,49.0,30.0,20.0,43.0,51.0,0.0,8.0,12.0,19.0,68.0,18.0,12.0,74.0,21.0,59.0,0.0,54.0,0.0,0.0,62.0,90.0,8.0,7.0,76.0,52.0,6.0,2.0,23.0,0.0,1.0,0.0,139.0,11.0,15.0,0.0,3.0,0.0,305.0,101.0,0.0,0.0,36.0,0.0,4.0,0.0,27.0,74.0,0.0,1.0,143.0,0.0,0.0,79.0,42.0,26.0,10.0,50.0,,,,,,,,,,,,,,,,,,,,,,,,,,,,,,,,,,,,,,,,,,,,,,,,,,,,,,,,,,,,,,,,,,,,,,,,,,,,,,
38,19.0,6.0,35.0,0.0,30.0,41.0,0.0,0.0,10.0,12.0,62.0,53.0,0.0,72.0,5.0,44.0,27.0,66.0,43.0,9.0,128.0,0.0,3.0,93.0,14.0,47.0,101.0,219.0,43.0,34.0,14.0,41.0,38.0,285.0,150.0,42.0,51.0,15.0,130.0,0.0,0.0,0.0,0.0,21.0,47.0,114.0,0.0,0.0,,,,,,,,,,,,,,,,,,,,,,,,,,,,,,,,,,,,,,,,,,,,,,,,,,,,,,,,,,,,,,,,,,,,,,,,,,,,,,,,,,,,,,,,,,
39,0.0,7.0,44.0,0.0,52.0,0.0,0.0,9.0,25.0,48.0,15.0,11.0,0.0,0.0,32.0,0.0,34.0,0.0,35.0,16.0,18.0,18.0,20.0,0.0,0.0,7.0,0.0,16.0,0.0,7.0,12.0,0.0,0.0,0.0,0.0,0.0,6.0,0.0,0.0,0.0,0.0,30.0,6.0,14.0,13.0,7.0,14.0,0.0,20.0,0.0,0.0,0.0,0.0,0.0,0.0,24.0,0.0,0.0,0.0,0.0,,,,,,,,,,,,,,,,,,,,,,,,,,,,,,,,,,,,,,,,,,,,,,,,,,,,,,,,,,,,,,,,,,,,,,,,,,,,,,
40,43.0,0.0,15.0,9.0,52.0,22.0,27.0,28.0,9.0,12.0,8.0,0.0,0.0,36.0,0.0,0.0,0.0,12.0,9.0,12.0,0.0,19.0,0.0,0.0,1.0,0.0,5.0,0.0,17.0,16.0,21.0,39.0,16.0,17.0,0.0,0.0,1.0,0.0,0.0,0.0,9.0,0.0,9.0,0.0,3.0,9.0,13.0,7.0,5.0,17.0,0.0,22.0,0.0,0.0,1.0,0.0,12.0,0.0,10.0,0.0,0.0,0.0,42.0,38.0,0.0,0.0,0.0,944.0,,,,,,,,,,,,,,,,,,,,,,,,,,,,,,,,,,,,,,,,,,,,,,,,,,,,,,,,,,,,,,,,,,,,,,
41,29.0,14.0,2.0,7.0,0.0,8.0,7.0,7.0,4.0,34.0,6.0,19.0,1.0,28.0,18.0,0.0,0.0,17.0,9.0,43.0,36.0,70.0,36.0,0.0,0.0,53.0,0.0,32.0,51.0,82.0,0.0,0.0,38.0,33.0,44.0,10.0,0.0,0.0,,,,,,,,,,,,,,,,,,,,,,,,,,,,,,,,,,,,,,,,,,,,,,,,,,,,,,,,,,,,,,,,,,,,,,,,,,,,,,,,,,,,,,,,,,,,,,,,,,,,
42,28.0,9.0,4.0,29.0,10.0,38.0,3.0,14.0,0.0,0.0,0.0,0.0,0.0,46.0,21.0,11.0,42.0,15.0,0.0,23.0,0.0,114.0,26.0,21.0,7.0,92.0,21.0,0.0,26.0,0.0,0.0,18.0,204.0,9.0,0.0,0.0,,,,,,,,,,,,,,,,,,,,,,,,,,,,,,,,,,,,,,,,,,,,,,,,,,,,,,,,,,,,,,,,,,,,,,,,,,,,,,,,,,,,,,,,,,,,,,,,,,,,,,
43,54.0,13.0,67.0,13.0,0.0,17.0,80.0,6.0,11.0,0.0,7.0,0.0,83.0,25.0,13.0,11.0,0.0,0.0,88.0,10.0,,,,,,,,,,,,,,,,,,,,,,,,,,,,,,,,,,,,,,,,,,,,,,,,,,,,,,,,,,,,,,,,,,,,,,,,,,,,,,,,,,,,,,,,,,,,,,,,,,,,,,,,,,,,,,,,,,,,,,
44,25.0,36.0,10.0,6.0,25.0,24.0,13.0,25.0,37.0,42.0,96.0,0.0,45.0,0.0,7.0,0.0,30.0,0.0,24.0,57.0,31.0,49.0,73.0,190.0,59.0,9.0,0.0,0.0,93.0,0.0,0.0,3.0,6.0,0.0,15.0,16.0,66.0,27.0,43.0,213.0,244.0,0.0,103.0,41.0,39.0,260.0,170.0,97.0,0.0,0.0,198.0,0.0,3.0,152.0,0.0,0.0,,,,,,,,,,,,,,,,,,,,,,,,,,,,,,,,,,,,,,,,,,,,,,,,,,,,,,,,,,,,,,,,,,,,,,,,,,,,,,,,,,
45,39.0,6.0,12.0,3.0,24.0,219.0,12.0,10.0,0.0,236.0,17.0,92.0,26.0,268.0,174.0,10.0,49.0,0.0,73.0,19.0,58.0,63.0,0.0,14.0,298.0,122.0,59.0,85.0,0.0,48.0,6.0,109.0,54.0,61.0,173.0,0.0,271.0,60.0,186.0,64.0,368.0,,,,,,,,,,,,,,,,,,,,,,,,,,,,,,,,,,,,,,,,,,,,,,,,,,,,,,,,,,,,,,,,,,,,,,,,,,,,,,,,,,,,,,,,,,,,,,,,,
46,52.0,11.0,3.0,24.0,10.0,0.0,0.0,21.0,16.0,9.0,0.0,0.0,58.0,85.0,40.0,59.0,328.0,112.0,47.0,0.0,39.0,48.0,31.0,0.0,386.0,14.0,10.0,5.0,0.0,60.0,66.0,1.0,53.0,39.0,15.0,35.0,10.0,111.0,21.0,14.0,0.0,0.0,205.0,41.0,37.0,3.0,49.0,29.0,0.0,185.0,322.0,0.0,0.0,70.0,0.0,0.0,0.0,1.0,0.0,0.0,0.0,0.0,0.0,0.0,3.0,4.0,2.0,1.0,3.0,14.0,15.0,29.0,,,,,,,,,,,,,,,,,,,,,,,,,,,,,,,,,,,,,,,,,,,,,,,,,,,,,,,,,,,,,,,,,,
47,2.0,2.0,13.0,8.0,29.0,0.0,0.0,42.0,29.0,9.0,26.0,58.0,0.0,5.0,0.0,21.0,1.0,38.0,0.0,0.0,0.0,15.0,15.0,16.0,40.0,0.0,42.0,47.0,0.0,0.0,0.0,0.0,0.0,0.0,0.0,,,,,,,,,,,,,,,,,,,,,,,,,,,,,,,,,,,,,,,,,,,,,,,,,,,,,,,,,,,,,,,,,,,,,,,,,,,,,,,,,,,,,,,,,,,,,,,,,,,,,,,
48,25.0,12.0,0.0,0.0,0.0,15.0,0.0,18.0,63.0,1.0,26.0,4.0,0.0,32.0,17.0,19.0,27.0,17.0,93.0,85.0,86.0,124.0,1.0,1.0,75.0,35.0,42.0,62.0,0.0,62.0,73.0,91.0,183.0,193.0,0.0,0.0,20.0,,,,,,,,,,,,,,,,,,,,,,,,,,,,,,,,,,,,,,,,,,,,,,,,,,,,,,,,,,,,,,,,,,,,,,,,,,,,,,,,,,,,,,,,,,,,,,,,,,,,,
49,20.0,0.0,24.0,23.0,7.0,0.0,20.0,16.0,15.0,0.0,11.0,17.0,45.0,6.0,18.0,36.0,30.0,20.0,2.0,121.0,10.0,57.0,47.0,37.0,0.0,9.0,9.0,0.0,16.0,23.0,11.0,49.0,55.0,9.0,,,,,,,,,,,,,,,,,,,,,,,,,,,,,,,,,,,,,,,,,,,,,,,,,,,,,,,,,,,,,,,,,,,,,,,,,,,,,,,,,,,,,,,,,,,,,,,,,,,,,,,,
50,43.0,11.0,8.0,6.0,0.0,2.0,16.0,44.0,9.0,9.0,9.0,0.0,31.0,7.0,0.0,2.0,0.0,43.0,0.0,28.0,3.0,16.0,16.0,190.0,6.0,61.0,18.0,0.0,0.0,477.0,,,,,,,,,,,,,,,,,,,,,,,,,,,,,,,,,,,,,,,,,,,,,,,,,,,,,,,,,,,,,,,,,,,,,,,,,,,,,,,,,,,,,,,,,,,,,,,,,,,,,,,,,,,,
51,4.0,7.0,3.0,24.0,21.0,0.0,7.0,2.0,24.0,24.0,9.0,47.0,3.0,25.0,101.0,27.0,124.0,14.0,51.0,22.0,0.0,60.0,59.0,10.0,18.0,69.0,0.0,34.0,22.0,17.0,309.0,8.0,299.0,80.0,484.0,31.0,182.0,53.0,41.0,289.0,0.0,0.0,,,,,,,,,,,,,,,,,,,,,,,,,,,,,,,,,,,,,,,,,,,,,,,,,,,,,,,,,,,,,,,,,,,,,,,,,,,,,,,,,,,,,,,,,,,,,,,,
52,14.0,21.0,12.0,7.0,5.0,2.0,42.0,4.0,3.0,0.0,3.0,4.0,24.0,49.0,35.0,38.0,28.0,50.0,50.0,39.0,25.0,22.0,57.0,32.0,2.0,2.0,0.0,143.0,11.0,59.0,114.0,10.0,17.0,39.0,20.0,49.0,7.0,0.0,0.0,0.0,228.0,0.0,124.0,20.0,0.0,0.0,0.0,,,,,,,,,,,,,,,,,,,,,,,,,,,,,,,,,,,,,,,,,,,,,,,,,,,,,,,,,,,,,,,,,,,,,,,,,,,,,,,,,,,,,,,,,,,
53,12.0,32.0,6.0,13.0,0.0,7.0,18.0,18.0,15.0,9.0,28.0,0.0,7.0,21.0,0.0,35.0,15.0,0.0,0.0,0.0,0.0,0.0,21.0,17.0,0.0,3.0,3.0,11.0,10.0,0.0,81.0,0.0,48.0,0.0,423.0,7.0,606.0,0.0,0.0,,,,,,,,,,,,,,,,,,,,,,,,,,,,,,,,,,,,,,,,,,,,,,,,,,,,,,,,,,,,,,,,,,,,,,,,,,,,,,,,,,,,,,,,,,,,,,,,,,,
54,11.0,12.0,36.0,7.0,23.0,28.0,5.0,71.0,20.0,0.0,6.0,10.0,64.0,13.0,1.0,0.0,116.0,32.0,35.0,61.0,31.0,136.0,19.0,67.0,22.0,0.0,0.0,0.0,0.0,31.0,17.0,14.0,11.0,2.0,10.0,,,,,,,,,,,,,,,,,,,,,,,,,,,,,,,,,,,,,,,,,,,,,,,,,,,,,,,,,,,,,,,,,,,,,,,,,,,,,,,,,,,,,,,,,,,,,,,,,,,,,,,
55,7.0,42.0,0.0,9.0,10.0,6.0,2.0,11.0,26.0,19.0,14.0,0.0,1.0,6.0,0.0,0.0,0.0,4.0,3.0,23.0,0.0,5.0,12.0,18.0,5.0,0.0,16.0,17.0,0.0,45.0,0.0,15.0,0.0,0.0,70.0,0.0,24.0,57.0,33.0,24.0,36.0,0.0,96.0,20.0,11.0,69.0,0.0,4.0,42.0,0.0,0.0,6.0,0.0,0.0,0.0,0.0,0.0,26.0,0.0,0.0,,,,,,,,,,,,,,,,,,,,,,,,,,,,,,,,,,,,,,,,,,,,,,,,,,,,,,,,,,,,,,,,,,,,,,,,,,,,,,
56,2.0,22.0,3.0,18.0,59.0,28.0,15.0,24.0,14.0,29.0,1.0,0.0,58.0,0.0,30.0,66.0,0.0,28.0,171.0,45.0,19.0,33.0,11.0,96.0,23.0,36.0,176.0,134.0,214.0,,,,,,,,,,,,,,,,,,,,,,,,,,,,,,,,,,,,,,,,,,,,,,,,,,,,,,,,,,,,,,,,,,,,,,,,,,,,,,,,,,,,,,,,,,,,,,,,,,,,,,,,,,,,,
57,8.0,26.0,4.0,0.0,41.0,20.0,49.0,27.0,3.0,15.0,13.0,3.0,34.0,76.0,0.0,18.0,37.0,41.0,29.0,61.0,13.0,75.0,20.0,4.0,43.0,37.0,20.0,36.0,36.0,14.0,0.0,16.0,6.0,0.0,4.0,11.0,7.0,0.0,15.0,19.0,25.0,21.0,5.0,49.0,8.0,0.0,0.0,0.0,0.0,1.0,2.0,0.0,,,,,,,,,,,,,,,,,,,,,,,,,,,,,,,,,,,,,,,,,,,,,,,,,,,,,,,,,,,,,,,,,,,,,,,,,,,,,,,,,,,,,,
58,19.0,1.0,16.0,7.0,17.0,0.0,8.0,35.0,12.0,20.0,16.0,14.0,26.0,32.0,38.0,18.0,42.0,0.0,0.0,24.0,46.0,18.0,32.0,39.0,72.0,134.0,243.0,142.0,1.0,9.0,24.0,177.0,129.0,32.0,0.0,0.0,11.0,0.0,0.0,0.0,0.0,0.0,0.0,,,,,,,,,,,,,,,,,,,,,,,,,,,,,,,,,,,,,,,,,,,,,,,,,,,,,,,,,,,,,,,,,,,,,,,,,,,,,,,,,,,,,,,,,,,,,,,
59,15.0,58.0,0.0,7.0,22.0,8.0,10.0,26.0,25.0,13.0,37.0,50.0,0.0,0.0,0.0,21.0,58.0,0.0,4.0,20.0,0.0,2.0,44.0,0.0,5.0,60.0,5.0,16.0,110.0,0.0,0.0,8.0,18.0,46.0,0.0,64.0,0.0,0.0,0.0,0.0,23.0,12.0,0.0,56.0,1.0,44.0,7.0,0.0,0.0,0.0,0.0,0.0,0.0,0.0,0.0,,,,,,,,,,,,,,,,,,,,,,,,,,,,,,,,,,,,,,,,,,,,,,,,,,,,,,,,,,,,,,,,,,,,,,,,,,,,,,,,,,,
60,0.0,31.0,11.0,33.0,36.0,1.0,0.0,13.0,59.0,28.0,10.0,0.0,81.0,0.0,8.0,16.0,3.0,10.0,25.0,5.0,22.0,28.0,14.0,59.0,34.0,46.0,12.0,0.0,25.0,9.0,26.0,11.0,38.0,0.0,90.0,48.0,0.0,3.0,0.0,0.0,0.0,95.0,32.0,0.0,24.0,16.0,63.0,77.0,8.0,5.0,0.0,52.0,0.0,239.0,0.0,0.0,,,,,,,,,,,,,,,,,,,,,,,,,,,,,,,,,,,,,,,,,,,,,,,,,,,,,,,,,,,,,,,,,,,,,,,,,,,,,,,,,,
61,6.0,24.0,0.0,0.0,0.0,1.0,0.0,83.0,5.0,0.0,59.0,53.0,5.0,85.0,4.0,16.0,49.0,77.0,130.0,0.0,63.0,8.0,5.0,10.0,48.0,78.0,36.0,32.0,48.0,47.0,13.0,0.0,0.0,0.0,0.0,0.0,0.0,1.0,18.0,33.0,,,,,,,,,,,,,,,,,,,,,,,,,,,,,,,,,,,,,,,,,,,,,,,,,,,,,,,,,,,,,,,,,,,,,,,,,,,,,,,,,,,,,,,,,,,,,,,,,,
62,4.0,21.0,12.0,12.0,21.0,21.0,0.0,36.0,53.0,8.0,65.0,17.0,14.0,38.0,145.0,5.0,31.0,0.0,11.0,0.0,17.0,1.0,0.0,0.0,0.0,10.0,0.0,22.0,0.0,26.0,15.0,0.0,59.0,10.0,73.0,163.0,0.0,0.0,13.0,0.0,22.0,7.0,0.0,0.0,16.0,,,,,,,,,,,,,,,,,,,,,,,,,,,,,,,,,,,,,,,,,,,,,,,,,,,,,,,,,,,,,,,,,,,,,,,,,,,,,,,,,,,,,,,,,,,,,
63,13.0,36.0,11.0,0.0,1.0,25.0,15.0,22.0,13.0,55.0,0.0,27.0,10.0,40.0,1.0,28.0,74.0,85.0,130.0,39.0,36.0,0.0,23.0,0.0,0.0,18.0,29.0,163.0,0.0,94.0,33.0,28.0,0.0,0.0,78.0,67.0,0.0,93.0,15.0,38.0,0.0,16.0,137.0,177.0,0.0,0.0,0.0,0.0,0.0,0.0,11.0,2.0,8.0,0.0,0.0,0.0,1.0,5.0,0.0,0.0,,,,,,,,,,,,,,,,,,,,,,,,,,,,,,,,,,,,,,,,,,,,,,,,,,,,,,,,,,,,,,,,,,,,,,,,,,,,,,
64,13.0,6.0,0.0,6.0,18.0,22.0,5.0,2.0,46.0,0.0,0.0,52.0,9.0,16.0,0.0,0.0,0.0,17.0,0.0,0.0,21.0,0.0,8.0,48.0,18.0,8.0,9.0,60.0,131.0,0.0,168.0,80.0,4.0,117.0,0.0,59.0,18.0,0.0,50.0,98.0,12.0,9.0,115.0,189.0,29.0,0.0,8.0,59.0,28.0,73.0,0.0,3.0,19.0,20.0,111.0,18.0,11.0,33.0,146.0,44.0,0.0,0.0,2.0,16.0,0.0,6.0,3.0,,,,,,,,,,,,,,,,,,,,,,,,,,,,,,,,,,,,,,,,,,,,,,,,,,,,,,,,,,,,,,,,,,,,,,,
65,26.0,1.0,31.0,10.0,21.0,6.0,57.0,14.0,0.0,8.0,0.0,75.0,90.0,35.0,65.0,49.0,0.0,41.0,30.0,0.0,43.0,112.0,55.0,0.0,23.0,11.0,0.0,34.0,19.0,23.0,0.0,11.0,7.0,13.0,55.0,70.0,8.0,0.0,12.0,88.0,121.0,44.0,21.0,35.0,12.0,86.0,3.0,18.0,38.0,7.0,109.0,0.0,0.0,27.0,0.0,12.0,43.0,1.0,98.0,126.0,1.0,5.0,,,,,,,,,,,,,,,,,,,,,,,,,,,,,,,,,,,,,,,,,,,,,,,,,,,,,,,,,,,,,,,,,,,,,,,,,,,,
66,20.0,35.0,0.0,0.0,48.0,4.0,33.0,26.0,18.0,24.0,29.0,38.0,0.0,37.0,15.0,210.0,17.0,0.0,104.0,0.0,1.0,67.0,0.0,49.0,27.0,50.0,22.0,0.0,2.0,9.0,93.0,46.0,25.0,41.0,25.0,101.0,7.0,47.0,0.0,28.0,0.0,0.0,0.0,403.0,0.0,66.0,169.0,821.0,0.0,0.0,34.0,565.0,46.0,0.0,0.0,72.0,160.0,204.0,11.0,50.0,19.0,40.0,11.0,237.0,70.0,0.0,0.0,0.0,0.0,0.0,0.0,,,,,,,,,,,,,,,,,,,,,,,,,,,,,,,,,,,,,,,,,,,,,,,,,,,,,,,,,,,,,,,,,,,
67,0.0,55.0,4.0,14.0,8.0,5.0,23.0,13.0,25.0,57.0,0.0,37.0,31.0,39.0,36.0,14.0,0.0,8.0,0.0,28.0,18.0,0.0,37.0,9.0,40.0,14.0,52.0,2.0,113.0,26.0,0.0,80.0,16.0,30.0,19.0,0.0,92.0,0.0,23.0,0.0,2.0,0.0,0.0,11.0,0.0,3.0,0.0,0.0,0.0,0.0,4.0,1.0,0.0,19.0,1.0,0.0,,,,,,,,,,,,,,,,,,,,,,,,,,,,,,,,,,,,,,,,,,,,,,,,,,,,,,,,,,,,,,,,,,,,,,,,,,,,,,,,,,
68,10.0,9.0,4.0,34.0,22.0,0.0,17.0,0.0,31.0,1.0,17.0,19.0,107.0,12.0,9.0,21.0,10.0,0.0,3.0,5.0,27.0,10.0,0.0,20.0,22.0,0.0,0.0,0.0,22.0,308.0,35.0,37.0,316.0,90.0,39.0,0.0,0.0,0.0,23.0,73.0,88.0,0.0,30.0,22.0,12.0,0.0,53.0,,,,,,,,,,,,,,,,,,,,,,,,,,,,,,,,,,,,,,,,,,,,,,,,,,,,,,,,,,,,,,,,,,,,,,,,,,,,,,,,,,,,,,,,,,,
69,0.0,31.0,0.0,39.0,9.0,14.0,0.0,2.0,16.0,8.0,12.0,0.0,49.0,65.0,13.0,11.0,26.0,8.0,44.0,70.0,102.0,10.0,10.0,24.0,0.0,230.0,85.0,78.0,205.0,51.0,0.0,54.0,0.0,13.0,45.0,319.0,0.0,61.0,0.0,0.0,55.0,11.0,0.0,11.0,12.0,21.0,298.0,7.0,0.0,8.0,48.0,0.0,4.0,35.0,0.0,5.0,72.0,2.0,4.0,28.0,30.0,6.0,0.0,0.0,67.0,6.0,468.0,13.0,0.0,6.0,0.0,0.0,0.0,0.0,0.0,0.0,0.0,0.0,0.0,0.0,0.0,0.0,0.0,,,,,,,,,,,,,,,,,,,,,,,,,,,,,,,,,,,,,,,,,,,,,,,,,,,,,,,
70,20.0,7.0,18.0,0.0,0.0,47.0,4.0,55.0,15.0,79.0,23.0,0.0,17.0,43.0,2.0,142.0,0.0,0.0,29.0,4.0,17.0,80.0,0.0,13.0,0.0,0.0,66.0,12.0,3.0,10.0,0.0,23.0,0.0,0.0,9.0,0.0,14.0,0.0,0.0,0.0,0.0,22.0,0.0,11.0,0.0,0.0,0.0,0.0,0.0,,,,,,,,,,,,,,,,,,,,,,,,,,,,,,,,,,,,,,,,,,,,,,,,,,,,,,,,,,,,,,,,,,,,,,,,,,,,,,,,,,,,,,,,,
71,3.0,1.0,13.0,3.0,98.0,13.0,1.0,0.0,13.0,10.0,21.0,54.0,28.0,71.0,0.0,15.0,24.0,115.0,21.0,0.0,0.0,114.0,0.0,12.0,13.0,35.0,0.0,0.0,0.0,0.0,0.0,67.0,0.0,131.0,206.0,136.0,108.0,0.0,0.0,30.0,180.0,63.0,57.0,0.0,99.0,4.0,20.0,0.0,17.0,0.0,0.0,0.0,0.0,0.0,,,,,,,,,,,,,,,,,,,,,,,,,,,,,,,,,,,,,,,,,,,,,,,,,,,,,,,,,,,,,,,,,,,,,,,,,,,,,,,,,,,,
72,0.0,8.0,15.0,11.0,0.0,0.0,25.0,21.0,10.0,0.0,24.0,22.0,23.0,14.0,0.0,28.0,0.0,0.0,20.0,11.0,2.0,20.0,0.0,0.0,6.0,0.0,32.0,35.0,0.0,27.0,0.0,0.0,0.0,0.0,0.0,0.0,1.0,0.0,2.0,0.0,0.0,0.0,0.0,,,,,,,,,,,,,,,,,,,,,,,,,,,,,,,,,,,,,,,,,,,,,,,,,,,,,,,,,,,,,,,,,,,,,,,,,,,,,,,,,,,,,,,,,,,,,,,
73,2.0,25.0,0.0,63.0,33.0,0.0,17.0,1.0,40.0,0.0,7.0,19.0,60.0,37.0,41.0,37.0,26.0,0.0,158.0,16.0,9.0,16.0,0.0,7.0,64.0,50.0,81.0,0.0,38.0,0.0,7.0,30.0,76.0,599.0,7.0,169.0,0.0,26.0,176.0,104.0,0.0,8.0,239.0,24.0,267.0,92.0,627.0,0.0,1.0,1.0,2.0,0.0,0.0,0.0,0.0,8.0,0.0,0.0,31.0,0.0,0.0,0.0,0.0,0.0,0.0,0.0,0.0,0.0,0.0,3.0,0.0,0.0,0.0,0.0,0.0,0.0,0.0,0.0,0.0,0.0,0.0,0.0,0.0,0.0,0.0,0.0,0.0,0.0,0.0,0.0,0.0,0.0,0.0,0.0,0.0,0.0,0.0,0.0,0.0,0.0,0.0,0.0,0.0,0.0,0.0,0.0,0.0,0.0,0.0,0.0,0.0,0.0,0.0,0.0,0.0,0.0,0.0,0.0,0.0,0.0,0.0,,,,,,,,,,,,,,,,,
74,1.0,6.0,29.0,15.0,0.0,11.0,31.0,60.0,10.0,35.0,13.0,127.0,0.0,218.0,58.0,71.0,0.0,15.0,74.0,15.0,41.0,76.0,57.0,289.0,5.0,65.0,3.0,0.0,57.0,0.0,24.0,15.0,22.0,5.0,11.0,7.0,17.0,11.0,0.0,16.0,27.0,24.0,6.0,27.0,27.0,0.0,44.0,35.0,45.0,0.0,1.0,0.0,13.0,13.0,0.0,0.0,37.0,0.0,40.0,14.0,0.0,0.0,0.0,0.0,0.0,0.0,0.0,123.0,454.0,4.0,0.0,28.0,91.0,0.0,3.0,9.0,,,,,,,,,,,,,,,,,,,,,,,,,,,,,,,,,,,,,,,,,,,,,,,,,,,,,,,,,,,,,,
75,6.0,4.0,32.0,26.0,41.0,30.0,2.0,4.0,13.0,21.0,20.0,104.0,159.0,70.0,5.0,9.0,37.0,12.0,152.0,220.0,51.0,0.0,308.0,0.0,0.0,0.0,27.0,94.0,19.0,0.0,12.0,41.0,0.0,23.0,48.0,27.0,373.0,249.0,43.0,111.0,0.0,236.0,2.0,236.0,40.0,363.0,0.0,17.0,0.0,0.0,8.0,7.0,92.0,0.0,371.0,0.0,126.0,,,,,,,,,,,,,,,,,,,,,,,,,,,,,,,,,,,,,,,,,,,,,,,,,,,,,,,,,,,,,,,,,,,,,,,,,,,,,,,,,
76,25.0,12.0,10.0,0.0,35.0,15.0,4.0,9.0,28.0,0.0,13.0,0.0,10.0,0.0,15.0,36.0,1.0,15.0,0.0,0.0,2.0,0.0,0.0,83.0,0.0,89.0,46.0,1.0,61.0,3.0,402.0,187.0,76.0,16.0,0.0,,,,,,,,,,,,,,,,,,,,,,,,,,,,,,,,,,,,,,,,,,,,,,,,,,,,,,,,,,,,,,,,,,,,,,,,,,,,,,,,,,,,,,,,,,,,,,,,,,,,,,,
77,11.0,12.0,16.0,11.0,2.0,22.0,39.0,17.0,22.0,9.0,20.0,7.0,17.0,47.0,58.0,6.0,43.0,27.0,42.0,24.0,4.0,49.0,32.0,25.0,79.0,0.0,0.0,85.0,5.0,37.0,81.0,42.0,0.0,6.0,12.0,0.0,0.0,0.0,5.0,0.0,0.0,0.0,0.0,0.0,0.0,0.0,0.0,0.0,,,,,,,,,,,,,,,,,,,,,,,,,,,,,,,,,,,,,,,,,,,,,,,,,,,,,,,,,,,,,,,,,,,,,,,,,,,,,,,,,,,,,,,,,,
78,28.0,8.0,1.0,7.0,3.0,41.0,75.0,2.0,5.0,44.0,35.0,36.0,44.0,13.0,68.0,21.0,55.0,15.0,0.0,45.0,2.0,0.0,0.0,494.0,0.0,250.0,72.0,96.0,0.0,1.0,21.0,8.0,32.0,18.0,23.0,0.0,62.0,0.0,0.0,99.0,18.0,0.0,19.0,18.0,39.0,8.0,14.0,20.0,29.0,15.0,8.0,0.0,118.0,90.0,33.0,0.0,,,,,,,,,,,,,,,,,,,,,,,,,,,,,,,,,,,,,,,,,,,,,,,,,,,,,,,,,,,,,,,,,,,,,,,,,,,,,,,,,,
79,20.0,7.0,7.0,23.0,0.0,9.0,2.0,0.0,3.0,8.0,33.0,32.0,36.0,12.0,17.0,26.0,0.0,110.0,0.0,15.0,0.0,41.0,43.0,95.0,0.0,0.0,2.0,0.0,130.0,39.0,53.0,39.0,0.0,6.0,0.0,77.0,18.0,40.0,3.0,0.0,0.0,4.0,,,,,,,,,,,,,,,,,,,,,,,,,,,,,,,,,,,,,,,,,,,,,,,,,,,,,,,,,,,,,,,,,,,,,,,,,,,,,,,,,,,,,,,,,,,,,,,,
80,30.0,0.0,30.0,17.0,61.0,0.0,9.0,23.0,26.0,62.0,46.0,33.0,0.0,16.0,0.0,96.0,22.0,4.0,0.0,14.0,0.0,11.0,5.0,12.0,157.0,0.0,101.0,41.0,26.0,6.0,22.0,136.0,43.0,41.0,0.0,0.0,47.0,8.0,115.0,6.0,0.0,19.0,48.0,0.0,94.0,185.0,16.0,0.0,217.0,139.0,0.0,293.0,0.0,0.0,30.0,0.0,0.0,301.0,0.0,0.0,0.0,0.0,0.0,0.0,0.0,,,,,,,,,,,,,,,,,,,,,,,,,,,,,,,,,,,,,,,,,,,,,,,,,,,,,,,,,,,,,,,,,,,,,,,,,
81,48.0,1.0,0.0,1.0,4.0,15.0,38.0,4.0,13.0,5.0,59.0,18.0,12.0,39.0,7.0,31.0,68.0,5.0,1.0,4.0,84.0,5.0,0.0,28.0,138.0,0.0,275.0,123.0,134.0,64.0,60.0,,,,,,,,,,,,,,,,,,,,,,,,,,,,,,,,,,,,,,,,,,,,,,,,,,,,,,,,,,,,,,,,,,,,,,,,,,,,,,,,,,,,,,,,,,,,,,,,,,,,,,,,,,,
82,25.0,19.0,19.0,1.0,8.0,14.0,65.0,125.0,9.0,12.0,0.0,8.0,107.0,8.0,19.0,98.0,127.0,52.0,0.0,133.0,78.0,116.0,18.0,12.0,11.0,0.0,23.0,75.0,105.0,32.0,1003.0,8.0,51.0,5.0,212.0,47.0,65.0,3.0,105.0,0.0,67.0,82.0,0.0,119.0,0.0,655.0,176.0,0.0,0.0,10.0,30.0,232.0,0.0,0.0,239.0,0.0,80.0,0.0,104.0,0.0,0.0,0.0,0.0,0.0,0.0,,,,,,,,,,,,,,,,,,,,,,,,,,,,,,,,,,,,,,,,,,,,,,,,,,,,,,,,,,,,,,,,,,,,,,,,,
83,16.0,55.0,9.0,13.0,14.0,11.0,39.0,14.0,0.0,0.0,16.0,37.0,64.0,72.0,33.0,0.0,0.0,26.0,14.0,19.0,14.0,36.0,534.0,48.0,0.0,59.0,180.0,234.0,0.0,1.0,76.0,21.0,20.0,0.0,53.0,38.0,72.0,52.0,91.0,,,,,,,,,,,,,,,,,,,,,,,,,,,,,,,,,,,,,,,,,,,,,,,,,,,,,,,,,,,,,,,,,,,,,,,,,,,,,,,,,,,,,,,,,,,,,,,,,,,
84,36.0,35.0,20.0,15.0,6.0,31.0,4.0,23.0,0.0,0.0,6.0,56.0,24.0,145.0,5.0,23.0,34.0,69.0,28.0,7.0,72.0,43.0,49.0,15.0,14.0,46.0,1.0,15.0,47.0,0.0,65.0,22.0,18.0,0.0,0.0,48.0,61.0,116.0,57.0,393.0,0.0,21.0,95.0,28.0,0.0,0.0,0.0,109.0,119.0,0.0,35.0,246.0,20.0,0.0,0.0,31.0,0.0,0.0,0.0,115.0,40.0,98.0,0.0,0.0,0.0,0.0,1.0,44.0,0.0,0.0,127.0,0.0,0.0,0.0,233.0,0.0,77.0,0.0,140.0,0.0,0.0,0.0,211.0,0.0,0.0,0.0,0.0,0.0,0.0,0.0,0.0,0.0,0.0,0.0,0.0,0.0,0.0,0.0,,,,,,,,,,,,,,,,,,,,,,,,,,,,,,,,,,,,,,,,
85,7.0,20.0,24.0,6.0,11.0,6.0,0.0,13.0,4.0,19.0,12.0,15.0,22.0,0.0,13.0,4.0,41.0,123.0,196.0,116.0,0.0,63.0,36.0,0.0,68.0,34.0,46.0,33.0,18.0,25.0,58.0,0.0,0.0,0.0,29.0,0.0,6.0,26.0,19.0,0.0,10.0,1.0,12.0,9.0,50.0,0.0,40.0,0.0,85.0,199.0,40.0,2.0,101.0,26.0,1.0,16.0,22.0,16.0,7.0,45.0,406.0,0.0,0.0,0.0,0.0,0.0,0.0,0.0,0.0,0.0,0.0,0.0,,,,,,,,,,,,,,,,,,,,,,,,,,,,,,,,,,,,,,,,,,,,,,,,,,,,,,,,,,,,,,,,,,
86,39.0,15.0,8.0,32.0,13.0,0.0,12.0,31.0,0.0,18.0,19.0,72.0,4.0,0.0,24.0,0.0,0.0,7.0,28.0,22.0,28.0,44.0,93.0,26.0,0.0,0.0,42.0,52.0,0.0,0.0,14.0,10.0,3.0,43.0,,,,,,,,,,,,,,,,,,,,,,,,,,,,,,,,,,,,,,,,,,,,,,,,,,,,,,,,,,,,,,,,,,,,,,,,,,,,,,,,,,,,,,,,,,,,,,,,,,,,,,,,
87,12.0,14.0,4.0,24.0,0.0,0.0,24.0,25.0,30.0,16.0,5.0,23.0,28.0,0.0,108.0,13.0,0.0,141.0,43.0,24.0,31.0,135.0,34.0,7.0,22.0,23.0,84.0,16.0,25.0,76.0,36.0,11.0,14.0,35.0,30.0,0.0,0.0,16.0,6.0,2.0,0.0,0.0,8.0,0.0,0.0,0.0,5.0,0.0,5.0,0.0,0.0,689.0,6.0,0.0,0.0,0.0,0.0,4.0,0.0,0.0,0.0,0.0,0.0,0.0,0.0,0.0,0.0,0.0,0.0,0.0,0.0,0.0,0.0,0.0,0.0,0.0,0.0,0.0,0.0,0.0,0.0,0.0,0.0,0.0,0.0,0.0,0.0,0.0,0.0,0.0,0.0,0.0,0.0,0.0,0.0,0.0,0.0,0.0,0.0,0.0,0.0,0.0,0.0,0.0,0.0,0.0,0.0,0.0,0.0,0.0,0.0,0.0,0.0,0.0,0.0,0.0,0.0,0.0,0.0,0.0,0.0,0.0,0.0,0.0,0.0,0.0,0.0,0.0,0.0,0.0,0.0,0.0,0.0,0.0,0.0,0.0,0.0,0.0
88,39.0,21.0,9.0,28.0,23.0,15.0,22.0,8.0,28.0,75.0,24.0,20.0,0.0,3.0,234.0,47.0,17.0,0.0,139.0,10.0,7.0,10.0,32.0,27.0,0.0,43.0,21.0,214.0,28.0,286.0,30.0,50.0,467.0,55.0,167.0,28.0,0.0,43.0,19.0,0.0,0.0,102.0,16.0,0.0,152.0,0.0,0.0,0.0,10.0,35.0,0.0,0.0,0.0,0.0,0.0,0.0,0.0,47.0,0.0,0.0,3.0,0.0,6.0,,,,,,,,,,,,,,,,,,,,,,,,,,,,,,,,,,,,,,,,,,,,,,,,,,,,,,,,,,,,,,,,,,,,,,,,,,,
89,2.0,23.0,14.0,0.0,15.0,10.0,64.0,0.0,102.0,0.0,0.0,25.0,20.0,0.0,0.0,0.0,0.0,0.0,0.0,4.0,19.0,391.0,57.0,39.0,22.0,0.0,3.0,25.0,5.0,36.0,0.0,0.0,51.0,87.0,32.0,24.0,18.0,26.0,54.0,199.0,463.0,16.0,554.0,24.0,25.0,23.0,209.0,74.0,450.0,30.0,0.0,79.0,65.0,0.0,63.0,0.0,0.0,381.0,133.0,0.0,0.0,0.0,0.0,0.0,50.0,2.0,9.0,132.0,0.0,119.0,28.0,81.0,0.0,5.0,11.0,7.0,0.0,0.0,0.0,8.0,362.0,13.0,636.0,0.0,0.0,0.0,0.0,0.0,0.0,,,,,,,,,,,,,,,,,,,,,,,,,,,,,,,,,,,,,,,,,,,,,,,,,
90,11.0,2.0,0.0,30.0,16.0,6.0,12.0,0.0,12.0,6.0,8.0,74.0,19.0,27.0,16.0,33.0,79.0,5.0,0.0,57.0,0.0,0.0,45.0,0.0,0.0,0.0,19.0,726.0,,,,,,,,,,,,,,,,,,,,,,,,,,,,,,,,,,,,,,,,,,,,,,,,,,,,,,,,,,,,,,,,,,,,,,,,,,,,,,,,,,,,,,,,,,,,,,,,,,,,,,,,,,,,,,
91,40.0,5.0,26.0,0.0,2.0,13.0,10.0,9.0,38.0,0.0,7.0,20.0,27.0,0.0,0.0,12.0,25.0,18.0,8.0,5.0,0.0,0.0,136.0,3.0,38.0,26.0,56.0,4.0,0.0,48.0,51.0,0.0,0.0,44.0,88.0,7.0,0.0,0.0,0.0,0.0,0.0,0.0,0.0,0.0,22.0,0.0,0.0,0.0,0.0,0.0,,,,,,,,,,,,,,,,,,,,,,,,,,,,,,,,,,,,,,,,,,,,,,,,,,,,,,,,,,,,,,,,,,,,,,,,,,,,,,,,,,,,,,,,
92,23.0,4.0,5.0,7.0,68.0,4.0,19.0,15.0,11.0,22.0,3.0,18.0,21.0,54.0,106.0,16.0,0.0,30.0,56.0,1.0,84.0,7.0,6.0,31.0,2.0,13.0,205.0,0.0,32.0,0.0,46.0,0.0,0.0,0.0,90.0,238.0,18.0,21.0,36.0,41.0,50.0,2.0,262.0,0.0,179.0,254.0,0.0,35.0,67.0,44.0,31.0,5.0,49.0,43.0,185.0,2.0,0.0,5.0,161.0,0.0,0.0,0.0,0.0,0.0,,,,,,,,,,,,,,,,,,,,,,,,,,,,,,,,,,,,,,,,,,,,,,,,,,,,,,,,,,,,,,,,,,,,,,,,,,
93,0.0,8.0,18.0,14.0,15.0,21.0,2.0,2.0,0.0,31.0,0.0,1.0,60.0,4.0,0.0,12.0,18.0,0.0,27.0,33.0,0.0,0.0,59.0,8.0,16.0,1.0,0.0,0.0,13.0,0.0,18.0,1.0,83.0,14.0,0.0,42.0,8.0,1.0,15.0,0.0,0.0,0.0,0.0,,,,,,,,,,,,,,,,,,,,,,,,,,,,,,,,,,,,,,,,,,,,,,,,,,,,,,,,,,,,,,,,,,,,,,,,,,,,,,,,,,,,,,,,,,,,,,,
94,32.0,26.0,28.0,0.0,6.0,46.0,1.0,17.0,50.0,19.0,0.0,17.0,0.0,14.0,17.0,6.0,37.0,0.0,0.0,0.0,151.0,83.0,80.0,22.0,0.0,71.0,81.0,89.0,59.0,81.0,0.0,0.0,0.0,56.0,15.0,35.0,53.0,7.0,0.0,0.0,34.0,0.0,33.0,24.0,30.0,49.0,0.0,54.0,144.0,117.0,14.0,0.0,34.0,1.0,0.0,0.0,0.0,0.0,16.0,0.0,0.0,2.0,0.0,0.0,1.0,2.0,11.0,1.0,6.0,0.0,0.0,0.0,7.0,0.0,0.0,0.0,0.0,0.0,0.0,0.0,0.0,0.0,0.0,0.0,0.0,0.0,0.0,0.0,0.0,0.0,0.0,0.0,0.0,0.0,0.0,0.0,0.0,0.0,0.0,,,,,,,,,,,,,,,,,,,,,,,,,,,,,,,,,,,,,,,
95,8.0,40.0,32.0,3.0,20.0,26.0,37.0,0.0,17.0,16.0,67.0,18.0,0.0,52.0,58.0,61.0,72.0,0.0,84.0,32.0,0.0,0.0,0.0,115.0,12.0,6.0,106.0,121.0,1.0,129.0,124.0,31.0,188.0,0.0,335.0,57.0,242.0,124.0,317.0,66.0,134.0,248.0,42.0,416.0,342.0,123.0,0.0,0.0,0.0,0.0,53.0,,,,,,,,,,,,,,,,,,,,,,,,,,,,,,,,,,,,,,,,,,,,,,,,,,,,,,,,,,,,,,,,,,,,,,,,,,,,,,,,,,,,,,,
96,4.0,12.0,1.0,24.0,11.0,16.0,57.0,26.0,29.0,62.0,17.0,91.0,25.0,69.0,31.0,10.0,0.0,29.0,0.0,136.0,27.0,36.0,44.0,23.0,168.0,23.0,0.0,164.0,10.0,31.0,54.0,0.0,16.0,140.0,0.0,90.0,17.0,13.0,0.0,16.0,47.0,0.0,65.0,0.0,241.0,76.0,0.0,84.0,,,,,,,,,,,,,,,,,,,,,,,,,,,,,,,,,,,,,,,,,,,,,,,,,,,,,,,,,,,,,,,,,,,,,,,,,,,,,,,,,,,,,,,,,,
97,0.0,0.0,22.0,22.0,19.0,16.0,19.0,39.0,0.0,0.0,0.0,23.0,27.0,0.0,105.0,26.0,0.0,74.0,73.0,56.0,36.0,33.0,0.0,75.0,1.0,8.0,19.0,117.0,40.0,0.0,23.0,23.0,0.0,0.0,0.0,43.0,0.0,30.0,49.0,0.0,0.0,0.0,0.0,0.0,0.0,0.0,0.0,0.0,,,,,,,,,,,,,,,,,,,,,,,,,,,,,,,,,,,,,,,,,,,,,,,,,,,,,,,,,,,,,,,,,,,,,,,,,,,,,,,,,,,,,,,,,,
98,11.0,7.0,21.0,2.0,6.0,33.0,32.0,10.0,0.0,30.0,0.0,40.0,0.0,26.0,0.0,19.0,39.0,28.0,0.0,3.0,5.0,6.0,0.0,4.0,0.0,23.0,0.0,38.0,17.0,,,,,,,,,,,,,,,,,,,,,,,,,,,,,,,,,,,,,,,,,,,,,,,,,,,,,,,,,,,,,,,,,,,,,,,,,,,,,,,,,,,,,,,,,,,,,,,,,,,,,,,,,,,,,
99,21.0,5.0,15.0,32.0,89.0,18.0,35.0,0.0,16.0,24.0,0.0,57.0,2.0,35.0,0.0,19.0,200.0,33.0,48.0,29.0,57.0,16.0,11.0,0.0,52.0,50.0,44.0,29.0,0.0,0.0,4.0,34.0,56.0,0.0,0.0,76.0,22.0,214.0,0.0,0.0,14.0,0.0,37.0,0.0,0.0,0.0,0.0,115.0,126.0,574.0,0.0,8.0,15.0,13.0,0.0,0.0,,,,,,,,,,,,,,,,,,,,,,,,,,,,,,,,,,,,,,,,,,,,,,,,,,,,,,,,,,,,,,,,,,,,,,,,,,,,,,,,,,
100,10.0,4.0,22.0,30.0,1.0,0.0,0.0,25.0,73.0,110.0,94.0,27.0,34.0,9.0,0.0,0.0,36.0,3.0,0.0,0.0,0.0,15.0,0.0,22.0,25.0,11.0,0.0,0.0,0.0,11.0,17.0,0.0,0.0,1.0,2.0,4.0,0.0,0.0,,,,,,,,,,,,,,,,,,,,,,,,,,,,,,,,,,,,,,,,,,,,,,,,,,,,,,,,,,,,,,,,,,,,,,,,,,,,,,,,,,,,,,,,,,,,,,,,,,,,
101,14.0,21.0,35.0,1.0,14.0,16.0,43.0,0.0,9.0,12.0,17.0,0.0,22.0,18.0,16.0,61.0,21.0,6.0,56.0,17.0,0.0,6.0,0.0,5.0,1.0,4.0,0.0,0.0,0.0,0.0,,,,,,,,,,,,,,,,,,,,,,,,,,,,,,,,,,,,,,,,,,,,,,,,,,,,,,,,,,,,,,,,,,,,,,,,,,,,,,,,,,,,,,,,,,,,,,,,,,,,,,,,,,,,
102,24.0,0.0,0.0,25.0,0.0,41.0,0.0,27.0,59.0,324.0,96.0,85.0,397.0,182.0,46.0,4.0,109.0,68.0,27.0,13.0,0.0,0.0,0.0,0.0,,,,,,,,,,,,,,,,,,,,,,,,,,,,,,,,,,,,,,,,,,,,,,,,,,,,,,,,,,,,,,,,,,,,,,,,,,,,,,,,,,,,,,,,,,,,,,,,,,,,,,,,,,,,,,,,,,
103,18.0,1.0,0.0,0.0,38.0,3.0,23.0,119.0,0.0,48.0,75.0,33.0,31.0,0.0,0.0,60.0,38.0,96.0,12.0,10.0,82.0,67.0,0.0,45.0,7.0,0.0,43.0,43.0,4.0,140.0,42.0,0.0,34.0,10.0,150.0,65.0,22.0,23.0,463.0,17.0,3.0,0.0,0.0,43.0,0.0,157.0,9.0,0.0,0.0,0.0,0.0,0.0,0.0,0.0,0.0,0.0,0.0,366.0,724.0,0.0,0.0,,,,,,,,,,,,,,,,,,,,,,,,,,,,,,,,,,,,,,,,,,,,,,,,,,,,,,,,,,,,,,,,,,,,,,,,,,,,,
104,14.0,41.0,1.0,0.0,11.0,11.0,33.0,54.0,23.0,17.0,71.0,50.0,29.0,0.0,0.0,52.0,0.0,8.0,29.0,23.0,0.0,0.0,28.0,0.0,0.0,45.0,0.0,0.0,0.0,0.0,0.0,7.0,0.0,0.0,11.0,0.0,,,,,,,,,,,,,,,,,,,,,,,,,,,,,,,,,,,,,,,,,,,,,,,,,,,,,,,,,,,,,,,,,,,,,,,,,,,,,,,,,,,,,,,,,,,,,,,,,,,,,,
105,22.0,10.0,21.0,0.0,3.0,43.0,9.0,12.0,39.0,16.0,9.0,2.0,16.0,72.0,31.0,19.0,5.0,19.0,27.0,16.0,0.0,0.0,30.0,14.0,16.0,23.0,3.0,16.0,0.0,12.0,12.0,40.0,0.0,25.0,13.0,16.0,47.0,68.0,0.0,20.0,2.0,0.0,3.0,0.0,0.0,5.0,0.0,58.0,0.0,12.0,290.0,0.0,127.0,123.0,,,,,,,,,,,,,,,,,,,,,,,,,,,,,,,,,,,,,,,,,,,,,,,,,,,,,,,,,,,,,,,,,,,,,,,,,,,,,,,,,,,,
106,29.0,10.0,27.0,0.0,12.0,5.0,19.0,22.0,0.0,5.0,22.0,6.0,6.0,0.0,0.0,41.0,1.0,36.0,50.0,73.0,21.0,23.0,0.0,127.0,4.0,19.0,26.0,0.0,0.0,0.0,53.0,5.0,0.0,20.0,0.0,,,,,,,,,,,,,,,,,,,,,,,,,,,,,,,,,,,,,,,,,,,,,,,,,,,,,,,,,,,,,,,,,,,,,,,,,,,,,,,,,,,,,,,,,,,,,,,,,,,,,,,
107,19.0,9.0,19.0,22.0,9.0,14.0,35.0,43.0,11.0,4.0,24.0,0.0,13.0,16.0,0.0,0.0,1.0,9.0,10.0,0.0,0.0,3.0,1.0,3.0,0.0,0.0,0.0,16.0,0.0,119.0,0.0,73.0,18.0,0.0,0.0,0.0,1.0,2.0,0.0,0.0,0.0,0.0,0.0,119.0,0.0,287.0,0.0,0.0,0.0,0.0,0.0,,,,,,,,,,,,,,,,,,,,,,,,,,,,,,,,,,,,,,,,,,,,,,,,,,,,,,,,,,,,,,,,,,,,,,,,,,,,,,,,,,,,,,,
108,0.0,28.0,12.0,11.0,13.0,10.0,21.0,19.0,8.0,41.0,18.0,0.0,7.0,66.0,54.0,0.0,107.0,15.0,6.0,18.0,3.0,5.0,29.0,0.0,0.0,29.0,0.0,13.0,22.0,45.0,13.0,5.0,0.0,31.0,8.0,0.0,29.0,10.0,21.0,0.0,26.0,27.0,19.0,26.0,100.0,0.0,0.0,0.0,0.0,0.0,0.0,26.0,152.0,178.0,0.0,0.0,,,,,,,,,,,,,,,,,,,,,,,,,,,,,,,,,,,,,,,,,,,,,,,,,,,,,,,,,,,,,,,,,,,,,,,,,,,,,,,,,,
109,17.0,1.0,14.0,10.0,9.0,16.0,16.0,0.0,89.0,47.0,0.0,0.0,0.0,0.0,0.0,0.0,0.0,118.0,43.0,22.0,46.0,4.0,0.0,58.0,0.0,41.0,21.0,100.0,121.0,48.0,387.0,30.0,0.0,0.0,,,,,,,,,,,,,,,,,,,,,,,,,,,,,,,,,,,,,,,,,,,,,,,,,,,,,,,,,,,,,,,,,,,,,,,,,,,,,,,,,,,,,,,,,,,,,,,,,,,,,,,,
110,7.0,37.0,21.0,6.0,21.0,10.0,14.0,91.0,31.0,94.0,0.0,10.0,34.0,32.0,0.0,5.0,79.0,31.0,41.0,24.0,41.0,0.0,3.0,25.0,0.0,56.0,106.0,27.0,29.0,92.0,57.0,0.0,0.0,1.0,0.0,26.0,0.0,13.0,21.0,0.0,0.0,39.0,0.0,0.0,119.0,0.0,9.0,0.0,0.0,0.0,,,,,,,,,,,,,,,,,,,,,,,,,,,,,,,,,,,,,,,,,,,,,,,,,,,,,,,,,,,,,,,,,,,,,,,,,,,,,,,,,,,,,,,,
111,3.0,21.0,34.0,9.0,9.0,35.0,36.0,25.0,45.0,20.0,14.0,39.0,0.0,81.0,14.0,34.0,37.0,48.0,26.0,0.0,43.0,0.0,0.0,71.0,3.0,0.0,0.0,0.0,0.0,21.0,0.0,,,,,,,,,,,,,,,,,,,,,,,,,,,,,,,,,,,,,,,,,,,,,,,,,,,,,,,,,,,,,,,,,,,,,,,,,,,,,,,,,,,,,,,,,,,,,,,,,,,,,,,,,,,
112,2.0,53.0,12.0,14.0,22.0,1.0,4.0,0.0,19.0,0.0,12.0,23.0,26.0,0.0,15.0,62.0,21.0,0.0,21.0,33.0,0.0,0.0,0.0,11.0,2.0,188.0,0.0,,,,,,,,,,,,,,,,,,,,,,,,,,,,,,,,,,,,,,,,,,,,,,,,,,,,,,,,,,,,,,,,,,,,,,,,,,,,,,,,,,,,,,,,,,,,,,,,,,,,,,,,,,,,,,,
113,22.0,9.0,8.0,21.0,27.0,4.0,0.0,0.0,58.0,20.0,12.0,2.0,13.0,16.0,0.0,9.0,26.0,0.0,0.0,52.0,8.0,0.0,91.0,134.0,9.0,47.0,108.0,0.0,11.0,11.0,199.0,162.0,16.0,44.0,0.0,2.0,84.0,7.0,22.0,2.0,7.0,37.0,27.0,0.0,4.0,38.0,1.0,36.0,98.0,124.0,53.0,26.0,167.0,26.0,0.0,49.0,0.0,220.0,0.0,0.0,144.0,,,,,,,,,,,,,,,,,,,,,,,,,,,,,,,,,,,,,,,,,,,,,,,,,,,,,,,,,,,,,,,,,,,,,,,,,,,,,
114,23.0,0.0,13.0,3.0,14.0,10.0,17.0,6.0,19.0,0.0,20.0,0.0,3.0,1.0,8.0,4.0,26.0,0.0,0.0,19.0,45.0,46.0,17.0,0.0,47.0,0.0,18.0,20.0,40.0,84.0,9.0,25.0,0.0,0.0,0.0,4.0,17.0,0.0,0.0,17.0,0.0,9.0,14.0,11.0,0.0,7.0,9.0,40.0,8.0,0.0,0.0,42.0,3.0,0.0,0.0,0.0,0.0,0.0,0.0,0.0,0.0,0.0,,,,,,,,,,,,,,,,,,,,,,,,,,,,,,,,,,,,,,,,,,,,,,,,,,,,,,,,,,,,,,,,,,,,,,,,,,,,
115,9.0,14.0,11.0,7.0,20.0,0.0,0.0,18.0,0.0,18.0,0.0,2.0,0.0,24.0,13.0,4.0,9.0,0.0,8.0,0.0,10.0,25.0,8.0,0.0,0.0,0.0,3.0,0.0,5.0,2.0,,,,,,,,,,,,,,,,,,,,,,,,,,,,,,,,,,,,,,,,,,,,,,,,,,,,,,,,,,,,,,,,,,,,,,,,,,,,,,,,,,,,,,,,,,,,,,,,,,,,,,,,,,,,
116,6.0,3.0,23.0,21.0,25.0,9.0,0.0,21.0,8.0,0.0,0.0,2.0,2.0,0.0,36.0,12.0,2.0,51.0,3.0,6.0,0.0,0.0,44.0,3.0,0.0,4.0,9.0,8.0,16.0,13.0,,,,,,,,,,,,,,,,,,,,,,,,,,,,,,,,,,,,,,,,,,,,,,,,,,,,,,,,,,,,,,,,,,,,,,,,,,,,,,,,,,,,,,,,,,,,,,,,,,,,,,,,,,,,
117,26.0,16.0,7.0,29.0,16.0,7.0,0.0,5.0,0.0,18.0,0.0,18.0,0.0,13.0,0.0,9.0,19.0,0.0,18.0,0.0,50.0,4.0,10.0,28.0,0.0,1.0,1.0,2.0,20.0,0.0,17.0,13.0,0.0,0.0,124.0,98.0,0.0,0.0,0.0,0.0,0.0,0.0,,,,,,,,,,,,,,,,,,,,,,,,,,,,,,,,,,,,,,,,,,,,,,,,,,,,,,,,,,,,,,,,,,,,,,,,,,,,,,,,,,,,,,,,,,,,,,,,
118,30.0,39.0,21.0,2.0,0.0,5.0,14.0,2.0,13.0,29.0,0.0,48.0,23.0,0.0,8.0,0.0,49.0,7.0,0.0,0.0,91.0,55.0,6.0,0.0,18.0,18.0,66.0,0.0,77.0,47.0,0.0,39.0,94.0,15.0,0.0,31.0,33.0,14.0,9.0,11.0,7.0,16.0,4.0,0.0,0.0,0.0,0.0,0.0,0.0,0.0,10.0,20.0,0.0,3.0,0.0,0.0,0.0,0.0,,,,,,,,,,,,,,,,,,,,,,,,,,,,,,,,,,,,,,,,,,,,,,,,,,,,,,,,,,,,,,,,,,,,,,,,,,,,,,,,
119,16.0,34.0,6.0,4.0,14.0,3.0,26.0,33.0,2.0,86.0,1.0,40.0,5.0,0.0,111.0,21.0,59.0,44.0,41.0,4.0,5.0,0.0,5.0,0.0,0.0,139.0,88.0,0.0,24.0,0.0,100.0,0.0,61.0,13.0,0.0,0.0,73.0,0.0,0.0,0.0,0.0,0.0,,,,,,,,,,,,,,,,,,,,,,,,,,,,,,,,,,,,,,,,,,,,,,,,,,,,,,,,,,,,,,,,,,,,,,,,,,,,,,,,,,,,,,,,,,,,,,,,
120,6.0,0.0,13.0,0.0,3.0,20.0,19.0,15.0,24.0,0.0,21.0,32.0,4.0,21.0,13.0,18.0,50.0,41.0,41.0,11.0,90.0,0.0,7.0,0.0,60.0,66.0,52.0,0.0,0.0,0.0,0.0,57.0,66.0,0.0,44.0,36.0,41.0,209.0,19.0,19.0,19.0,68.0,62.0,66.0,117.0,33.0,77.0,0.0,0.0,60.0,0.0,0.0,177.0,,,,,,,,,,,,,,,,,,,,,,,,,,,,,,,,,,,,,,,,,,,,,,,,,,,,,,,,,,,,,,,,,,,,,,,,,,,,,,,,,,,,,
121,3.0,53.0,18.0,10.0,4.0,21.0,29.0,35.0,17.0,0.0,0.0,11.0,14.0,0.0,12.0,34.0,16.0,29.0,21.0,0.0,9.0,46.0,44.0,42.0,12.0,0.0,79.0,0.0,21.0,44.0,11.0,23.0,0.0,41.0,12.0,0.0,0.0,21.0,0.0,10.0,117.0,154.0,41.0,92.0,0.0,66.0,31.0,53.0,0.0,35.0,0.0,2.0,0.0,0.0,0.0,0.0,,,,,,,,,,,,,,,,,,,,,,,,,,,,,,,,,,,,,,,,,,,,,,,,,,,,,,,,,,,,,,,,,,,,,,,,,,,,,,,,,,
122,30.0,0.0,6.0,15.0,0.0,32.0,11.0,0.0,12.0,0.0,0.0,6.0,2.0,43.0,0.0,44.0,14.0,27.0,10.0,15.0,1.0,2.0,0.0,1.0,4.0,14.0,0.0,11.0,,,,,,,,,,,,,,,,,,,,,,,,,,,,,,,,,,,,,,,,,,,,,,,,,,,,,,,,,,,,,,,,,,,,,,,,,,,,,,,,,,,,,,,,,,,,,,,,,,,,,,,,,,,,,,
123,8.0,9.0,8.0,14.0,0.0,15.0,20.0,41.0,0.0,30.0,0.0,6.0,40.0,4.0,17.0,29.0,0.0,132.0,49.0,0.0,0.0,0.0,20.0,0.0,0.0,10.0,39.0,69.0,40.0,0.0,0.0,85.0,15.0,62.0,9.0,203.0,45.0,42.0,34.0,0.0,0.0,0.0,0.0,106.0,60.0,64.0,0.0,37.0,9.0,0.0,0.0,0.0,0.0,7.0,0.0,30.0,0.0,0.0,0.0,,,,,,,,,,,,,,,,,,,,,,,,,,,,,,,,,,,,,,,,,,,,,,,,,,,,,,,,,,,,,,,,,,,,,,,,,,,,,,,
124,13.0,16.0,0.0,7.0,7.0,29.0,9.0,34.0,55.0,65.0,0.0,63.0,7.0,44.0,3.0,42.0,45.0,0.0,24.0,0.0,18.0,10.0,25.0,0.0,22.0,0.0,23.0,0.0,0.0,26.0,0.0,,,,,,,,,,,,,,,,,,,,,,,,,,,,,,,,,,,,,,,,,,,,,,,,,,,,,,,,,,,,,,,,,,,,,,,,,,,,,,,,,,,,,,,,,,,,,,,,,,,,,,,,,,,
125,19.0,13.0,0.0,12.0,7.0,13.0,0.0,0.0,12.0,20.0,8.0,53.0,7.0,12.0,24.0,91.0,41.0,1.0,1.0,79.0,42.0,123.0,0.0,0.0,20.0,45.0,36.0,33.0,8.0,52.0,19.0,0.0,20.0,0.0,0.0,185.0,0.0,7.0,0.0,7.0,124.0,0.0,15.0,0.0,44.0,0.0,0.0,97.0,1.0,0.0,25.0,0.0,71.0,120.0,37.0,0.0,,,,,,,,,,,,,,,,,,,,,,,,,,,,,,,,,,,,,,,,,,,,,,,,,,,,,,,,,,,,,,,,,,,,,,,,,,,,,,,,,,
126,7.0,0.0,2.0,1.0,19.0,1.0,20.0,35.0,8.0,12.0,4.0,17.0,29.0,16.0,3.0,87.0,0.0,38.0,0.0,5.0,0.0,0.0,93.0,0.0,7.0,18.0,4.0,0.0,6.0,0.0,4.0,0.0,30.0,76.0,58.0,,,,,,,,,,,,,,,,,,,,,,,,,,,,,,,,,,,,,,,,,,,,,,,,,,,,,,,,,,,,,,,,,,,,,,,,,,,,,,,,,,,,,,,,,,,,,,,,,,,,,,,
127,9.0,13.0,1.0,24.0,3.0,1.0,23.0,10.0,15.0,19.0,0.0,11.0,12.0,57.0,5.0,5.0,18.0,0.0,0.0,22.0,12.0,12.0,0.0,73.0,0.0,62.0,0.0,2.0,0.0,121.0,0.0,45.0,0.0,52.0,0.0,33.0,43.0,33.0,10.0,85.0,0.0,4.0,22.0,27.0,270.0,0.0,0.0,0.0,0.0,5.0,0.0,0.0,68.0,22.0,2.0,,,,,,,,,,,,,,,,,,,,,,,,,,,,,,,,,,,,,,,,,,,,,,,,,,,,,,,,,,,,,,,,,,,,,,,,,,,,,,,,,,,
128,2.0,5.0,10.0,25.0,17.0,7.0,9.0,3.0,7.0,29.0,39.0,17.0,23.0,0.0,36.0,0.0,0.0,2.0,16.0,6.0,3.0,10.0,0.0,40.0,0.0,0.0,12.0,0.0,5.0,34.0,40.0,0.0,0.0,0.0,16.0,67.0,80.0,30.0,0.0,0.0,48.0,0.0,37.0,0.0,0.0,0.0,0.0,0.0,0.0,,,,,,,,,,,,,,,,,,,,,,,,,,,,,,,,,,,,,,,,,,,,,,,,,,,,,,,,,,,,,,,,,,,,,,,,,,,,,,,,,,,,,,,,,
129,9.0,27.0,26.0,1.0,25.0,1.0,17.0,11.0,11.0,17.0,51.0,22.0,42.0,4.0,18.0,36.0,52.0,0.0,28.0,12.0,76.0,66.0,18.0,0.0,15.0,45.0,39.0,18.0,41.0,0.0,1.0,35.0,0.0,100.0,14.0,0.0,87.0,0.0,55.0,0.0,0.0,0.0,31.0,0.0,5.0,,,,,,,,,,,,,,,,,,,,,,,,,,,,,,,,,,,,,,,,,,,,,,,,,,,,,,,,,,,,,,,,,,,,,,,,,,,,,,,,,,,,,,,,,,,,,
130,6.0,8.0,10.0,0.0,3.0,5.0,20.0,0.0,17.0,28.0,0.0,19.0,40.0,15.0,82.0,13.0,7.0,99.0,0.0,108.0,0.0,13.0,18.0,15.0,28.0,63.0,77.0,10.0,129.0,42.0,0.0,4.0,24.0,5.0,0.0,0.0,0.0,6.0,2.0,5.0,0.0,1.0,0.0,1.0,0.0,0.0,0.0,0.0,0.0,0.0,0.0,0.0,0.0,0.0,0.0,0.0,0.0,0.0,0.0,0.0,0.0,0.0,0.0,0.0,0.0,0.0,0.0,0.0,0.0,0.0,0.0,0.0,0.0,0.0,0.0,0.0,0.0,0.0,0.0,0.0,0.0,0.0,0.0,0.0,0.0,,,,,,,,,,,,,,,,,,,,,,,,,,,,,,,,,,,,,,,,,,,,,,,,,,,,,
131,15.0,9.0,10.0,18.0,15.0,8.0,28.0,19.0,64.0,0.0,0.0,0.0,8.0,29.0,21.0,0.0,0.0,0.0,3.0,10.0,57.0,90.0,45.0,0.0,16.0,37.0,9.0,16.0,0.0,40.0,8.0,0.0,0.0,0.0,4.0,0.0,0.0,3.0,0.0,0.0,0.0,17.0,25.0,18.0,20.0,22.0,3.0,0.0,53.0,0.0,,,,,,,,,,,,,,,,,,,,,,,,,,,,,,,,,,,,,,,,,,,,,,,,,,,,,,,,,,,,,,,,,,,,,,,,,,,,,,,,,,,,,,,,
132,9.0,5.0,7.0,40.0,16.0,14.0,11.0,45.0,33.0,10.0,44.0,9.0,114.0,49.0,8.0,6.0,9.0,83.0,0.0,35.0,0.0,0.0,0.0,6.0,7.0,1.0,98.0,5.0,1.0,50.0,33.0,16.0,8.0,59.0,130.0,48.0,622.0,202.0,129.0,114.0,30.0,44.0,22.0,45.0,130.0,,,,,,,,,,,,,,,,,,,,,,,,,,,,,,,,,,,,,,,,,,,,,,,,,,,,,,,,,,,,,,,,,,,,,,,,,,,,,,,,,,,,,,,,,,,,,
133,27.0,45.0,3.0,6.0,68.0,0.0,16.0,13.0,19.0,84.0,75.0,0.0,0.0,0.0,0.0,19.0,0.0,43.0,27.0,0.0,18.0,0.0,0.0,17.0,0.0,24.0,16.0,222.0,14.0,2.0,11.0,21.0,28.0,0.0,117.0,0.0,48.0,0.0,16.0,7.0,69.0,9.0,87.0,0.0,17.0,0.0,0.0,,,,,,,,,,,,,,,,,,,,,,,,,,,,,,,,,,,,,,,,,,,,,,,,,,,,,,,,,,,,,,,,,,,,,,,,,,,,,,,,,,,,,,,,,,,
134,5.0,36.0,8.0,18.0,29.0,6.0,0.0,25.0,26.0,12.0,8.0,32.0,35.0,10.0,7.0,51.0,27.0,26.0,16.0,13.0,109.0,0.0,0.0,56.0,14.0,0.0,0.0,116.0,27.0,31.0,0.0,214.0,35.0,,,,,,,,,,,,,,,,,,,,,,,,,,,,,,,,,,,,,,,,,,,,,,,,,,,,,,,,,,,,,,,,,,,,,,,,,,,,,,,,,,,,,,,,,,,,,,,,,,,,,,,,,
135,17.0,5.0,6.0,16.0,9.0,32.0,0.0,22.0,0.0,2.0,14.0,5.0,4.0,42.0,51.0,10.0,6.0,11.0,33.0,26.0,24.0,11.0,23.0,0.0,0.0,0.0,58.0,21.0,0.0,27.0,4.0,52.0,8.0,48.0,17.0,0.0,0.0,19.0,1.0,4.0,14.0,31.0,0.0,14.0,4.0,7.0,0.0,0.0,36.0,13.0,0.0,0.0,0.0,0.0,0.0,0.0,,,,,,,,,,,,,,,,,,,,,,,,,,,,,,,,,,,,,,,,,,,,,,,,,,,,,,,,,,,,,,,,,,,,,,,,,,,,,,,,,,
136,2.0,0.0,31.0,17.0,0.0,13.0,42.0,17.0,60.0,0.0,23.0,31.0,0.0,9.0,3.0,67.0,33.0,7.0,16.0,1.0,58.0,2.0,0.0,14.0,0.0,14.0,0.0,34.0,61.0,13.0,6.0,0.0,9.0,5.0,9.0,0.0,37.0,48.0,30.0,12.0,0.0,0.0,13.0,0.0,0.0,5.0,0.0,0.0,0.0,0.0,0.0,37.0,8.0,0.0,382.0,146.0,20.0,0.0,0.0,0.0,0.0,0.0,0.0,,,,,,,,,,,,,,,,,,,,,,,,,,,,,,,,,,,,,,,,,,,,,,,,,,,,,,,,,,,,,,,,,,,,,,,,,,,
137,0.0,21.0,26.0,14.0,17.0,16.0,5.0,10.0,2.0,8.0,10.0,70.0,0.0,10.0,31.0,40.0,0.0,4.0,10.0,55.0,2.0,10.0,34.0,46.0,132.0,0.0,22.0,73.0,2.0,9.0,0.0,46.0,0.0,0.0,0.0,24.0,80.0,126.0,0.0,47.0,0.0,61.0,10.0,0.0,,,,,,,,,,,,,,,,,,,,,,,,,,,,,,,,,,,,,,,,,,,,,,,,,,,,,,,,,,,,,,,,,,,,,,,,,,,,,,,,,,,,,,,,,,,,,,
138,6.0,9.0,0.0,0.0,19.0,27.0,0.0,0.0,19.0,2.0,15.0,33.0,8.0,29.0,30.0,6.0,0.0,6.0,13.0,0.0,45.0,76.0,51.0,16.0,10.0,31.0,4.0,0.0,5.0,0.0,0.0,59.0,95.0,0.0,1.0,51.0,63.0,217.0,316.0,82.0,22.0,71.0,5.0,35.0,66.0,22.0,0.0,43.0,44.0,51.0,0.0,50.0,,,,,,,,,,,,,,,,,,,,,,,,,,,,,,,,,,,,,,,,,,,,,,,,,,,,,,,,,,,,,,,,,,,,,,,,,,,,,,,,,,,,,,
139,31.0,20.0,9.0,0.0,4.0,9.0,24.0,35.0,0.0,18.0,33.0,19.0,0.0,14.0,8.0,0.0,0.0,20.0,4.0,0.0,113.0,3.0,96.0,55.0,17.0,0.0,10.0,48.0,0.0,72.0,0.0,3.0,57.0,1.0,1.0,0.0,32.0,16.0,23.0,13.0,0.0,0.0,7.0,0.0,3.0,,,,,,,,,,,,,,,,,,,,,,,,,,,,,,,,,,,,,,,,,,,,,,,,,,,,,,,,,,,,,,,,,,,,,,,,,,,,,,,,,,,,,,,,,,,,,
140,21.0,0.0,3.0,15.0,6.0,34.0,3.0,36.0,15.0,0.0,60.0,38.0,101.0,2.0,0.0,0.0,33.0,0.0,143.0,0.0,52.0,26.0,69.0,0.0,15.0,11.0,0.0,43.0,28.0,34.0,1.0,0.0,16.0,5.0,0.0,0.0,6.0,7.0,23.0,4.0,79.0,32.0,28.0,62.0,0.0,0.0,0.0,4.0,41.0,15.0,2.0,197.0,0.0,0.0,0.0,0.0,3.0,22.0,0.0,0.0,1.0,0.0,0.0,730.0,0.0,0.0,0.0,0.0,0.0,0.0,0.0,0.0,0.0,723.0,0.0,0.0,0.0,0.0,0.0,0.0,0.0,0.0,0.0,1.0,0.0,0.0,0.0,3.0,2.0,1.0,5.0,0.0,,,,,,,,,,,,,,,,,,,,,,,,,,,,,,,,,,,,,,,,,,,,,,
141,19.0,34.0,0.0,2.0,26.0,17.0,7.0,39.0,38.0,2.0,48.0,5.0,34.0,26.0,1.0,13.0,28.0,3.0,0.0,46.0,21.0,179.0,21.0,143.0,92.0,1.0,27.0,60.0,23.0,0.0,123.0,58.0,111.0,151.0,51.0,0.0,40.0,0.0,8.0,371.0,246.0,0.0,0.0,0.0,17.0,3.0,0.0,0.0,1.0,,,,,,,,,,,,,,,,,,,,,,,,,,,,,,,,,,,,,,,,,,,,,,,,,,,,,,,,,,,,,,,,,,,,,,,,,,,,,,,,,,,,,,,,,
142,30.0,35.0,15.0,0.0,39.0,13.0,11.0,31.0,23.0,17.0,17.0,53.0,0.0,18.0,98.0,11.0,14.0,98.0,0.0,68.0,10.0,56.0,49.0,130.0,53.0,21.0,13.0,0.0,9.0,7.0,0.0,3.0,0.0,29.0,3.0,15.0,25.0,36.0,27.0,88.0,61.0,,,,,,,,,,,,,,,,,,,,,,,,,,,,,,,,,,,,,,,,,,,,,,,,,,,,,,,,,,,,,,,,,,,,,,,,,,,,,,,,,,,,,,,,,,,,,,,,,
143,4.0,17.0,0.0,2.0,19.0,24.0,4.0,26.0,20.0,0.0,27.0,40.0,2.0,20.0,21.0,28.0,13.0,0.0,0.0,18.0,36.0,13.0,12.0,77.0,0.0,0.0,0.0,0.0,0.0,2.0,0.0,3.0,0.0,0.0,0.0,7.0,27.0,0.0,0.0,0.0,14.0,5.0,0.0,152.0,95.0,8.0,1.0,0.0,4.0,0.0,0.0,0.0,0.0,0.0,0.0,0.0,0.0,0.0,0.0,0.0,0.0,0.0,0.0,,,,,,,,,,,,,,,,,,,,,,,,,,,,,,,,,,,,,,,,,,,,,,,,,,,,,,,,,,,,,,,,,,,,,,,,,,,
144,5.0,26.0,42.0,3.0,0.0,2.0,0.0,0.0,79.0,0.0,15.0,20.0,16.0,4.0,36.0,30.0,53.0,114.0,62.0,38.0,5.0,49.0,0.0,54.0,1.0,0.0,0.0,47.0,54.0,2.0,0.0,281.0,79.0,19.0,0.0,9.0,1.0,0.0,8.0,4.0,32.0,64.0,23.0,16.0,36.0,69.0,50.0,48.0,32.0,16.0,0.0,2.0,50.0,14.0,0.0,170.0,45.0,429.0,156.0,121.0,31.0,70.0,106.0,14.0,113.0,181.0,0.0,199.0,149.0,97.0,1.0,116.0,20.0,59.0,43.0,21.0,0.0,3.0,0.0,0.0,0.0,24.0,43.0,16.0,0.0,,,,,,,,,,,,,,,,,,,,,,,,,,,,,,,,,,,,,,,,,,,,,,,,,,,,,
145,38.0,7.0,43.0,7.0,22.0,0.0,6.0,87.0,0.0,14.0,30.0,0.0,347.0,41.0,0.0,143.0,150.0,27.0,26.0,11.0,86.0,130.0,73.0,49.0,12.0,0.0,0.0,29.0,111.0,87.0,59.0,300.0,15.0,39.0,53.0,18.0,247.0,0.0,105.0,93.0,0.0,0.0,0.0,199.0,83.0,0.0,7.0,44.0,121.0,0.0,21.0,10.0,0.0,0.0,0.0,,,,,,,,,,,,,,,,,,,,,,,,,,,,,,,,,,,,,,,,,,,,,,,,,,,,,,,,,,,,,,,,,,,,,,,,,,,,,,,,,,,
146,17.0,9.0,3.0,30.0,0.0,44.0,71.0,8.0,22.0,14.0,52.0,68.0,31.0,11.0,59.0,45.0,55.0,38.0,185.0,94.0,37.0,65.0,174.0,103.0,33.0,112.0,77.0,225.0,0.0,0.0,0.0,54.0,5.0,25.0,0.0,,,,,,,,,,,,,,,,,,,,,,,,,,,,,,,,,,,,,,,,,,,,,,,,,,,,,,,,,,,,,,,,,,,,,,,,,,,,,,,,,,,,,,,,,,,,,,,,,,,,,,,
147,4.0,0.0,19.0,0.0,18.0,9.0,0.0,48.0,55.0,27.0,7.0,7.0,34.0,15.0,2.0,11.0,36.0,145.0,112.0,0.0,19.0,27.0,85.0,16.0,0.0,0.0,0.0,0.0,330.0,55.0,1.0,24.0,14.0,2.0,0.0,0.0,0.0,0.0,0.0,0.0,0.0,8.0,0.0,13.0,4.0,0.0,11.0,4.0,0.0,0.0,5.0,0.0,16.0,0.0,0.0,0.0,6.0,0.0,0.0,0.0,1.0,0.0,5.0,0.0,2.0,8.0,1.0,0.0,0.0,0.0,0.0,0.0,,,,,,,,,,,,,,,,,,,,,,,,,,,,,,,,,,,,,,,,,,,,,,,,,,,,,,,,,,,,,,,,,,
148,28.0,16.0,14.0,8.0,4.0,13.0,2.0,1.0,9.0,57.0,26.0,31.0,8.0,32.0,85.0,29.0,3.0,0.0,92.0,92.0,34.0,25.0,0.0,6.0,0.0,192.0,3.0,36.0,0.0,0.0,34.0,151.0,135.0,31.0,51.0,11.0,0.0,18.0,2.0,0.0,10.0,25.0,0.0,0.0,,,,,,,,,,,,,,,,,,,,,,,,,,,,,,,,,,,,,,,,,,,,,,,,,,,,,,,,,,,,,,,,,,,,,,,,,,,,,,,,,,,,,,,,,,,,,,
149,9.0,13.0,15.0,0.0,33.0,11.0,15.0,0.0,62.0,25.0,26.0,19.0,0.0,11.0,63.0,88.0,0.0,4.0,34.0,0.0,21.0,40.0,68.0,0.0,0.0,14.0,0.0,0.0,57.0,76.0,60.0,16.0,0.0,4.0,17.0,41.0,15.0,15.0,0.0,181.0,122.0,0.0,25.0,0.0,0.0,,,,,,,,,,,,,,,,,,,,,,,,,,,,,,,,,,,,,,,,,,,,,,,,,,,,,,,,,,,,,,,,,,,,,,,,,,,,,,,,,,,,,,,,,,,,,
150,6.0,31.0,23.0,26.0,2.0,2.0,13.0,31.0,13.0,9.0,1.0,2.0,76.0,23.0,0.0,152.0,31.0,0.0,22.0,31.0,181.0,60.0,158.0,168.0,0.0,26.0,54.0,75.0,90.0,0.0,474.0,0.0,0.0,100.0,0.0,101.0,169.0,,,,,,,,,,,,,,,,,,,,,,,,,,,,,,,,,,,,,,,,,,,,,,,,,,,,,,,,,,,,,,,,,,,,,,,,,,,,,,,,,,,,,,,,,,,,,,,,,,,,,
151,25.0,0.0,29.0,1.0,10.0,13.0,7.0,18.0,39.0,47.0,13.0,18.0,29.0,95.0,24.0,12.0,32.0,5.0,125.0,52.0,0.0,73.0,53.0,0.0,8.0,0.0,0.0,0.0,0.0,188.0,43.0,14.0,0.0,0.0,0.0,0.0,0.0,0.0,0.0,0.0,0.0,,,,,,,,,,,,,,,,,,,,,,,,,,,,,,,,,,,,,,,,,,,,,,,,,,,,,,,,,,,,,,,,,,,,,,,,,,,,,,,,,,,,,,,,,,,,,,,,,
152,23.0,2.0,2.0,0.0,0.0,18.0,10.0,7.0,26.0,15.0,5.0,25.0,74.0,22.0,89.0,5.0,1.0,11.0,0.0,14.0,53.0,35.0,7.0,62.0,3.0,4.0,71.0,0.0,0.0,0.0,0.0,0.0,3.0,,,,,,,,,,,,,,,,,,,,,,,,,,,,,,,,,,,,,,,,,,,,,,,,,,,,,,,,,,,,,,,,,,,,,,,,,,,,,,,,,,,,,,,,,,,,,,,,,,,,,,,,,
153,15.0,5.0,7.0,2.0,2.0,0.0,3.0,17.0,12.0,41.0,9.0,56.0,0.0,51.0,0.0,17.0,17.0,11.0,10.0,0.0,0.0,18.0,11.0,58.0,42.0,80.0,0.0,30.0,0.0,32.0,0.0,0.0,0.0,121.0,209.0,68.0,63.0,245.0,36.0,52.0,102.0,22.0,62.0,165.0,39.0,43.0,,,,,,,,,,,,,,,,,,,,,,,,,,,,,,,,,,,,,,,,,,,,,,,,,,,,,,,,,,,,,,,,,,,,,,,,,,,,,,,,,,,,,,,,,,,,
154,18.0,15.0,23.0,7.0,6.0,0.0,49.0,9.0,10.0,9.0,110.0,58.0,56.0,0.0,8.0,12.0,36.0,21.0,0.0,1.0,557.0,3.0,103.0,195.0,0.0,29.0,173.0,16.0,36.0,52.0,39.0,24.0,9.0,0.0,86.0,8.0,24.0,123.0,0.0,28.0,392.0,32.0,17.0,81.0,9.0,0.0,0.0,0.0,0.0,226.0,276.0,108.0,0.0,15.0,0.0,691.0,0.0,220.0,22.0,20.0,0.0,78.0,75.0,123.0,0.0,158.0,0.0,1000.0,0.0,0.0,0.0,0.0,0.0,,,,,,,,,,,,,,,,,,,,,,,,,,,,,,,,,,,,,,,,,,,,,,,,,,,,,,,,,,,,,,,,,
155,24.0,37.0,0.0,11.0,0.0,4.0,16.0,12.0,8.0,16.0,20.0,0.0,12.0,1.0,0.0,0.0,8.0,0.0,35.0,6.0,89.0,0.0,8.0,18.0,32.0,5.0,10.0,82.0,,,,,,,,,,,,,,,,,,,,,,,,,,,,,,,,,,,,,,,,,,,,,,,,,,,,,,,,,,,,,,,,,,,,,,,,,,,,,,,,,,,,,,,,,,,,,,,,,,,,,,,,,,,,,,
156,4.0,11.0,17.0,5.0,0.0,0.0,40.0,4.0,0.0,2.0,15.0,0.0,23.0,0.0,21.0,0.0,58.0,0.0,42.0,4.0,43.0,0.0,24.0,49.0,110.0,201.0,37.0,34.0,27.0,0.0,0.0,171.0,0.0,30.0,60.0,0.0,96.0,5.0,54.0,34.0,0.0,37.0,,,,,,,,,,,,,,,,,,,,,,,,,,,,,,,,,,,,,,,,,,,,,,,,,,,,,,,,,,,,,,,,,,,,,,,,,,,,,,,,,,,,,,,,,,,,,,,,
157,7.0,44.0,0.0,22.0,0.0,9.0,7.0,22.0,42.0,4.0,0.0,19.0,0.0,8.0,6.0,13.0,7.0,2.0,1.0,1.0,0.0,32.0,11.0,17.0,10.0,6.0,157.0,26.0,602.0,189.0,83.0,,,,,,,,,,,,,,,,,,,,,,,,,,,,,,,,,,,,,,,,,,,,,,,,,,,,,,,,,,,,,,,,,,,,,,,,,,,,,,,,,,,,,,,,,,,,,,,,,,,,,,,,,,,
158,30.0,9.0,20.0,7.0,7.0,17.0,99.0,15.0,17.0,17.0,0.0,16.0,21.0,0.0,6.0,26.0,15.0,0.0,115.0,16.0,74.0,78.0,11.0,31.0,41.0,3.0,21.0,0.0,0.0,0.0,0.0,,,,,,,,,,,,,,,,,,,,,,,,,,,,,,,,,,,,,,,,,,,,,,,,,,,,,,,,,,,,,,,,,,,,,,,,,,,,,,,,,,,,,,,,,,,,,,,,,,,,,,,,,,,
159,4.0,23.0,16.0,53.0,15.0,14.0,7.0,16.0,27.0,29.0,0.0,3.0,35.0,0.0,5.0,22.0,38.0,0.0,0.0,0.0,0.0,18.0,97.0,17.0,93.0,12.0,29.0,31.0,45.0,57.0,35.0,63.0,0.0,0.0,0.0,52.0,252.0,231.0,0.0,63.0,155.0,65.0,106.0,7.0,191.0,98.0,26.0,8.0,30.0,25.0,0.0,2.0,18.0,17.0,14.0,26.0,3.0,24.0,48.0,561.0,400.0,6.0,0.0,0.0,0.0,0.0,0.0,,,,,,,,,,,,,,,,,,,,,,,,,,,,,,,,,,,,,,,,,,,,,,,,,,,,,,,,,,,,,,,,,,,,,,,
160,17.0,0.0,1.0,0.0,5.0,19.0,16.0,12.0,0.0,4.0,0.0,7.0,0.0,81.0,6.0,20.0,9.0,122.0,194.0,66.0,104.0,99.0,295.0,70.0,254.0,1.0,0.0,54.0,414.0,50.0,0.0,0.0,175.0,0.0,0.0,0.0,41.0,5.0,131.0,0.0,0.0,0.0,0.0,22.0,,,,,,,,,,,,,,,,,,,,,,,,,,,,,,,,,,,,,,,,,,,,,,,,,,,,,,,,,,,,,,,,,,,,,,,,,,,,,,,,,,,,,,,,,,,,,,
161,11.0,40.0,0.0,0.0,42.0,0.0,10.0,5.0,0.0,41.0,27.0,10.0,34.0,7.0,0.0,9.0,5.0,17.0,24.0,71.0,16.0,33.0,12.0,0.0,38.0,8.0,38.0,28.0,4.0,3.0,63.0,0.0,179.0,63.0,0.0,15.0,0.0,0.0,27.0,0.0,,,,,,,,,,,,,,,,,,,,,,,,,,,,,,,,,,,,,,,,,,,,,,,,,,,,,,,,,,,,,,,,,,,,,,,,,,,,,,,,,,,,,,,,,,,,,,,,,,
162,15.0,32.0,0.0,7.0,7.0,19.0,30.0,29.0,0.0,21.0,0.0,0.0,11.0,100.0,158.0,424.0,41.0,28.0,132.0,247.0,0.0,385.0,16.0,96.0,19.0,2.0,11.0,27.0,0.0,38.0,29.0,105.0,108.0,63.0,46.0,0.0,0.0,10.0,0.0,0.0,0.0,0.0,,,,,,,,,,,,,,,,,,,,,,,,,,,,,,,,,,,,,,,,,,,,,,,,,,,,,,,,,,,,,,,,,,,,,,,,,,,,,,,,,,,,,,,,,,,,,,,,
163,8.0,12.0,0.0,0.0,2.0,0.0,13.0,12.0,11.0,0.0,6.0,0.0,33.0,41.0,41.0,57.0,24.0,0.0,30.0,0.0,8.0,0.0,43.0,13.0,81.0,16.0,135.0,35.0,24.0,0.0,124.0,136.0,23.0,234.0,81.0,64.0,45.0,97.0,0.0,13.0,0.0,52.0,0.0,0.0,53.0,45.0,13.0,0.0,0.0,64.0,56.0,11.0,17.0,0.0,4.0,0.0,90.0,0.0,6.0,75.0,0.0,0.0,132.0,0.0,0.0,15.0,0.0,0.0,,,,,,,,,,,,,,,,,,,,,,,,,,,,,,,,,,,,,,,,,,,,,,,,,,,,,,,,,,,,,,,,,,,,,,
164,2.0,19.0,21.0,14.0,64.0,37.0,24.0,15.0,33.0,0.0,0.0,16.0,49.0,13.0,0.0,21.0,30.0,0.0,39.0,0.0,21.0,17.0,175.0,0.0,138.0,0.0,0.0,32.0,1.0,39.0,0.0,0.0,5.0,0.0,0.0,147.0,0.0,0.0,0.0,,,,,,,,,,,,,,,,,,,,,,,,,,,,,,,,,,,,,,,,,,,,,,,,,,,,,,,,,,,,,,,,,,,,,,,,,,,,,,,,,,,,,,,,,,,,,,,,,,,
165,5.0,27.0,1.0,16.0,7.0,0.0,8.0,22.0,11.0,0.0,68.0,0.0,0.0,0.0,64.0,15.0,5.0,11.0,9.0,0.0,667.0,3.0,250.0,0.0,14.0,3.0,51.0,19.0,121.0,42.0,1.0,0.0,33.0,1.0,97.0,0.0,12.0,95.0,0.0,0.0,41.0,0.0,0.0,0.0,0.0,0.0,0.0,,,,,,,,,,,,,,,,,,,,,,,,,,,,,,,,,,,,,,,,,,,,,,,,,,,,,,,,,,,,,,,,,,,,,,,,,,,,,,,,,,,,,,,,,,,
166,45.0,4.0,20.0,2.0,10.0,0.0,1.0,0.0,8.0,10.0,38.0,21.0,21.0,0.0,35.0,0.0,22.0,6.0,2.0,0.0,17.0,0.0,24.0,49.0,20.0,10.0,11.0,0.0,,,,,,,,,,,,,,,,,,,,,,,,,,,,,,,,,,,,,,,,,,,,,,,,,,,,,,,,,,,,,,,,,,,,,,,,,,,,,,,,,,,,,,,,,,,,,,,,,,,,,,,,,,,,,,
167,48.0,5.0,29.0,5.0,51.0,0.0,2.0,5.0,10.0,11.0,27.0,13.0,17.0,0.0,34.0,101.0,0.0,7.0,58.0,0.0,17.0,72.0,124.0,41.0,54.0,8.0,89.0,30.0,180.0,103.0,3.0,8.0,11.0,3.0,0.0,70.0,46.0,219.0,46.0,22.0,18.0,0.0,0.0,170.0,44.0,39.0,20.0,15.0,72.0,266.0,195.0,49.0,132.0,0.0,,,,,,,,,,,,,,,,,,,,,,,,,,,,,,,,,,,,,,,,,,,,,,,,,,,,,,,,,,,,,,,,,,,,,,,,,,,,,,,,,,,,
168,58.0,18.0,0.0,19.0,8.0,71.0,0.0,0.0,0.0,0.0,7.0,3.0,11.0,8.0,19.0,64.0,8.0,0.0,10.0,0.0,0.0,0.0,1.0,25.0,71.0,24.0,30.0,6.0,0.0,0.0,1.0,36.0,42.0,0.0,32.0,3.0,0.0,0.0,454.0,0.0,285.0,22.0,41.0,0.0,0.0,15.0,5.0,0.0,0.0,0.0,1.0,0.0,0.0,0.0,0.0,0.0,0.0,0.0,0.0,0.0,0.0,0.0,,,,,,,,,,,,,,,,,,,,,,,,,,,,,,,,,,,,,,,,,,,,,,,,,,,,,,,,,,,,,,,,,,,,,,,,,,,,
169,4.0,13.0,20.0,0.0,19.0,8.0,10.0,0.0,0.0,83.0,29.0,1.0,0.0,24.0,20.0,17.0,34.0,41.0,59.0,73.0,87.0,23.0,4.0,7.0,17.0,0.0,0.0,0.0,26.0,9.0,41.0,0.0,38.0,73.0,28.0,11.0,1.0,16.0,11.0,16.0,78.0,20.0,15.0,0.0,0.0,,,,,,,,,,,,,,,,,,,,,,,,,,,,,,,,,,,,,,,,,,,,,,,,,,,,,,,,,,,,,,,,,,,,,,,,,,,,,,,,,,,,,,,,,,,,,
170,8.0,11.0,9.0,22.0,22.0,48.0,7.0,48.0,9.0,67.0,51.0,17.0,1.0,0.0,18.0,83.0,33.0,29.0,0.0,9.0,70.0,16.0,14.0,26.0,7.0,6.0,25.0,32.0,0.0,39.0,57.0,12.0,25.0,3.0,25.0,0.0,101.0,38.0,106.0,0.0,64.0,61.0,46.0,0.0,0.0,0.0,0.0,32.0,0.0,0.0,0.0,9.0,0.0,0.0,0.0,2.0,1.0,0.0,0.0,0.0,0.0,0.0,0.0,0.0,0.0,0.0,0.0,,,,,,,,,,,,,,,,,,,,,,,,,,,,,,,,,,,,,,,,,,,,,,,,,,,,,,,,,,,,,,,,,,,,,,,
171,0.0,9.0,21.0,33.0,1.0,0.0,0.0,7.0,0.0,25.0,0.0,0.0,0.0,39.0,10.0,1.0,0.0,0.0,0.0,23.0,23.0,11.0,5.0,54.0,16.0,0.0,15.0,6.0,0.0,7.0,35.0,0.0,15.0,8.0,0.0,0.0,3.0,1.0,0.0,13.0,0.0,4.0,0.0,5.0,0.0,0.0,0.0,9.0,0.0,4.0,12.0,2.0,3.0,0.0,7.0,8.0,0.0,0.0,0.0,0.0,0.0,0.0,12.0,1.0,0.0,8.0,12.0,0.0,0.0,0.0,0.0,6.0,1.0,0.0,1.0,0.0,0.0,0.0,0.0,2.0,0.0,6.0,0.0,0.0,0.0,0.0,10.0,0.0,0.0,0.0,0.0,0.0,0.0,0.0,0.0,,,,,,,,,,,,,,,,,,,,,,,,,,,,,,,,,,,,,,,,,,,
172,0.0,24.0,19.0,7.0,24.0,14.0,9.0,11.0,34.0,0.0,0.0,36.0,53.0,20.0,3.0,0.0,0.0,53.0,11.0,36.0,43.0,3.0,32.0,0.0,0.0,0.0,19.0,111.0,52.0,0.0,0.0,0.0,25.0,0.0,98.0,52.0,19.0,0.0,50.0,0.0,13.0,0.0,0.0,11.0,0.0,0.0,187.0,0.0,0.0,137.0,91.0,0.0,7.0,0.0,35.0,0.0,0.0,,,,,,,,,,,,,,,,,,,,,,,,,,,,,,,,,,,,,,,,,,,,,,,,,,,,,,,,,,,,,,,,,,,,,,,,,,,,,,,,,
173,13.0,9.0,34.0,0.0,21.0,25.0,10.0,0.0,18.0,0.0,0.0,19.0,0.0,19.0,0.0,0.0,0.0,3.0,0.0,28.0,16.0,6.0,0.0,0.0,0.0,0.0,0.0,0.0,0.0,1.0,0.0,0.0,0.0,0.0,0.0,0.0,0.0,,,,,,,,,,,,,,,,,,,,,,,,,,,,,,,,,,,,,,,,,,,,,,,,,,,,,,,,,,,,,,,,,,,,,,,,,,,,,,,,,,,,,,,,,,,,,,,,,,,,,
174,7.0,30.0,32.0,5.0,0.0,12.0,15.0,17.0,3.0,73.0,10.0,0.0,0.0,9.0,0.0,0.0,0.0,9.0,1.0,33.0,0.0,41.0,6.0,6.0,15.0,0.0,69.0,0.0,9.0,43.0,37.0,55.0,0.0,27.0,53.0,0.0,51.0,16.0,75.0,74.0,20.0,19.0,0.0,26.0,197.0,30.0,29.0,3.0,0.0,13.0,17.0,26.0,43.0,0.0,4.0,10.0,2.0,32.0,46.0,126.0,144.0,66.0,6.0,24.0,54.0,88.0,40.0,61.0,9.0,30.0,4.0,1.0,3.0,,,,,,,,,,,,,,,,,,,,,,,,,,,,,,,,,,,,,,,,,,,,,,,,,,,,,,,,,,,,,,,,,
175,9.0,8.0,23.0,25.0,18.0,14.0,0.0,20.0,4.0,6.0,31.0,0.0,33.0,11.0,10.0,9.0,0.0,35.0,25.0,97.0,31.0,0.0,0.0,50.0,67.0,64.0,12.0,37.0,14.0,7.0,20.0,57.0,51.0,0.0,0.0,4.0,0.0,4.0,7.0,2.0,0.0,6.0,0.0,0.0,0.0,33.0,8.0,9.0,0.0,0.0,0.0,0.0,0.0,0.0,0.0,0.0,1.0,0.0,23.0,0.0,0.0,3.0,2.0,8.0,0.0,0.0,0.0,0.0,0.0,0.0,0.0,,,,,,,,,,,,,,,,,,,,,,,,,,,,,,,,,,,,,,,,,,,,,,,,,,,,,,,,,,,,,,,,,,,
176,35.0,18.0,22.0,0.0,9.0,16.0,5.0,29.0,5.0,5.0,9.0,0.0,0.0,4.0,18.0,11.0,0.0,19.0,0.0,0.0,22.0,16.0,11.0,69.0,0.0,0.0,25.0,11.0,4.0,71.0,0.0,228.0,28.0,11.0,26.0,0.0,83.0,0.0,0.0,0.0,12.0,0.0,18.0,0.0,0.0,22.0,63.0,167.0,39.0,0.0,232.0,0.0,0.0,0.0,0.0,0.0,0.0,0.0,0.0,11.0,,,,,,,,,,,,,,,,,,,,,,,,,,,,,,,,,,,,,,,,,,,,,,,,,,,,,,,,,,,,,,,,,,,,,,,,,,,,,,
177,13.0,8.0,17.0,9.0,31.0,30.0,11.0,42.0,7.0,20.0,8.0,71.0,26.0,29.0,49.0,0.0,0.0,0.0,0.0,0.0,12.0,7.0,1.0,21.0,2.0,7.0,6.0,12.0,9.0,19.0,0.0,4.0,24.0,11.0,2.0,0.0,45.0,0.0,29.0,21.0,0.0,26.0,0.0,33.0,128.0,61.0,0.0,0.0,0.0,0.0,0.0,0.0,,,,,,,,,,,,,,,,,,,,,,,,,,,,,,,,,,,,,,,,,,,,,,,,,,,,,,,,,,,,,,,,,,,,,,,,,,,,,,,,,,,,,,
178,33.0,38.0,35.0,4.0,21.0,0.0,11.0,18.0,19.0,12.0,32.0,17.0,73.0,0.0,73.0,34.0,33.0,9.0,66.0,91.0,12.0,0.0,156.0,126.0,61.0,7.0,38.0,0.0,15.0,59.0,0.0,9.0,183.0,79.0,298.0,0.0,0.0,0.0,,,,,,,,,,,,,,,,,,,,,,,,,,,,,,,,,,,,,,,,,,,,,,,,,,,,,,,,,,,,,,,,,,,,,,,,,,,,,,,,,,,,,,,,,,,,,,,,,,,,
179,15.0,12.0,0.0,14.0,3.0,0.0,0.0,7.0,16.0,4.0,0.0,0.0,16.0,0.0,71.0,4.0,9.0,0.0,34.0,17.0,6.0,3.0,0.0,58.0,34.0,6.0,2.0,11.0,0.0,0.0,0.0,0.0,0.0,0.0,0.0,,,,,,,,,,,,,,,,,,,,,,,,,,,,,,,,,,,,,,,,,,,,,,,,,,,,,,,,,,,,,,,,,,,,,,,,,,,,,,,,,,,,,,,,,,,,,,,,,,,,,,,
180,0.0,0.0,12.0,16.0,54.0,0.0,0.0,5.0,11.0,34.0,24.0,29.0,22.0,38.0,0.0,4.0,0.0,29.0,61.0,39.0,107.0,15.0,5.0,6.0,0.0,79.0,0.0,59.0,26.0,60.0,2.0,0.0,0.0,81.0,0.0,166.0,118.0,73.0,44.0,2.0,21.0,,,,,,,,,,,,,,,,,,,,,,,,,,,,,,,,,,,,,,,,,,,,,,,,,,,,,,,,,,,,,,,,,,,,,,,,,,,,,,,,,,,,,,,,,,,,,,,,,
181,7.0,0.0,24.0,13.0,0.0,17.0,20.0,16.0,22.0,2.0,22.0,11.0,30.0,10.0,0.0,0.0,13.0,5.0,10.0,7.0,11.0,7.0,0.0,14.0,3.0,30.0,0.0,0.0,0.0,0.0,7.0,0.0,3.0,0.0,0.0,0.0,0.0,0.0,0.0,0.0,13.0,6.0,0.0,0.0,3.0,9.0,0.0,24.0,0.0,0.0,4.0,0.0,0.0,,,,,,,,,,,,,,,,,,,,,,,,,,,,,,,,,,,,,,,,,,,,,,,,,,,,,,,,,,,,,,,,,,,,,,,,,,,,,,,,,,,,,
182,35.0,55.0,4.0,10.0,4.0,0.0,17.0,3.0,1.0,21.0,20.0,0.0,0.0,10.0,0.0,62.0,2.0,21.0,7.0,0.0,2.0,5.0,6.0,0.0,127.0,27.0,35.0,57.0,46.0,8.0,26.0,7.0,0.0,36.0,17.0,29.0,25.0,0.0,8.0,2.0,0.0,45.0,32.0,6.0,40.0,17.0,3.0,9.0,53.0,32.0,19.0,3.0,3.0,8.0,13.0,0.0,35.0,42.0,12.0,0.0,11.0,32.0,0.0,0.0,0.0,0.0,16.0,131.0,46.0,28.0,14.0,9.0,36.0,25.0,30.0,26.0,37.0,9.0,29.0,16.0,15.0,106.0,6.0,15.0,80.0,0.0,34.0,0.0,0.0,32.0,0.0,32.0,,,,,,,,,,,,,,,,,,,,,,,,,,,,,,,,,,,,,,,,,,,,,,
183,18.0,16.0,44.0,15.0,5.0,13.0,0.0,3.0,7.0,12.0,14.0,1.0,53.0,19.0,46.0,77.0,0.0,0.0,62.0,29.0,0.0,0.0,0.0,9.0,47.0,0.0,31.0,0.0,5.0,5.0,50.0,0.0,63.0,35.0,130.0,0.0,0.0,109.0,109.0,70.0,,,,,,,,,,,,,,,,,,,,,,,,,,,,,,,,,,,,,,,,,,,,,,,,,,,,,,,,,,,,,,,,,,,,,,,,,,,,,,,,,,,,,,,,,,,,,,,,,,
184,2.0,22.0,12.0,7.0,8.0,20.0,17.0,0.0,12.0,63.0,38.0,27.0,19.0,19.0,37.0,14.0,59.0,18.0,32.0,74.0,114.0,103.0,31.0,9.0,111.0,92.0,10.0,442.0,0.0,0.0,0.0,,,,,,,,,,,,,,,,,,,,,,,,,,,,,,,,,,,,,,,,,,,,,,,,,,,,,,,,,,,,,,,,,,,,,,,,,,,,,,,,,,,,,,,,,,,,,,,,,,,,,,,,,,,
185,22.0,20.0,3.0,48.0,9.0,0.0,35.0,0.0,25.0,15.0,12.0,5.0,23.0,24.0,119.0,94.0,40.0,20.0,81.0,0.0,0.0,45.0,0.0,12.0,66.0,54.0,36.0,0.0,175.0,28.0,27.0,95.0,301.0,113.0,,,,,,,,,,,,,,,,,,,,,,,,,,,,,,,,,,,,,,,,,,,,,,,,,,,,,,,,,,,,,,,,,,,,,,,,,,,,,,,,,,,,,,,,,,,,,,,,,,,,,,,,
186,3.0,0.0,7.0,5.0,12.0,4.0,19.0,4.0,13.0,41.0,14.0,18.0,5.0,5.0,43.0,13.0,0.0,7.0,31.0,0.0,35.0,81.0,82.0,79.0,16.0,34.0,0.0,198.0,0.0,2.0,25.0,32.0,22.0,34.0,9.0,33.0,0.0,0.0,6.0,2.0,0.0,,,,,,,,,,,,,,,,,,,,,,,,,,,,,,,,,,,,,,,,,,,,,,,,,,,,,,,,,,,,,,,,,,,,,,,,,,,,,,,,,,,,,,,,,,,,,,,,,
187,6.0,36.0,27.0,0.0,0.0,3.0,14.0,9.0,5.0,0.0,24.0,0.0,2.0,2.0,10.0,19.0,16.0,6.0,21.0,49.0,0.0,0.0,6.0,0.0,0.0,1.0,0.0,0.0,0.0,0.0,0.0,9.0,13.0,0.0,0.0,0.0,4.0,30.0,0.0,0.0,0.0,,,,,,,,,,,,,,,,,,,,,,,,,,,,,,,,,,,,,,,,,,,,,,,,,,,,,,,,,,,,,,,,,,,,,,,,,,,,,,,,,,,,,,,,,,,,,,,,,
188,19.0,16.0,28.0,15.0,21.0,0.0,3.0,21.0,5.0,47.0,33.0,47.0,13.0,10.0,8.0,27.0,9.0,26.0,121.0,15.0,14.0,1.0,0.0,30.0,20.0,0.0,2.0,0.0,20.0,6.0,0.0,0.0,0.0,58.0,0.0,43.0,120.0,0.0,12.0,0.0,12.0,4.0,1.0,71.0,47.0,13.0,74.0,13.0,65.0,0.0,4.0,15.0,56.0,0.0,41.0,25.0,68.0,0.0,45.0,0.0,127.0,24.0,0.0,,,,,,,,,,,,,,,,,,,,,,,,,,,,,,,,,,,,,,,,,,,,,,,,,,,,,,,,,,,,,,,,,,,,,,,,,,,
189,9.0,31.0,31.0,12.0,7.0,42.0,9.0,4.0,0.0,9.0,51.0,11.0,0.0,23.0,26.0,10.0,3.0,27.0,0.0,5.0,0.0,7.0,0.0,4.0,22.0,0.0,24.0,21.0,0.0,15.0,5.0,0.0,2.0,0.0,3.0,5.0,2.0,21.0,4.0,0.0,0.0,0.0,0.0,0.0,0.0,0.0,0.0,16.0,32.0,0.0,13.0,19.0,0.0,6.0,0.0,0.0,53.0,16.0,0.0,15.0,3.0,1.0,0.0,11.0,14.0,0.0,0.0,104.0,6.0,10.0,1.0,2.0,0.0,71.0,0.0,0.0,0.0,2.0,12.0,24.0,56.0,0.0,27.0,45.0,0.0,3.0,0.0,0.0,0.0,1.0,0.0,13.0,15.0,25.0,0.0,21.0,,,,,,,,,,,,,,,,,,,,,,,,,,,,,,,,,,,,,,,,,,
190,23.0,22.0,16.0,0.0,10.0,8.0,55.0,17.0,29.0,8.0,12.0,4.0,29.0,6.0,36.0,13.0,4.0,0.0,7.0,19.0,10.0,6.0,17.0,15.0,0.0,0.0,0.0,15.0,20.0,5.0,74.0,0.0,0.0,0.0,0.0,23.0,3.0,23.0,0.0,41.0,16.0,0.0,15.0,0.0,14.0,9.0,13.0,0.0,8.0,0.0,54.0,10.0,0.0,0.0,0.0,0.0,0.0,0.0,0.0,0.0,0.0,0.0,0.0,0.0,0.0,,,,,,,,,,,,,,,,,,,,,,,,,,,,,,,,,,,,,,,,,,,,,,,,,,,,,,,,,,,,,,,,,,,,,,,,,
191,21.0,7.0,0.0,8.0,23.0,2.0,4.0,15.0,0.0,80.0,33.0,40.0,15.0,29.0,171.0,127.0,0.0,8.0,96.0,7.0,5.0,53.0,51.0,0.0,0.0,0.0,41.0,9.0,21.0,,,,,,,,,,,,,,,,,,,,,,,,,,,,,,,,,,,,,,,,,,,,,,,,,,,,,,,,,,,,,,,,,,,,,,,,,,,,,,,,,,,,,,,,,,,,,,,,,,,,,,,,,,,,,
192,25.0,13.0,3.0,14.0,6.0,0.0,25.0,0.0,8.0,2.0,12.0,12.0,13.0,8.0,0.0,0.0,0.0,2.0,11.0,15.0,0.0,0.0,0.0,0.0,0.0,7.0,1.0,0.0,0.0,0.0,0.0,0.0,0.0,0.0,0.0,,,,,,,,,,,,,,,,,,,,,,,,,,,,,,,,,,,,,,,,,,,,,,,,,,,,,,,,,,,,,,,,,,,,,,,,,,,,,,,,,,,,,,,,,,,,,,,,,,,,,,,
193,0.0,49.0,43.0,55.0,20.0,11.0,13.0,0.0,34.0,0.0,20.0,0.0,25.0,8.0,0.0,0.0,5.0,12.0,23.0,110.0,0.0,0.0,0.0,23.0,21.0,0.0,70.0,8.0,9.0,0.0,135.0,0.0,63.0,0.0,0.0,0.0,0.0,48.0,142.0,5.0,6.0,34.0,61.0,0.0,98.0,47.0,31.0,47.0,0.0,17.0,68.0,72.0,0.0,0.0,0.0,0.0,0.0,0.0,0.0,7.0,0.0,19.0,0.0,0.0,4.0,0.0,0.0,,,,,,,,,,,,,,,,,,,,,,,,,,,,,,,,,,,,,,,,,,,,,,,,,,,,,,,,,,,,,,,,,,,,,,,
194,11.0,14.0,30.0,10.0,26.0,10.0,31.0,33.0,38.0,27.0,47.0,7.0,1.0,7.0,17.0,123.0,22.0,7.0,18.0,32.0,24.0,0.0,52.0,14.0,103.0,21.0,92.0,13.0,0.0,67.0,10.0,2.0,5.0,0.0,13.0,0.0,17.0,355.0,138.0,0.0,148.0,0.0,0.0,0.0,388.0,34.0,0.0,91.0,0.0,4.0,0.0,7.0,337.0,2.0,0.0,0.0,0.0,0.0,1.0,4.0,5.0,0.0,0.0,0.0,0.0,0.0,0.0,,,,,,,,,,,,,,,,,,,,,,,,,,,,,,,,,,,,,,,,,,,,,,,,,,,,,,,,,,,,,,,,,,,,,,,
195,8.0,8.0,10.0,10.0,0.0,6.0,14.0,23.0,9.0,25.0,0.0,26.0,53.0,0.0,31.0,0.0,70.0,0.0,14.0,20.0,1.0,11.0,0.0,39.0,35.0,49.0,11.0,0.0,0.0,69.0,50.0,179.0,15.0,0.0,87.0,17.0,36.0,66.0,48.0,1.0,61.0,6.0,0.0,0.0,0.0,12.0,14.0,14.0,0.0,0.0,9.0,0.0,0.0,,,,,,,,,,,,,,,,,,,,,,,,,,,,,,,,,,,,,,,,,,,,,,,,,,,,,,,,,,,,,,,,,,,,,,,,,,,,,,,,,,,,,
196,11.0,13.0,0.0,0.0,23.0,6.0,2.0,7.0,0.0,0.0,5.0,13.0,4.0,0.0,13.0,13.0,6.0,54.0,22.0,6.0,24.0,30.0,6.0,8.0,0.0,2.0,0.0,24.0,7.0,13.0,8.0,8.0,0.0,0.0,10.0,6.0,6.0,10.0,7.0,25.0,0.0,5.0,0.0,0.0,15.0,27.0,9.0,4.0,0.0,5.0,0.0,0.0,0.0,0.0,0.0,0.0,0.0,0.0,0.0,0.0,0.0,0.0,0.0,0.0,0.0,0.0,0.0,0.0,0.0,0.0,0.0,0.0,,,,,,,,,,,,,,,,,,,,,,,,,,,,,,,,,,,,,,,,,,,,,,,,,,,,,,,,,,,,,,,,,,
197,2.0,16.0,0.0,1.0,17.0,0.0,12.0,1.0,10.0,0.0,38.0,0.0,0.0,0.0,19.0,83.0,67.0,50.0,34.0,115.0,124.0,20.0,111.0,97.0,116.0,25.0,5.0,6.0,45.0,8.0,729.0,,,,,,,,,,,,,,,,,,,,,,,,,,,,,,,,,,,,,,,,,,,,,,,,,,,,,,,,,,,,,,,,,,,,,,,,,,,,,,,,,,,,,,,,,,,,,,,,,,,,,,,,,,,
198,1.0,17.0,15.0,0.0,6.0,3.0,35.0,30.0,8.0,13.0,0.0,14.0,8.0,29.0,42.0,84.0,7.0,7.0,0.0,6.0,0.0,37.0,1.0,1.0,173.0,5.0,5.0,0.0,25.0,5.0,17.0,0.0,3.0,5.0,9.0,2.0,28.0,11.0,20.0,0.0,24.0,1.0,5.0,0.0,0.0,3.0,0.0,0.0,0.0,13.0,7.0,,,,,,,,,,,,,,,,,,,,,,,,,,,,,,,,,,,,,,,,,,,,,,,,,,,,,,,,,,,,,,,,,,,,,,,,,,,,,,,,,,,,,,,
199,12.0,0.0,6.0,0.0,0.0,2.0,0.0,11.0,0.0,5.0,0.0,5.0,0.0,12.0,10.0,0.0,22.0,12.0,3.0,38.0,4.0,38.0,15.0,0.0,2.0,0.0,12.0,27.0,6.0,0.0,0.0,15.0,4.0,0.0,0.0,0.0,0.0,0.0,0.0,10.0,0.0,0.0,0.0,0.0,0.0,0.0,0.0,,,,,,,,,,,,,,,,,,,,,,,,,,,,,,,,,,,,,,,,,,,,,,,,,,,,,,,,,,,,,,,,,,,,,,,,,,,,,,,,,,,,,,,,,,,
200,52.0,23.0,10.0,22.0,24.0,3.0,26.0,26.0,0.0,0.0,7.0,38.0,29.0,10.0,14.0,35.0,4.0,0.0,21.0,28.0,51.0,18.0,64.0,19.0,0.0,0.0,49.0,32.0,39.0,237.0,174.0,0.0,13.0,261.0,189.0,0.0,143.0,15.0,87.0,15.0,46.0,17.0,13.0,52.0,60.0,30.0,1.0,388.0,0.0,28.0,6.0,35.0,39.0,2.0,5.0,174.0,176.0,17.0,,,,,,,,,,,,,,,,,,,,,,,,,,,,,,,,,,,,,,,,,,,,,,,,,,,,,,,,,,,,,,,,,,,,,,,,,,,,,,,,
201,11.0,10.0,3.0,22.0,36.0,4.0,29.0,31.0,22.0,21.0,32.0,16.0,10.0,11.0,12.0,2.0,3.0,28.0,0.0,0.0,8.0,10.0,38.0,9.0,11.0,4.0,0.0,5.0,9.0,2.0,18.0,47.0,3.0,0.0,0.0,0.0,0.0,0.0,0.0,0.0,0.0,,,,,,,,,,,,,,,,,,,,,,,,,,,,,,,,,,,,,,,,,,,,,,,,,,,,,,,,,,,,,,,,,,,,,,,,,,,,,,,,,,,,,,,,,,,,,,,,,
202,38.0,12.0,15.0,6.0,9.0,3.0,11.0,7.0,64.0,45.0,29.0,27.0,17.0,0.0,84.0,5.0,53.0,2.0,8.0,0.0,0.0,13.0,40.0,28.0,21.0,9.0,32.0,1.0,0.0,11.0,0.0,5.0,267.0,0.0,201.0,50.0,734.0,0.0,0.0,0.0,0.0,0.0,0.0,0.0,,,,,,,,,,,,,,,,,,,,,,,,,,,,,,,,,,,,,,,,,,,,,,,,,,,,,,,,,,,,,,,,,,,,,,,,,,,,,,,,,,,,,,,,,,,,,,
203,1.0,4.0,28.0,37.0,10.0,1.0,5.0,15.0,0.0,11.0,25.0,9.0,47.0,78.0,0.0,6.0,4.0,3.0,3.0,35.0,35.0,12.0,63.0,0.0,23.0,0.0,64.0,55.0,0.0,52.0,0.0,0.0,92.0,13.0,0.0,97.0,6.0,0.0,8.0,14.0,0.0,3.0,0.0,0.0,0.0,13.0,0.0,0.0,0.0,0.0,19.0,4.0,8.0,4.0,0.0,7.0,0.0,0.0,2.0,185.0,230.0,0.0,0.0,0.0,0.0,0.0,0.0,0.0,0.0,0.0,,,,,,,,,,,,,,,,,,,,,,,,,,,,,,,,,,,,,,,,,,,,,,,,,,,,,,,,,,,,,,,,,,,,
204,2.0,29.0,30.0,20.0,0.0,26.0,5.0,50.0,9.0,26.0,20.0,18.0,0.0,16.0,55.0,39.0,9.0,0.0,10.0,15.0,1.0,0.0,571.0,172.0,5.0,20.0,0.0,8.0,9.0,14.0,39.0,37.0,84.0,0.0,48.0,409.0,0.0,0.0,,,,,,,,,,,,,,,,,,,,,,,,,,,,,,,,,,,,,,,,,,,,,,,,,,,,,,,,,,,,,,,,,,,,,,,,,,,,,,,,,,,,,,,,,,,,,,,,,,,,
205,0.0,5.0,19.0,39.0,19.0,15.0,20.0,18.0,13.0,22.0,44.0,6.0,88.0,24.0,0.0,38.0,0.0,0.0,14.0,112.0,4.0,30.0,96.0,9.0,101.0,404.0,51.0,0.0,1.0,66.0,122.0,40.0,5.0,126.0,0.0,135.0,231.0,0.0,89.0,73.0,0.0,24.0,0.0,,,,,,,,,,,,,,,,,,,,,,,,,,,,,,,,,,,,,,,,,,,,,,,,,,,,,,,,,,,,,,,,,,,,,,,,,,,,,,,,,,,,,,,,,,,,,,,
206,58.0,10.0,0.0,14.0,23.0,21.0,29.0,0.0,24.0,15.0,100.0,9.0,27.0,2.0,28.0,3.0,27.0,0.0,29.0,0.0,67.0,16.0,3.0,0.0,46.0,0.0,50.0,15.0,29.0,0.0,9.0,0.0,7.0,23.0,65.0,0.0,69.0,47.0,8.0,117.0,53.0,264.0,0.0,0.0,0.0,0.0,0.0,0.0,0.0,,,,,,,,,,,,,,,,,,,,,,,,,,,,,,,,,,,,,,,,,,,,,,,,,,,,,,,,,,,,,,,,,,,,,,,,,,,,,,,,,,,,,,,,,
207,32.0,0.0,16.0,15.0,0.0,0.0,3.0,10.0,51.0,35.0,49.0,23.0,79.0,0.0,2.0,87.0,0.0,99.0,11.0,35.0,24.0,0.0,0.0,41.0,88.0,17.0,40.0,24.0,15.0,0.0,5.0,21.0,9.0,2.0,0.0,30.0,67.0,0.0,5.0,35.0,64.0,112.0,54.0,5.0,2.0,0.0,11.0,2.0,0.0,0.0,0.0,0.0,0.0,5.0,8.0,6.0,0.0,,,,,,,,,,,,,,,,,,,,,,,,,,,,,,,,,,,,,,,,,,,,,,,,,,,,,,,,,,,,,,,,,,,,,,,,,,,,,,,,,
208,12.0,22.0,16.0,13.0,15.0,0.0,9.0,15.0,0.0,0.0,19.0,0.0,71.0,0.0,61.0,0.0,68.0,24.0,73.0,40.0,22.0,32.0,0.0,0.0,393.0,37.0,69.0,1.0,50.0,0.0,0.0,1.0,0.0,167.0,0.0,,,,,,,,,,,,,,,,,,,,,,,,,,,,,,,,,,,,,,,,,,,,,,,,,,,,,,,,,,,,,,,,,,,,,,,,,,,,,,,,,,,,,,,,,,,,,,,,,,,,,,,
209,26.0,4.0,24.0,13.0,3.0,18.0,9.0,10.0,10.0,28.0,13.0,29.0,33.0,6.0,8.0,22.0,38.0,10.0,28.0,2.0,0.0,68.0,0.0,0.0,51.0,29.0,39.0,60.0,12.0,21.0,13.0,734.0,0.0,3.0,0.0,17.0,47.0,4.0,0.0,0.0,0.0,152.0,0.0,8.0,,,,,,,,,,,,,,,,,,,,,,,,,,,,,,,,,,,,,,,,,,,,,,,,,,,,,,,,,,,,,,,,,,,,,,,,,,,,,,,,,,,,,,,,,,,,,,
210,17.0,23.0,5.0,4.0,0.0,38.0,17.0,200.0,9.0,0.0,0.0,21.0,0.0,0.0,17.0,3.0,8.0,28.0,0.0,4.0,7.0,5.0,0.0,48.0,423.0,12.0,40.0,5.0,0.0,10.0,147.0,10.0,5.0,0.0,46.0,61.0,0.0,0.0,12.0,33.0,4.0,53.0,10.0,62.0,0.0,0.0,1000.0,,,,,,,,,,,,,,,,,,,,,,,,,,,,,,,,,,,,,,,,,,,,,,,,,,,,,,,,,,,,,,,,,,,,,,,,,,,,,,,,,,,,,,,,,,,
211,7.0,0.0,14.0,0.0,13.0,25.0,32.0,11.0,26.0,98.0,62.0,0.0,17.0,81.0,20.0,61.0,39.0,0.0,15.0,7.0,15.0,3.0,57.0,0.0,0.0,27.0,38.0,0.0,0.0,,,,,,,,,,,,,,,,,,,,,,,,,,,,,,,,,,,,,,,,,,,,,,,,,,,,,,,,,,,,,,,,,,,,,,,,,,,,,,,,,,,,,,,,,,,,,,,,,,,,,,,,,,,,,
212,10.0,24.0,15.0,7.0,12.0,0.0,7.0,22.0,0.0,9.0,14.0,43.0,29.0,6.0,69.0,13.0,25.0,25.0,25.0,0.0,39.0,22.0,59.0,39.0,22.0,37.0,0.0,0.0,0.0,27.0,52.0,54.0,26.0,2.0,188.0,9.0,56.0,34.0,49.0,0.0,0.0,0.0,,,,,,,,,,,,,,,,,,,,,,,,,,,,,,,,,,,,,,,,,,,,,,,,,,,,,,,,,,,,,,,,,,,,,,,,,,,,,,,,,,,,,,,,,,,,,,,,
213,33.0,20.0,4.0,7.0,0.0,12.0,6.0,12.0,41.0,8.0,18.0,14.0,32.0,8.0,0.0,54.0,4.0,43.0,0.0,86.0,28.0,0.0,200.0,104.0,1.0,0.0,80.0,0.0,46.0,0.0,143.0,110.0,0.0,11.0,50.0,0.0,114.0,4.0,6.0,33.0,33.0,190.0,49.0,133.0,0.0,8.0,15.0,20.0,306.0,0.0,,,,,,,,,,,,,,,,,,,,,,,,,,,,,,,,,,,,,,,,,,,,,,,,,,,,,,,,,,,,,,,,,,,,,,,,,,,,,,,,,,,,,,,,
214,16.0,9.0,10.0,17.0,32.0,11.0,28.0,7.0,1.0,12.0,41.0,25.0,79.0,3.0,43.0,0.0,15.0,0.0,0.0,303.0,9.0,34.0,15.0,30.0,32.0,38.0,14.0,22.0,44.0,62.0,22.0,0.0,0.0,39.0,0.0,15.0,16.0,0.0,8.0,27.0,116.0,42.0,91.0,31.0,0.0,0.0,0.0,0.0,0.0,0.0,0.0,0.0,0.0,0.0,,,,,,,,,,,,,,,,,,,,,,,,,,,,,,,,,,,,,,,,,,,,,,,,,,,,,,,,,,,,,,,,,,,,,,,,,,,,,,,,,,,,
215,6.0,0.0,27.0,12.0,10.0,3.0,8.0,98.0,1.0,27.0,16.0,11.0,47.0,28.0,12.0,17.0,14.0,7.0,5.0,44.0,16.0,0.0,0.0,13.0,54.0,164.0,0.0,163.0,209.0,0.0,0.0,0.0,216.0,26.0,398.0,0.0,10.0,0.0,0.0,6.0,2.0,0.0,53.0,31.0,32.0,0.0,27.0,0.0,239.0,4.0,9.0,0.0,0.0,4.0,3.0,0.0,2.0,0.0,9.0,9.0,0.0,0.0,0.0,0.0,0.0,0.0,0.0,0.0,0.0,0.0,0.0,0.0,0.0,0.0,0.0,0.0,0.0,0.0,0.0,0.0,0.0,0.0,0.0,,,,,,,,,,,,,,,,,,,,,,,,,,,,,,,,,,,,,,,,,,,,,,,,,,,,,,,
216,0.0,40.0,28.0,8.0,16.0,21.0,57.0,0.0,21.0,19.0,46.0,7.0,21.0,7.0,1.0,0.0,0.0,4.0,30.0,5.0,0.0,8.0,0.0,0.0,10.0,52.0,24.0,8.0,15.0,62.0,47.0,0.0,3.0,0.0,4.0,0.0,0.0,0.0,0.0,0.0,0.0,0.0,0.0,0.0,0.0,0.0,0.0,0.0,0.0,0.0,0.0,0.0,0.0,,,,,,,,,,,,,,,,,,,,,,,,,,,,,,,,,,,,,,,,,,,,,,,,,,,,,,,,,,,,,,,,,,,,,,,,,,,,,,,,,,,,,
217,7.0,17.0,22.0,1.0,10.0,13.0,31.0,29.0,0.0,36.0,2.0,0.0,3.0,19.0,30.0,11.0,20.0,8.0,0.0,31.0,0.0,0.0,0.0,3.0,11.0,6.0,17.0,0.0,18.0,4.0,51.0,131.0,0.0,95.0,0.0,300.0,0.0,0.0,0.0,0.0,50.0,,,,,,,,,,,,,,,,,,,,,,,,,,,,,,,,,,,,,,,,,,,,,,,,,,,,,,,,,,,,,,,,,,,,,,,,,,,,,,,,,,,,,,,,,,,,,,,,,
218,24.0,10.0,5.0,3.0,9.0,13.0,10.0,0.0,28.0,12.0,12.0,8.0,0.0,52.0,4.0,13.0,7.0,16.0,14.0,14.0,101.0,0.0,88.0,72.0,28.0,0.0,13.0,56.0,75.0,0.0,72.0,76.0,205.0,90.0,43.0,31.0,44.0,0.0,114.0,344.0,38.0,13.0,154.0,,,,,,,,,,,,,,,,,,,,,,,,,,,,,,,,,,,,,,,,,,,,,,,,,,,,,,,,,,,,,,,,,,,,,,,,,,,,,,,,,,,,,,,,,,,,,,,
219,22.0,12.0,11.0,9.0,8.0,0.0,12.0,17.0,15.0,0.0,6.0,0.0,12.0,0.0,2.0,12.0,56.0,12.0,16.0,36.0,32.0,28.0,42.0,0.0,0.0,27.0,0.0,49.0,108.0,0.0,29.0,10.0,0.0,6.0,27.0,99.0,0.0,87.0,115.0,27.0,88.0,0.0,602.0,0.0,161.0,70.0,12.0,9.0,51.0,0.0,11.0,102.0,27.0,21.0,12.0,0.0,0.0,3.0,2.0,2.0,0.0,0.0,0.0,1.0,0.0,0.0,0.0,515.0,0.0,296.0,0.0,252.0,0.0,0.0,0.0,,,,,,,,,,,,,,,,,,,,,,,,,,,,,,,,,,,,,,,,,,,,,,,,,,,,,,,,,,,,,,,
220,14.0,8.0,0.0,12.0,7.0,38.0,10.0,12.0,4.0,9.0,1.0,48.0,2.0,13.0,7.0,5.0,36.0,0.0,0.0,0.0,10.0,0.0,0.0,0.0,15.0,21.0,30.0,17.0,1.0,28.0,,,,,,,,,,,,,,,,,,,,,,,,,,,,,,,,,,,,,,,,,,,,,,,,,,,,,,,,,,,,,,,,,,,,,,,,,,,,,,,,,,,,,,,,,,,,,,,,,,,,,,,,,,,,
221,17.0,9.0,5.0,9.0,14.0,44.0,0.0,19.0,18.0,11.0,30.0,6.0,10.0,35.0,2.0,0.0,0.0,21.0,29.0,33.0,92.0,16.0,0.0,6.0,145.0,75.0,0.0,26.0,24.0,0.0,84.0,0.0,26.0,1.0,0.0,24.0,0.0,24.0,61.0,0.0,0.0,0.0,0.0,0.0,0.0,0.0,584.0,330.0,0.0,0.0,412.0,0.0,60.0,0.0,0.0,0.0,3.0,0.0,187.0,0.0,0.0,15.0,146.0,0.0,15.0,139.0,0.0,0.0,14.0,21.0,0.0,0.0,150.0,0.0,0.0,0.0,0.0,0.0,0.0,0.0,0.0,0.0,0.0,0.0,,,,,,,,,,,,,,,,,,,,,,,,,,,,,,,,,,,,,,,,,,,,,,,,,,,,,,
222,15.0,24.0,0.0,14.0,11.0,34.0,0.0,0.0,34.0,12.0,14.0,29.0,14.0,0.0,14.0,31.0,19.0,11.0,6.0,19.0,1.0,10.0,3.0,2.0,27.0,8.0,0.0,0.0,6.0,12.0,0.0,2.0,0.0,0.0,0.0,0.0,0.0,0.0,0.0,0.0,0.0,0.0,0.0,,,,,,,,,,,,,,,,,,,,,,,,,,,,,,,,,,,,,,,,,,,,,,,,,,,,,,,,,,,,,,,,,,,,,,,,,,,,,,,,,,,,,,,,,,,,,,,
223,8.0,0.0,15.0,13.0,38.0,8.0,20.0,0.0,21.0,0.0,48.0,29.0,5.0,0.0,106.0,8.0,48.0,32.0,37.0,0.0,21.0,65.0,0.0,0.0,245.0,27.0,52.0,0.0,24.0,20.0,60.0,13.0,57.0,12.0,0.0,99.0,8.0,27.0,74.0,170.0,361.0,89.0,0.0,0.0,0.0,0.0,0.0,0.0,,,,,,,,,,,,,,,,,,,,,,,,,,,,,,,,,,,,,,,,,,,,,,,,,,,,,,,,,,,,,,,,,,,,,,,,,,,,,,,,,,,,,,,,,,
224,0.0,0.0,0.0,11.0,29.0,0.0,11.0,2.0,3.0,17.0,10.0,32.0,67.0,4.0,39.0,127.0,13.0,45.0,0.0,58.0,108.0,19.0,26.0,88.0,0.0,98.0,25.0,54.0,0.0,23.0,12.0,0.0,94.0,27.0,0.0,33.0,19.0,0.0,361.0,0.0,0.0,0.0,170.0,3.0,0.0,211.0,34.0,84.0,11.0,43.0,148.0,110.0,0.0,24.0,86.0,0.0,,,,,,,,,,,,,,,,,,,,,,,,,,,,,,,,,,,,,,,,,,,,,,,,,,,,,,,,,,,,,,,,,,,,,,,,,,,,,,,,,,
225,25.0,12.0,11.0,24.0,0.0,0.0,57.0,0.0,0.0,6.0,10.0,60.0,2.0,7.0,0.0,16.0,1.0,0.0,0.0,1.0,6.0,15.0,11.0,5.0,4.0,0.0,0.0,0.0,0.0,0.0,0.0,0.0,,,,,,,,,,,,,,,,,,,,,,,,,,,,,,,,,,,,,,,,,,,,,,,,,,,,,,,,,,,,,,,,,,,,,,,,,,,,,,,,,,,,,,,,,,,,,,,,,,,,,,,,,,
226,11.0,19.0,11.0,9.0,27.0,13.0,48.0,12.0,0.0,6.0,0.0,13.0,0.0,9.0,8.0,4.0,17.0,33.0,14.0,5.0,47.0,8.0,3.0,0.0,20.0,9.0,14.0,0.0,29.0,27.0,17.0,4.0,8.0,2.0,0.0,23.0,5.0,3.0,0.0,0.0,0.0,0.0,0.0,0.0,,,,,,,,,,,,,,,,,,,,,,,,,,,,,,,,,,,,,,,,,,,,,,,,,,,,,,,,,,,,,,,,,,,,,,,,,,,,,,,,,,,,,,,,,,,,,,
227,0.0,4.0,0.0,0.0,39.0,5.0,22.0,20.0,31.0,0.0,0.0,10.0,4.0,25.0,0.0,21.0,33.0,12.0,24.0,25.0,45.0,24.0,70.0,21.0,51.0,24.0,10.0,109.0,0.0,19.0,0.0,81.0,1.0,38.0,31.0,3.0,8.0,19.0,7.0,0.0,17.0,27.0,11.0,0.0,53.0,66.0,64.0,119.0,117.0,225.0,27.0,27.0,4.0,4.0,15.0,0.0,0.0,0.0,0.0,0.0,0.0,2.0,2.0,0.0,0.0,,,,,,,,,,,,,,,,,,,,,,,,,,,,,,,,,,,,,,,,,,,,,,,,,,,,,,,,,,,,,,,,,,,,,,,,,
228,29.0,31.0,4.0,18.0,5.0,0.0,8.0,0.0,9.0,46.0,142.0,20.0,23.0,22.0,0.0,234.0,0.0,151.0,131.0,60.0,63.0,189.0,0.0,9.0,0.0,70.0,144.0,316.0,45.0,12.0,9.0,0.0,6.0,0.0,105.0,2.0,35.0,59.0,14.0,19.0,7.0,22.0,0.0,5.0,6.0,25.0,3.0,13.0,2.0,2.0,8.0,0.0,1.0,2.0,0.0,,,,,,,,,,,,,,,,,,,,,,,,,,,,,,,,,,,,,,,,,,,,,,,,,,,,,,,,,,,,,,,,,,,,,,,,,,,,,,,,,,,
229,20.0,19.0,2.0,8.0,14.0,7.0,19.0,12.0,13.0,17.0,7.0,12.0,0.0,31.0,0.0,13.0,7.0,18.0,11.0,18.0,15.0,0.0,12.0,16.0,3.0,23.0,31.0,12.0,20.0,41.0,0.0,24.0,0.0,82.0,8.0,7.0,8.0,24.0,0.0,0.0,6.0,0.0,29.0,0.0,8.0,0.0,0.0,0.0,0.0,10.0,2.0,8.0,6.0,31.0,21.0,0.0,5.0,0.0,61.0,0.0,8.0,0.0,0.0,0.0,0.0,0.0,0.0,0.0,0.0,0.0,40.0,,,,,,,,,,,,,,,,,,,,,,,,,,,,,,,,,,,,,,,,,,,,,,,,,,,,,,,,,,,,,,,,,,,
230,18.0,21.0,12.0,10.0,9.0,34.0,26.0,16.0,6.0,12.0,2.0,8.0,0.0,16.0,28.0,18.0,7.0,10.0,20.0,14.0,25.0,11.0,0.0,0.0,0.0,21.0,18.0,44.0,99.0,9.0,20.0,122.0,23.0,17.0,6.0,11.0,14.0,0.0,10.0,13.0,61.0,0.0,224.0,21.0,56.0,0.0,64.0,28.0,34.0,10.0,66.0,0.0,19.0,0.0,3.0,90.0,0.0,,,,,,,,,,,,,,,,,,,,,,,,,,,,,,,,,,,,,,,,,,,,,,,,,,,,,,,,,,,,,,,,,,,,,,,,,,,,,,,,,
231,5.0,10.0,11.0,9.0,25.0,0.0,12.0,0.0,3.0,42.0,33.0,31.0,0.0,16.0,16.0,16.0,3.0,1.0,11.0,0.0,9.0,66.0,0.0,0.0,8.0,14.0,0.0,0.0,0.0,66.0,0.0,0.0,0.0,0.0,7.0,31.0,31.0,0.0,9.0,4.0,4.0,3.0,0.0,17.0,0.0,0.0,0.0,1.0,0.0,0.0,0.0,0.0,0.0,162.0,0.0,47.0,465.0,42.0,5.0,0.0,0.0,67.0,184.0,0.0,0.0,319.0,0.0,0.0,352.0,79.0,0.0,542.0,128.0,4.0,27.0,4.0,11.0,0.0,0.0,0.0,1.0,2.0,0.0,0.0,0.0,18.0,0.0,,,,,,,,,,,,,,,,,,,,,,,,,,,,,,,,,,,,,,,,,,,,,,,,,,,
232,23.0,37.0,38.0,5.0,39.0,0.0,0.0,7.0,1.0,5.0,31.0,25.0,0.0,9.0,20.0,6.0,2.0,3.0,10.0,13.0,6.0,3.0,14.0,45.0,0.0,2.0,56.0,21.0,22.0,11.0,0.0,82.0,0.0,149.0,4.0,31.0,92.0,166.0,189.0,0.0,0.0,8.0,27.0,0.0,78.0,0.0,0.0,68.0,0.0,106.0,70.0,0.0,228.0,56.0,119.0,27.0,0.0,289.0,0.0,0.0,0.0,0.0,0.0,13.0,,,,,,,,,,,,,,,,,,,,,,,,,,,,,,,,,,,,,,,,,,,,,,,,,,,,,,,,,,,,,,,,,,,,,,,,,,
233,19.0,17.0,18.0,24.0,30.0,6.0,19.0,15.0,0.0,47.0,38.0,18.0,36.0,23.0,0.0,12.0,28.0,2.0,0.0,10.0,16.0,16.0,6.0,71.0,29.0,15.0,32.0,33.0,30.0,0.0,12.0,0.0,4.0,61.0,9.0,0.0,3.0,0.0,1.0,14.0,0.0,0.0,31.0,0.0,0.0,0.0,120.0,12.0,18.0,0.0,0.0,0.0,0.0,0.0,0.0,0.0,0.0,0.0,0.0,,,,,,,,,,,,,,,,,,,,,,,,,,,,,,,,,,,,,,,,,,,,,,,,,,,,,,,,,,,,,,,,,,,,,,,,,,,,,,,
234,2.0,11.0,0.0,20.0,2.0,9.0,13.0,0.0,21.0,0.0,1.0,7.0,1.0,2.0,0.0,5.0,0.0,18.0,0.0,24.0,0.0,5.0,16.0,19.0,1.0,0.0,0.0,5.0,30.0,3.0,21.0,2.0,0.0,0.0,0.0,0.0,0.0,5.0,0.0,0.0,0.0,0.0,0.0,0.0,,,,,,,,,,,,,,,,,,,,,,,,,,,,,,,,,,,,,,,,,,,,,,,,,,,,,,,,,,,,,,,,,,,,,,,,,,,,,,,,,,,,,,,,,,,,,,
235,24.0,36.0,39.0,10.0,30.0,0.0,44.0,0.0,2.0,12.0,18.0,7.0,20.0,21.0,0.0,0.0,0.0,49.0,36.0,0.0,0.0,25.0,1.0,0.0,4.0,0.0,0.0,0.0,0.0,0.0,,,,,,,,,,,,,,,,,,,,,,,,,,,,,,,,,,,,,,,,,,,,,,,,,,,,,,,,,,,,,,,,,,,,,,,,,,,,,,,,,,,,,,,,,,,,,,,,,,,,,,,,,,,,
236,19.0,15.0,26.0,7.0,11.0,11.0,2.0,4.0,9.0,0.0,28.0,7.0,24.0,67.0,8.0,34.0,85.0,59.0,43.0,43.0,19.0,6.0,22.0,147.0,2.0,126.0,59.0,167.0,100.0,32.0,0.0,7.0,,,,,,,,,,,,,,,,,,,,,,,,,,,,,,,,,,,,,,,,,,,,,,,,,,,,,,,,,,,,,,,,,,,,,,,,,,,,,,,,,,,,,,,,,,,,,,,,,,,,,,,,,,
237,18.0,0.0,33.0,42.0,5.0,32.0,6.0,13.0,10.0,9.0,19.0,61.0,8.0,9.0,0.0,112.0,11.0,16.0,302.0,76.0,52.0,0.0,11.0,104.0,35.0,88.0,0.0,36.0,140.0,0.0,0.0,0.0,0.0,0.0,0.0,0.0,0.0,0.0,0.0,3.0,0.0,0.0,0.0,0.0,0.0,0.0,,,,,,,,,,,,,,,,,,,,,,,,,,,,,,,,,,,,,,,,,,,,,,,,,,,,,,,,,,,,,,,,,,,,,,,,,,,,,,,,,,,,,,,,,,,,
238,20.0,10.0,9.0,0.0,34.0,0.0,0.0,0.0,20.0,23.0,8.0,6.0,158.0,12.0,53.0,9.0,80.0,23.0,15.0,21.0,92.0,52.0,121.0,0.0,5.0,126.0,33.0,142.0,59.0,318.0,0.0,202.0,56.0,101.0,7.0,22.0,26.0,0.0,0.0,0.0,0.0,0.0,0.0,0.0,0.0,0.0,0.0,,,,,,,,,,,,,,,,,,,,,,,,,,,,,,,,,,,,,,,,,,,,,,,,,,,,,,,,,,,,,,,,,,,,,,,,,,,,,,,,,,,,,,,,,,,
239,14.0,19.0,10.0,31.0,13.0,35.0,24.0,43.0,2.0,6.0,17.0,8.0,6.0,14.0,26.0,11.0,10.0,5.0,8.0,42.0,13.0,0.0,61.0,48.0,22.0,3.0,34.0,0.0,8.0,6.0,20.0,13.0,0.0,0.0,0.0,0.0,12.0,81.0,0.0,0.0,0.0,0.0,0.0,0.0,0.0,0.0,0.0,0.0,0.0,0.0,0.0,0.0,,,,,,,,,,,,,,,,,,,,,,,,,,,,,,,,,,,,,,,,,,,,,,,,,,,,,,,,,,,,,,,,,,,,,,,,,,,,,,,,,,,,,,
240,19.0,11.0,40.0,13.0,0.0,11.0,15.0,48.0,7.0,92.0,16.0,0.0,11.0,77.0,35.0,26.0,110.0,147.0,0.0,49.0,0.0,0.0,0.0,75.0,43.0,139.0,0.0,191.0,0.0,0.0,0.0,7.0,18.0,2.0,15.0,,,,,,,,,,,,,,,,,,,,,,,,,,,,,,,,,,,,,,,,,,,,,,,,,,,,,,,,,,,,,,,,,,,,,,,,,,,,,,,,,,,,,,,,,,,,,,,,,,,,,,,
241,15.0,0.0,0.0,0.0,41.0,9.0,52.0,11.0,3.0,11.0,15.0,0.0,12.0,35.0,30.0,16.0,10.0,0.0,0.0,0.0,13.0,44.0,15.0,1.0,14.0,4.0,0.0,15.0,102.0,14.0,11.0,0.0,0.0,79.0,0.0,37.0,0.0,9.0,0.0,83.0,285.0,30.0,0.0,74.0,159.0,23.0,0.0,0.0,7.0,0.0,255.0,146.0,294.0,0.0,0.0,0.0,40.0,0.0,1.0,10.0,3.0,0.0,2.0,34.0,0.0,37.0,0.0,0.0,0.0,3.0,0.0,1.0,0.0,1.0,0.0,0.0,0.0,,,,,,,,,,,,,,,,,,,,,,,,,,,,,,,,,,,,,,,,,,,,,,,,,,,,,,,,,,,,,
242,15.0,7.0,7.0,4.0,10.0,0.0,2.0,26.0,0.0,0.0,18.0,78.0,51.0,45.0,32.0,18.0,5.0,13.0,56.0,2.0,20.0,27.0,59.0,25.0,3.0,66.0,0.0,60.0,56.0,78.0,0.0,30.0,140.0,0.0,0.0,13.0,0.0,6.0,4.0,24.0,0.0,17.0,0.0,26.0,0.0,36.0,0.0,23.0,0.0,0.0,0.0,0.0,536.0,0.0,0.0,0.0,0.0,0.0,,,,,,,,,,,,,,,,,,,,,,,,,,,,,,,,,,,,,,,,,,,,,,,,,,,,,,,,,,,,,,,,,,,,,,,,,,,,,,,,
243,38.0,32.0,42.0,0.0,13.0,13.0,12.0,31.0,54.0,0.0,14.0,0.0,16.0,71.0,19.0,30.0,82.0,0.0,51.0,13.0,36.0,48.0,55.0,0.0,30.0,0.0,0.0,7.0,35.0,13.0,101.0,0.0,0.0,16.0,0.0,24.0,0.0,385.0,44.0,62.0,,,,,,,,,,,,,,,,,,,,,,,,,,,,,,,,,,,,,,,,,,,,,,,,,,,,,,,,,,,,,,,,,,,,,,,,,,,,,,,,,,,,,,,,,,,,,,,,,,
244,12.0,8.0,0.0,9.0,40.0,0.0,25.0,27.0,15.0,55.0,18.0,0.0,0.0,2.0,33.0,20.0,50.0,9.0,0.0,30.0,14.0,0.0,5.0,0.0,41.0,0.0,60.0,11.0,11.0,0.0,7.0,10.0,16.0,6.0,0.0,7.0,21.0,2.0,19.0,146.0,0.0,15.0,465.0,33.0,0.0,0.0,0.0,0.0,812.0,0.0,0.0,0.0,0.0,0.0,0.0,0.0,0.0,0.0,0.0,,,,,,,,,,,,,,,,,,,,,,,,,,,,,,,,,,,,,,,,,,,,,,,,,,,,,,,,,,,,,,,,,,,,,,,,,,,,,,,
245,0.0,0.0,0.0,0.0,0.0,0.0,0.0,0.0,0.0,0.0,5.0,1.0,3.0,0.0,0.0,0.0,0.0,0.0,4.0,0.0,0.0,0.0,0.0,0.0,0.0,5.0,0.0,0.0,0.0,0.0,0.0,0.0,0.0,0.0,0.0,3.0,0.0,21.0,0.0,36.0,0.0,0.0,0.0,0.0,0.0,0.0,0.0,0.0,,,,,,,,,,,,,,,,,,,,,,,,,,,,,,,,,,,,,,,,,,,,,,,,,,,,,,,,,,,,,,,,,,,,,,,,,,,,,,,,,,,,,,,,,,
