,0,1,2,3,4,5,6,7,8,9,10,11,12,13,14,15,16,17,18,19,20,21,22,23,24,25,26,27,28,29,30,31,32,33,34,35,36,37,38,39,40,41,42,43,44,45,46,47,48,49,50,51,52,53,54,55,56,57,58,59,60,61,62,63,64,65,66,67,68,69,70,71,72,73,74,75,76,77,78,79,80,81,82,83,84,85,86,87,88,89,90,91,92,93,94,95,96,97,98,99,100,101,102,103,104,105,106,107,108,109,110,111,112,113,114,115,116,117,118,119,120,121,122,123,124,125,126,127,128,129,130,131,132
0,37.0,22.0,12.0,18.0,12.0,12.0,22.0,13.0,22.0,1.0,0.0,51.0,0.0,21.0,10.0,2.0,12.0,0.0,15.0,0.0,19.0,0.0,0.0,4.0,,,,,,,,,,,,,,,,,,,,,,,,,,,,,,,,,,,,,,,,,,,,,,,,,,,,,,,,,,,,,,,,,,,,,,,,,,,,,,,,,,,,,,,,,,,,,,,,,,,,,,,,,,,,,
1,11.0,23.0,29.0,13.0,20.0,3.0,28.0,23.0,12.0,8.0,22.0,29.0,53.0,26.0,0.0,0.0,14.0,21.0,0.0,14.0,0.0,59.0,7.0,0.0,9.0,9.0,22.0,0.0,13.0,7.0,11.0,6.0,1.0,0.0,0.0,0.0,0.0,6.0,2.0,19.0,32.0,0.0,8.0,14.0,20.0,6.0,9.0,3.0,0.0,4.0,9.0,2.0,13.0,0.0,0.0,15.0,2.0,0.0,2.0,3.0,0.0,0.0,,,,,,,,,,,,,,,,,,,,,,,,,,,,,,,,,,,,,,,,,,,,,,,,,,,,,,,,,,,,,,,,,,,,,,,
2,10.0,13.0,3.0,27.0,20.0,2.0,38.0,1.0,21.0,51.0,7.0,1.0,27.0,12.0,60.0,6.0,0.0,37.0,28.0,0.0,103.0,,,,,,,,,,,,,,,,,,,,,,,,,,,,,,,,,,,,,,,,,,,,,,,,,,,,,,,,,,,,,,,,,,,,,,,,,,,,,,,,,,,,,,,,,,,,,,,,,,,,,,,,,,,,,,,,
3,8.0,29.0,15.0,20.0,0.0,32.0,25.0,7.0,13.0,0.0,57.0,0.0,15.0,0.0,11.0,32.0,6.0,0.0,29.0,3.0,0.0,22.0,28.0,17.0,1.0,13.0,30.0,7.0,0.0,,,,,,,,,,,,,,,,,,,,,,,,,,,,,,,,,,,,,,,,,,,,,,,,,,,,,,,,,,,,,,,,,,,,,,,,,,,,,,,,,,,,,,,,,,,,,,,,,,,,,,,,
4,31.0,0.0,17.0,0.0,41.0,16.0,9.0,0.0,7.0,0.0,27.0,0.0,22.0,41.0,5.0,16.0,131.0,33.0,36.0,34.0,60.0,57.0,20.0,0.0,22.0,4.0,0.0,2.0,0.0,0.0,33.0,35.0,18.0,4.0,28.0,37.0,3.0,14.0,44.0,39.0,29.0,27.0,0.0,116.0,0.0,43.0,18.0,90.0,86.0,0.0,,,,,,,,,,,,,,,,,,,,,,,,,,,,,,,,,,,,,,,,,,,,,,,,,,,,,,,,,,,,,,,,,,,,,,,,,,,,,,,,,,,
5,23.0,31.0,6.0,11.0,61.0,0.0,10.0,29.0,13.0,8.0,3.0,65.0,0.0,19.0,39.0,17.0,24.0,29.0,25.0,56.0,13.0,10.0,61.0,14.0,127.0,28.0,0.0,0.0,19.0,0.0,2.0,0.0,0.0,7.0,10.0,74.0,0.0,0.0,0.0,6.0,39.0,34.0,0.0,0.0,0.0,0.0,0.0,177.0,0.0,0.0,,,,,,,,,,,,,,,,,,,,,,,,,,,,,,,,,,,,,,,,,,,,,,,,,,,,,,,,,,,,,,,,,,,,,,,,,,,,,,,,,,,
6,37.0,34.0,0.0,0.0,39.0,8.0,2.0,0.0,34.0,21.0,12.0,23.0,54.0,9.0,0.0,17.0,6.0,3.0,2.0,101.0,0.0,1.0,9.0,10.0,0.0,0.0,,,,,,,,,,,,,,,,,,,,,,,,,,,,,,,,,,,,,,,,,,,,,,,,,,,,,,,,,,,,,,,,,,,,,,,,,,,,,,,,,,,,,,,,,,,,,,,,,,,,,,,,,,,
7,11.0,19.0,0.0,0.0,20.0,14.0,8.0,1.0,0.0,0.0,0.0,0.0,17.0,3.0,10.0,23.0,7.0,3.0,9.0,5.0,24.0,55.0,0.0,0.0,0.0,11.0,20.0,2.0,2.0,0.0,0.0,0.0,10.0,11.0,0.0,30.0,3.0,7.0,,,,,,,,,,,,,,,,,,,,,,,,,,,,,,,,,,,,,,,,,,,,,,,,,,,,,,,,,,,,,,,,,,,,,,,,,,,,,,,,,,,,,,,,,,,,,,,
8,33.0,0.0,19.0,0.0,41.0,2.0,17.0,28.0,33.0,0.0,0.0,11.0,24.0,4.0,2.0,3.0,16.0,10.0,3.0,28.0,0.0,3.0,1.0,38.0,0.0,0.0,8.0,1.0,0.0,0.0,,,,,,,,,,,,,,,,,,,,,,,,,,,,,,,,,,,,,,,,,,,,,,,,,,,,,,,,,,,,,,,,,,,,,,,,,,,,,,,,,,,,,,,,,,,,,,,,,,,,,,,
9,24.0,10.0,2.0,26.0,12.0,44.0,3.0,77.0,9.0,7.0,14.0,18.0,26.0,64.0,13.0,14.0,12.0,43.0,0.0,9.0,42.0,,,,,,,,,,,,,,,,,,,,,,,,,,,,,,,,,,,,,,,,,,,,,,,,,,,,,,,,,,,,,,,,,,,,,,,,,,,,,,,,,,,,,,,,,,,,,,,,,,,,,,,,,,,,,,,,
10,33.0,28.0,1.0,23.0,22.0,6.0,24.0,20.0,24.0,61.0,0.0,9.0,50.0,23.0,0.0,25.0,27.0,30.0,23.0,0.0,4.0,0.0,12.0,20.0,4.0,13.0,9.0,0.0,11.0,5.0,0.0,2.0,0.0,0.0,22.0,0.0,14.0,21.0,11.0,1.0,0.0,0.0,,,,,,,,,,,,,,,,,,,,,,,,,,,,,,,,,,,,,,,,,,,,,,,,,,,,,,,,,,,,,,,,,,,,,,,,,,,,,,,,,,,,,,,,,,,
11,30.0,30.0,2.0,39.0,18.0,4.0,9.0,1.0,0.0,30.0,7.0,21.0,11.0,28.0,10.0,3.0,8.0,3.0,28.0,9.0,54.0,0.0,38.0,0.0,25.0,8.0,19.0,44.0,54.0,26.0,0.0,13.0,3.0,0.0,0.0,16.0,0.0,17.0,6.0,1.0,0.0,0.0,12.0,10.0,2.0,0.0,0.0,0.0,13.0,0.0,0.0,12.0,29.0,16.0,0.0,0.0,0.0,0.0,1.0,2.0,0.0,0.0,0.0,0.0,4.0,1.0,0.0,0.0,0.0,0.0,0.0,0.0,0.0,0.0,0.0,0.0,0.0,0.0,0.0,0.0,0.0,0.0,0.0,0.0,0.0,0.0,0.0,0.0,0.0,0.0,0.0,0.0,0.0,0.0,0.0,0.0,0.0,0.0,0.0,0.0,0.0,0.0,0.0,0.0,0.0,0.0,0.0,,,,,,,,,,,,,,,,,,,,,,,,,,
12,5.0,22.0,4.0,0.0,0.0,11.0,5.0,6.0,9.0,19.0,25.0,4.0,27.0,6.0,13.0,42.0,6.0,21.0,52.0,50.0,24.0,0.0,22.0,19.0,61.0,33.0,0.0,0.0,0.0,22.0,0.0,65.0,20.0,0.0,20.0,10.0,0.0,0.0,0.0,0.0,0.0,0.0,0.0,0.0,0.0,0.0,0.0,0.0,0.0,0.0,0.0,0.0,0.0,7.0,,,,,,,,,,,,,,,,,,,,,,,,,,,,,,,,,,,,,,,,,,,,,,,,,,,,,,,,,,,,,,,,,,,,,,,,,,,,,,,
13,29.0,10.0,21.0,13.0,23.0,30.0,76.0,27.0,0.0,41.0,0.0,12.0,0.0,65.0,52.0,0.0,78.0,95.0,0.0,9.0,0.0,0.0,0.0,97.0,0.0,0.0,0.0,41.0,0.0,50.0,55.0,14.0,104.0,34.0,55.0,0.0,30.0,6.0,28.0,52.0,20.0,34.0,21.0,0.0,0.0,0.0,,,,,,,,,,,,,,,,,,,,,,,,,,,,,,,,,,,,,,,,,,,,,,,,,,,,,,,,,,,,,,,,,,,,,,,,,,,,,,,,,,,,,,,
14,23.0,50.0,13.0,0.0,0.0,8.0,34.0,12.0,18.0,4.0,26.0,8.0,6.0,0.0,0.0,10.0,17.0,10.0,7.0,8.0,12.0,0.0,27.0,27.0,12.0,0.0,2.0,0.0,30.0,20.0,3.0,0.0,22.0,0.0,41.0,5.0,12.0,10.0,0.0,0.0,29.0,0.0,5.0,,,,,,,,,,,,,,,,,,,,,,,,,,,,,,,,,,,,,,,,,,,,,,,,,,,,,,,,,,,,,,,,,,,,,,,,,,,,,,,,,,,,,,,,,,
15,0.0,22.0,15.0,14.0,32.0,4.0,17.0,15.0,14.0,16.0,45.0,0.0,0.0,51.0,0.0,11.0,16.0,14.0,2.0,26.0,0.0,29.0,4.0,21.0,27.0,11.0,30.0,4.0,44.0,7.0,7.0,0.0,7.0,0.0,0.0,0.0,0.0,2.0,0.0,0.0,18.0,,,,,,,,,,,,,,,,,,,,,,,,,,,,,,,,,,,,,,,,,,,,,,,,,,,,,,,,,,,,,,,,,,,,,,,,,,,,,,,,,,,,,,,,,,,,
16,11.0,11.0,4.0,0.0,8.0,12.0,16.0,9.0,18.0,26.0,0.0,13.0,22.0,8.0,4.0,14.0,10.0,26.0,0.0,0.0,9.0,2.0,85.0,20.0,0.0,29.0,0.0,2.0,16.0,8.0,12.0,1.0,0.0,7.0,6.0,10.0,19.0,0.0,,,,,,,,,,,,,,,,,,,,,,,,,,,,,,,,,,,,,,,,,,,,,,,,,,,,,,,,,,,,,,,,,,,,,,,,,,,,,,,,,,,,,,,,,,,,,,,
17,14.0,11.0,0.0,31.0,53.0,19.0,2.0,2.0,4.0,63.0,18.0,15.0,66.0,0.0,0.0,51.0,8.0,36.0,11.0,46.0,4.0,8.0,46.0,73.0,29.0,,,,,,,,,,,,,,,,,,,,,,,,,,,,,,,,,,,,,,,,,,,,,,,,,,,,,,,,,,,,,,,,,,,,,,,,,,,,,,,,,,,,,,,,,,,,,,,,,,,,,,,,,,,,
18,21.0,12.0,16.0,9.0,8.0,6.0,8.0,22.0,7.0,10.0,6.0,1.0,6.0,19.0,8.0,32.0,0.0,9.0,16.0,74.0,21.0,14.0,0.0,0.0,0.0,3.0,15.0,12.0,3.0,29.0,7.0,0.0,2.0,0.0,0.0,0.0,24.0,1.0,0.0,13.0,16.0,12.0,,,,,,,,,,,,,,,,,,,,,,,,,,,,,,,,,,,,,,,,,,,,,,,,,,,,,,,,,,,,,,,,,,,,,,,,,,,,,,,,,,,,,,,,,,,
19,4.0,15.0,34.0,1.0,27.0,19.0,0.0,27.0,33.0,26.0,25.0,22.0,1.0,11.0,0.0,30.0,19.0,32.0,17.0,13.0,0.0,15.0,39.0,0.0,0.0,0.0,17.0,30.0,34.0,17.0,4.0,10.0,68.0,0.0,7.0,66.0,0.0,2.0,,,,,,,,,,,,,,,,,,,,,,,,,,,,,,,,,,,,,,,,,,,,,,,,,,,,,,,,,,,,,,,,,,,,,,,,,,,,,,,,,,,,,,,,,,,,,,,
20,31.0,15.0,8.0,0.0,48.0,23.0,31.0,18.0,52.0,0.0,1.0,0.0,13.0,14.0,0.0,0.0,11.0,0.0,0.0,26.0,27.0,108.0,53.0,0.0,7.0,53.0,0.0,1.0,0.0,95.0,0.0,46.0,9.0,0.0,0.0,0.0,0.0,0.0,21.0,0.0,0.0,0.0,0.0,0.0,0.0,0.0,0.0,0.0,,,,,,,,,,,,,,,,,,,,,,,,,,,,,,,,,,,,,,,,,,,,,,,,,,,,,,,,,,,,,,,,,,,,,,,,,,,,,,,,,,,,,
21,5.0,15.0,20.0,0.0,33.0,39.0,28.0,0.0,83.0,20.0,11.0,12.0,4.0,0.0,0.0,47.0,28.0,46.0,7.0,12.0,161.0,33.0,0.0,41.0,60.0,54.0,19.0,20.0,18.0,22.0,48.0,19.0,29.0,1.0,0.0,40.0,0.0,11.0,34.0,32.0,0.0,17.0,43.0,59.0,19.0,35.0,62.0,46.0,0.0,0.0,13.0,0.0,0.0,99.0,109.0,0.0,0.0,0.0,4.0,0.0,0.0,0.0,0.0,17.0,0.0,0.0,1.0,0.0,0.0,,,,,,,,,,,,,,,,,,,,,,,,,,,,,,,,,,,,,,,,,,,,,,,,,,,,,,,,,,,,,,,,
22,33.0,14.0,34.0,0.0,6.0,29.0,0.0,0.0,16.0,25.0,58.0,10.0,20.0,29.0,6.0,38.0,62.0,23.0,32.0,0.0,25.0,19.0,8.0,10.0,13.0,11.0,43.0,11.0,17.0,10.0,0.0,19.0,0.0,18.0,17.0,11.0,17.0,22.0,20.0,10.0,8.0,5.0,47.0,10.0,12.0,17.0,0.0,25.0,,,,,,,,,,,,,,,,,,,,,,,,,,,,,,,,,,,,,,,,,,,,,,,,,,,,,,,,,,,,,,,,,,,,,,,,,,,,,,,,,,,,,
23,17.0,13.0,0.0,6.0,32.0,0.0,59.0,38.0,22.0,2.0,27.0,24.0,7.0,24.0,17.0,31.0,0.0,0.0,2.0,30.0,0.0,17.0,0.0,14.0,0.0,0.0,10.0,0.0,0.0,43.0,23.0,0.0,0.0,0.0,34.0,0.0,12.0,12.0,16.0,2.0,18.0,,,,,,,,,,,,,,,,,,,,,,,,,,,,,,,,,,,,,,,,,,,,,,,,,,,,,,,,,,,,,,,,,,,,,,,,,,,,,,,,,,,,,,,,,,,,
24,9.0,18.0,23.0,0.0,5.0,10.0,31.0,15.0,30.0,36.0,0.0,0.0,19.0,7.0,14.0,19.0,33.0,83.0,9.0,7.0,0.0,19.0,32.0,16.0,20.0,1.0,0.0,79.0,25.0,26.0,13.0,0.0,133.0,0.0,149.0,60.0,0.0,3.0,0.0,0.0,36.0,77.0,0.0,28.0,278.0,66.0,40.0,14.0,0.0,4.0,34.0,0.0,4.0,25.0,107.0,0.0,157.0,0.0,166.0,129.0,2.0,0.0,2.0,41.0,16.0,12.0,,,,,,,,,,,,,,,,,,,,,,,,,,,,,,,,,,,,,,,,,,,,,,,,,,,,,,,,,,,,,,,,,,,
25,21.0,14.0,16.0,0.0,0.0,7.0,0.0,20.0,16.0,9.0,49.0,46.0,28.0,38.0,3.0,4.0,9.0,14.0,8.0,13.0,130.0,32.0,0.0,0.0,34.0,326.0,9.0,44.0,57.0,0.0,0.0,37.0,21.0,0.0,0.0,0.0,0.0,7.0,1.0,0.0,0.0,0.0,0.0,,,,,,,,,,,,,,,,,,,,,,,,,,,,,,,,,,,,,,,,,,,,,,,,,,,,,,,,,,,,,,,,,,,,,,,,,,,,,,,,,,,,,,,,,,
26,0.0,18.0,4.0,2.0,12.0,25.0,0.0,13.0,7.0,7.0,3.0,4.0,0.0,6.0,35.0,0.0,14.0,16.0,24.0,38.0,22.0,0.0,0.0,32.0,54.0,24.0,0.0,3.0,36.0,9.0,0.0,0.0,0.0,0.0,0.0,0.0,,,,,,,,,,,,,,,,,,,,,,,,,,,,,,,,,,,,,,,,,,,,,,,,,,,,,,,,,,,,,,,,,,,,,,,,,,,,,,,,,,,,,,,,,,,,,,,,,
27,36.0,24.0,0.0,0.0,22.0,1.0,31.0,0.0,23.0,44.0,0.0,109.0,3.0,0.0,17.0,50.0,45.0,14.0,0.0,4.0,169.0,40.0,0.0,0.0,319.0,0.0,5.0,1.0,11.0,75.0,66.0,0.0,2.0,5.0,0.0,0.0,0.0,0.0,0.0,37.0,0.0,0.0,0.0,0.0,3.0,0.0,3.0,0.0,0.0,0.0,4.0,0.0,4.0,10.0,0.0,0.0,100.0,91.0,713.0,3.0,0.0,,,,,,,,,,,,,,,,,,,,,,,,,,,,,,,,,,,,,,,,,,,,,,,,,,,,,,,,,,,,,,,,,,,,,,,,
28,22.0,19.0,3.0,12.0,15.0,11.0,21.0,20.0,14.0,0.0,18.0,9.0,2.0,10.0,0.0,10.0,11.0,32.0,26.0,0.0,4.0,57.0,54.0,72.0,13.0,14.0,5.0,0.0,0.0,59.0,6.0,88.0,55.0,17.0,7.0,20.0,0.0,0.0,1.0,17.0,11.0,0.0,10.0,17.0,15.0,0.0,0.0,0.0,0.0,0.0,0.0,0.0,0.0,,,,,,,,,,,,,,,,,,,,,,,,,,,,,,,,,,,,,,,,,,,,,,,,,,,,,,,,,,,,,,,,,,,,,,,,,,,,,,,,
29,1.0,37.0,0.0,0.0,0.0,8.0,0.0,0.0,13.0,5.0,7.0,8.0,0.0,8.0,50.0,49.0,47.0,25.0,37.0,0.0,5.0,51.0,6.0,9.0,2.0,0.0,8.0,,,,,,,,,,,,,,,,,,,,,,,,,,,,,,,,,,,,,,,,,,,,,,,,,,,,,,,,,,,,,,,,,,,,,,,,,,,,,,,,,,,,,,,,,,,,,,,,,,,,,,,,,,
30,2.0,12.0,3.0,0.0,36.0,6.0,4.0,42.0,8.0,15.0,7.0,18.0,25.0,22.0,31.0,15.0,0.0,8.0,33.0,25.0,13.0,12.0,5.0,17.0,7.0,6.0,0.0,20.0,80.0,0.0,43.0,0.0,100.0,0.0,30.0,0.0,0.0,0.0,,,,,,,,,,,,,,,,,,,,,,,,,,,,,,,,,,,,,,,,,,,,,,,,,,,,,,,,,,,,,,,,,,,,,,,,,,,,,,,,,,,,,,,,,,,,,,,
31,4.0,8.0,19.0,30.0,5.0,25.0,11.0,12.0,8.0,21.0,3.0,42.0,1.0,26.0,54.0,22.0,94.0,0.0,74.0,11.0,22.0,23.0,4.0,79.0,29.0,0.0,12.0,0.0,0.0,37.0,8.0,60.0,0.0,22.0,79.0,0.0,0.0,4.0,0.0,8.0,,,,,,,,,,,,,,,,,,,,,,,,,,,,,,,,,,,,,,,,,,,,,,,,,,,,,,,,,,,,,,,,,,,,,,,,,,,,,,,,,,,,,,,,,,,,,
32,2.0,7.0,36.0,21.0,83.0,8.0,50.0,61.0,8.0,11.0,73.0,25.0,23.0,52.0,4.0,141.0,20.0,18.0,31.0,0.0,0.0,63.0,0.0,27.0,9.0,0.0,0.0,41.0,,,,,,,,,,,,,,,,,,,,,,,,,,,,,,,,,,,,,,,,,,,,,,,,,,,,,,,,,,,,,,,,,,,,,,,,,,,,,,,,,,,,,,,,,,,,,,,,,,,,,,,,,
33,21.0,14.0,4.0,31.0,8.0,14.0,28.0,3.0,11.0,12.0,30.0,7.0,39.0,4.0,32.0,25.0,0.0,0.0,7.0,14.0,0.0,0.0,0.0,14.0,20.0,11.0,5.0,0.0,1.0,0.0,2.0,19.0,34.0,0.0,2.0,69.0,0.0,0.0,18.0,130.0,0.0,4.0,5.0,0.0,0.0,,,,,,,,,,,,,,,,,,,,,,,,,,,,,,,,,,,,,,,,,,,,,,,,,,,,,,,,,,,,,,,,,,,,,,,,,,,,,,,,,,,,,,,,
34,26.0,4.0,38.0,9.0,18.0,0.0,0.0,17.0,14.0,5.0,16.0,3.0,16.0,15.0,9.0,10.0,18.0,19.0,14.0,32.0,40.0,51.0,1.0,0.0,7.0,0.0,39.0,95.0,210.0,207.0,70.0,8.0,0.0,15.0,31.0,15.0,34.0,39.0,1.0,74.0,39.0,1.0,4.0,11.0,0.0,10.0,16.0,1.0,19.0,37.0,,,,,,,,,,,,,,,,,,,,,,,,,,,,,,,,,,,,,,,,,,,,,,,,,,,,,,,,,,,,,,,,,,,,,,,,,,,,,,,,,,,
35,13.0,6.0,1.0,20.0,4.0,1.0,8.0,12.0,33.0,44.0,0.0,0.0,29.0,49.0,2.0,5.0,1.0,0.0,28.0,15.0,43.0,0.0,21.0,49.0,2.0,4.0,29.0,5.0,30.0,1.0,0.0,6.0,0.0,0.0,29.0,144.0,91.0,53.0,178.0,0.0,24.0,32.0,14.0,5.0,7.0,0.0,91.0,196.0,85.0,12.0,188.0,18.0,0.0,0.0,0.0,,,,,,,,,,,,,,,,,,,,,,,,,,,,,,,,,,,,,,,,,,,,,,,,,,,,,,,,,,,,,,,,,,,,,,,,,,,,,,
36,16.0,21.0,0.0,0.0,16.0,8.0,73.0,19.0,20.0,54.0,4.0,9.0,24.0,11.0,16.0,38.0,8.0,9.0,40.0,18.0,0.0,0.0,20.0,20.0,50.0,50.0,0.0,236.0,5.0,42.0,41.0,0.0,37.0,63.0,0.0,45.0,13.0,1.0,0.0,0.0,0.0,0.0,0.0,0.0,0.0,0.0,0.0,,,,,,,,,,,,,,,,,,,,,,,,,,,,,,,,,,,,,,,,,,,,,,,,,,,,,,,,,,,,,,,,,,,,,,,,,,,,,,,,,,,,,,
37,14.0,12.0,12.0,10.0,5.0,0.0,4.0,37.0,9.0,22.0,15.0,7.0,6.0,11.0,4.0,24.0,5.0,6.0,4.0,0.0,21.0,8.0,36.0,0.0,0.0,34.0,11.0,29.0,0.0,,,,,,,,,,,,,,,,,,,,,,,,,,,,,,,,,,,,,,,,,,,,,,,,,,,,,,,,,,,,,,,,,,,,,,,,,,,,,,,,,,,,,,,,,,,,,,,,,,,,,,,,
38,11.0,8.0,10.0,37.0,0.0,23.0,0.0,0.0,2.0,4.0,9.0,0.0,7.0,0.0,24.0,24.0,63.0,18.0,20.0,5.0,69.0,7.0,5.0,13.0,0.0,27.0,0.0,21.0,9.0,113.0,176.0,625.0,0.0,0.0,0.0,0.0,257.0,0.0,,,,,,,,,,,,,,,,,,,,,,,,,,,,,,,,,,,,,,,,,,,,,,,,,,,,,,,,,,,,,,,,,,,,,,,,,,,,,,,,,,,,,,,,,,,,,,,
39,6.0,14.0,6.0,16.0,1.0,35.0,15.0,38.0,0.0,0.0,0.0,14.0,30.0,0.0,8.0,0.0,8.0,4.0,47.0,42.0,19.0,7.0,41.0,28.0,61.0,0.0,0.0,0.0,0.0,0.0,4.0,0.0,2.0,,,,,,,,,,,,,,,,,,,,,,,,,,,,,,,,,,,,,,,,,,,,,,,,,,,,,,,,,,,,,,,,,,,,,,,,,,,,,,,,,,,,,,,,,,,,,,,,,,,,
40,17.0,10.0,22.0,0.0,0.0,12.0,9.0,18.0,10.0,2.0,0.0,31.0,35.0,110.0,64.0,8.0,2.0,0.0,6.0,18.0,10.0,0.0,31.0,6.0,39.0,20.0,99.0,0.0,34.0,0.0,24.0,0.0,0.0,5.0,1.0,2.0,0.0,0.0,0.0,0.0,0.0,0.0,0.0,0.0,0.0,,,,,,,,,,,,,,,,,,,,,,,,,,,,,,,,,,,,,,,,,,,,,,,,,,,,,,,,,,,,,,,,,,,,,,,,,,,,,,,,,,,,,,,,
41,11.0,17.0,0.0,9.0,10.0,0.0,2.0,0.0,9.0,5.0,25.0,6.0,22.0,0.0,33.0,19.0,33.0,51.0,20.0,0.0,68.0,27.0,77.0,14.0,24.0,9.0,0.0,51.0,0.0,90.0,10.0,13.0,0.0,13.0,28.0,0.0,0.0,4.0,0.0,1.0,21.0,6.0,7.0,23.0,0.0,21.0,2.0,0.0,1.0,2.0,4.0,13.0,2.0,6.0,2.0,4.0,8.0,23.0,22.0,0.0,18.0,17.0,0.0,0.0,14.0,3.0,2.0,0.0,0.0,34.0,27.0,0.0,0.0,0.0,0.0,0.0,0.0,3.0,13.0,13.0,0.0,0.0,0.0,0.0,,,,,,,,,,,,,,,,,,,,,,,,,,,,,,,,,,,,,,,,,,,,,,,,,
42,16.0,18.0,3.0,22.0,0.0,24.0,0.0,0.0,13.0,30.0,0.0,22.0,15.0,27.0,0.0,0.0,4.0,11.0,1.0,14.0,2.0,0.0,14.0,21.0,0.0,3.0,0.0,4.0,12.0,8.0,8.0,10.0,0.0,3.0,12.0,26.0,46.0,21.0,1.0,0.0,3.0,23.0,0.0,0.0,0.0,11.0,0.0,15.0,96.0,,,,,,,,,,,,,,,,,,,,,,,,,,,,,,,,,,,,,,,,,,,,,,,,,,,,,,,,,,,,,,,,,,,,,,,,,,,,,,,,,,,,
43,21.0,0.0,0.0,5.0,70.0,0.0,18.0,0.0,5.0,23.0,29.0,14.0,22.0,5.0,0.0,0.0,0.0,5.0,0.0,0.0,63.0,7.0,6.0,0.0,0.0,0.0,0.0,2.0,0.0,0.0,17.0,0.0,0.0,0.0,0.0,0.0,0.0,0.0,0.0,0.0,0.0,,,,,,,,,,,,,,,,,,,,,,,,,,,,,,,,,,,,,,,,,,,,,,,,,,,,,,,,,,,,,,,,,,,,,,,,,,,,,,,,,,,,,,,,,,,,
44,14.0,7.0,12.0,0.0,31.0,20.0,73.0,31.0,33.0,0.0,1.0,9.0,11.0,60.0,45.0,20.0,0.0,5.0,31.0,13.0,67.0,62.0,37.0,0.0,0.0,0.0,0.0,64.0,0.0,0.0,,,,,,,,,,,,,,,,,,,,,,,,,,,,,,,,,,,,,,,,,,,,,,,,,,,,,,,,,,,,,,,,,,,,,,,,,,,,,,,,,,,,,,,,,,,,,,,,,,,,,,,
45,14.0,13.0,36.0,20.0,0.0,13.0,0.0,22.0,0.0,31.0,31.0,7.0,16.0,19.0,29.0,3.0,44.0,53.0,0.0,75.0,0.0,53.0,0.0,42.0,27.0,48.0,25.0,0.0,10.0,17.0,18.0,32.0,28.0,18.0,20.0,56.0,5.0,1.0,7.0,,,,,,,,,,,,,,,,,,,,,,,,,,,,,,,,,,,,,,,,,,,,,,,,,,,,,,,,,,,,,,,,,,,,,,,,,,,,,,,,,,,,,,,,,,,,,,
46,26.0,24.0,23.0,4.0,14.0,48.0,0.0,4.0,35.0,40.0,21.0,16.0,88.0,118.0,0.0,16.0,13.0,0.0,18.0,63.0,89.0,0.0,120.0,29.0,0.0,22.0,0.0,23.0,40.0,9.0,17.0,54.0,10.0,25.0,2.0,137.0,16.0,10.0,11.0,57.0,24.0,1.0,26.0,112.0,12.0,110.0,116.0,75.0,219.0,0.0,0.0,0.0,127.0,62.0,0.0,0.0,0.0,140.0,0.0,1.0,0.0,0.0,0.0,18.0,1.0,1.0,11.0,0.0,6.0,,,,,,,,,,,,,,,,,,,,,,,,,,,,,,,,,,,,,,,,,,,,,,,,,,,,,,,,,,,,,,,,
47,12.0,3.0,20.0,4.0,0.0,0.0,1.0,14.0,0.0,1.0,0.0,3.0,64.0,100.0,66.0,0.0,12.0,62.0,48.0,0.0,0.0,42.0,24.0,1.0,15.0,0.0,53.0,1.0,47.0,29.0,2.0,0.0,0.0,14.0,98.0,213.0,86.0,31.0,0.0,124.0,0.0,256.0,361.0,0.0,11.0,57.0,0.0,0.0,27.0,285.0,0.0,78.0,,,,,,,,,,,,,,,,,,,,,,,,,,,,,,,,,,,,,,,,,,,,,,,,,,,,,,,,,,,,,,,,,,,,,,,,,,,,,,,,,
48,2.0,4.0,16.0,1.0,3.0,23.0,6.0,9.0,2.0,16.0,19.0,0.0,6.0,35.0,14.0,105.0,1.0,9.0,58.0,11.0,0.0,2.0,25.0,0.0,8.0,41.0,0.0,0.0,0.0,11.0,0.0,0.0,2.0,0.0,38.0,61.0,28.0,35.0,0.0,282.0,9.0,17.0,0.0,40.0,0.0,0.0,13.0,0.0,0.0,0.0,0.0,0.0,0.0,0.0,0.0,0.0,0.0,0.0,0.0,0.0,,,,,,,,,,,,,,,,,,,,,,,,,,,,,,,,,,,,,,,,,,,,,,,,,,,,,,,,,,,,,,,,,,,,,,,,,
49,28.0,44.0,12.0,8.0,16.0,2.0,7.0,0.0,2.0,8.0,0.0,0.0,37.0,0.0,28.0,11.0,0.0,16.0,12.0,0.0,32.0,40.0,3.0,9.0,13.0,11.0,13.0,12.0,0.0,0.0,0.0,13.0,7.0,11.0,0.0,0.0,0.0,0.0,0.0,0.0,0.0,0.0,0.0,0.0,0.0,0.0,0.0,0.0,0.0,0.0,0.0,,,,,,,,,,,,,,,,,,,,,,,,,,,,,,,,,,,,,,,,,,,,,,,,,,,,,,,,,,,,,,,,,,,,,,,,,,,,,,,,,,
50,12.0,0.0,8.0,12.0,12.0,5.0,35.0,26.0,3.0,7.0,0.0,1.0,1.0,16.0,120.0,4.0,15.0,17.0,0.0,7.0,44.0,0.0,12.0,10.0,12.0,0.0,0.0,13.0,44.0,8.0,35.0,0.0,,,,,,,,,,,,,,,,,,,,,,,,,,,,,,,,,,,,,,,,,,,,,,,,,,,,,,,,,,,,,,,,,,,,,,,,,,,,,,,,,,,,,,,,,,,,,,,,,,,,,
51,8.0,47.0,7.0,8.0,15.0,0.0,5.0,12.0,20.0,50.0,0.0,26.0,0.0,13.0,1.0,0.0,6.0,4.0,2.0,4.0,5.0,5.0,7.0,11.0,1.0,0.0,0.0,0.0,0.0,1.0,0.0,0.0,,,,,,,,,,,,,,,,,,,,,,,,,,,,,,,,,,,,,,,,,,,,,,,,,,,,,,,,,,,,,,,,,,,,,,,,,,,,,,,,,,,,,,,,,,,,,,,,,,,,,
52,22.0,0.0,1.0,8.0,14.0,2.0,20.0,15.0,19.0,34.0,7.0,15.0,15.0,3.0,25.0,15.0,8.0,14.0,28.0,10.0,14.0,18.0,34.0,28.0,17.0,52.0,263.0,0.0,44.0,34.0,0.0,0.0,52.0,9.0,18.0,0.0,14.0,28.0,18.0,17.0,0.0,0.0,78.0,11.0,67.0,15.0,0.0,0.0,0.0,68.0,,,,,,,,,,,,,,,,,,,,,,,,,,,,,,,,,,,,,,,,,,,,,,,,,,,,,,,,,,,,,,,,,,,,,,,,,,,,,,,,,,,
53,20.0,45.0,0.0,0.0,45.0,0.0,7.0,39.0,23.0,0.0,13.0,30.0,24.0,13.0,0.0,41.0,1.0,0.0,36.0,7.0,151.0,37.0,35.0,68.0,89.0,40.0,19.0,91.0,0.0,5.0,145.0,31.0,0.0,0.0,0.0,0.0,0.0,0.0,,,,,,,,,,,,,,,,,,,,,,,,,,,,,,,,,,,,,,,,,,,,,,,,,,,,,,,,,,,,,,,,,,,,,,,,,,,,,,,,,,,,,,,,,,,,,,,
54,34.0,6.0,10.0,12.0,12.0,22.0,0.0,21.0,0.0,36.0,14.0,5.0,8.0,14.0,13.0,14.0,30.0,0.0,23.0,0.0,0.0,34.0,4.0,25.0,24.0,28.0,15.0,14.0,0.0,23.0,0.0,0.0,39.0,0.0,0.0,75.0,0.0,0.0,0.0,0.0,0.0,,,,,,,,,,,,,,,,,,,,,,,,,,,,,,,,,,,,,,,,,,,,,,,,,,,,,,,,,,,,,,,,,,,,,,,,,,,,,,,,,,,,,,,,,,,,
55,13.0,38.0,12.0,51.0,1.0,12.0,42.0,0.0,8.0,21.0,0.0,2.0,7.0,25.0,14.0,46.0,0.0,6.0,4.0,3.0,9.0,11.0,0.0,28.0,28.0,2.0,3.0,2.0,0.0,7.0,0.0,0.0,1.0,0.0,0.0,0.0,0.0,0.0,0.0,0.0,0.0,0.0,0.0,0.0,0.0,0.0,0.0,,,,,,,,,,,,,,,,,,,,,,,,,,,,,,,,,,,,,,,,,,,,,,,,,,,,,,,,,,,,,,,,,,,,,,,,,,,,,,,,,,,,,,
56,20.0,0.0,0.0,25.0,3.0,22.0,30.0,0.0,14.0,8.0,6.0,32.0,0.0,37.0,43.0,0.0,0.0,27.0,0.0,2.0,37.0,6.0,22.0,29.0,0.0,24.0,29.0,0.0,0.0,0.0,25.0,0.0,4.0,1.0,3.0,0.0,0.0,0.0,23.0,28.0,0.0,2.0,0.0,0.0,0.0,0.0,0.0,0.0,,,,,,,,,,,,,,,,,,,,,,,,,,,,,,,,,,,,,,,,,,,,,,,,,,,,,,,,,,,,,,,,,,,,,,,,,,,,,,,,,,,,,
57,24.0,11.0,8.0,38.0,12.0,0.0,0.0,0.0,27.0,9.0,0.0,2.0,7.0,3.0,0.0,22.0,24.0,7.0,10.0,0.0,0.0,56.0,0.0,8.0,3.0,18.0,30.0,16.0,8.0,2.0,1.0,10.0,0.0,0.0,11.0,34.0,8.0,3.0,0.0,0.0,0.0,0.0,0.0,0.0,0.0,0.0,0.0,0.0,0.0,0.0,0.0,,,,,,,,,,,,,,,,,,,,,,,,,,,,,,,,,,,,,,,,,,,,,,,,,,,,,,,,,,,,,,,,,,,,,,,,,,,,,,,,,,
58,0.0,30.0,4.0,3.0,12.0,9.0,1.0,0.0,12.0,13.0,9.0,35.0,19.0,0.0,2.0,24.0,12.0,102.0,63.0,36.0,15.0,0.0,40.0,27.0,11.0,24.0,0.0,3.0,4.0,0.0,7.0,9.0,1.0,0.0,3.0,0.0,1.0,2.0,0.0,0.0,5.0,0.0,9.0,0.0,0.0,0.0,3.0,0.0,1.0,6.0,4.0,0.0,0.0,0.0,0.0,0.0,0.0,0.0,,,,,,,,,,,,,,,,,,,,,,,,,,,,,,,,,,,,,,,,,,,,,,,,,,,,,,,,,,,,,,,,,,,,,,,,,,,
59,30.0,18.0,3.0,16.0,0.0,10.0,1.0,0.0,21.0,14.0,18.0,16.0,0.0,57.0,11.0,15.0,6.0,52.0,18.0,33.0,229.0,2.0,60.0,6.0,59.0,24.0,22.0,0.0,10.0,253.0,23.0,215.0,,,,,,,,,,,,,,,,,,,,,,,,,,,,,,,,,,,,,,,,,,,,,,,,,,,,,,,,,,,,,,,,,,,,,,,,,,,,,,,,,,,,,,,,,,,,,,,,,,,,,
60,5.0,0.0,3.0,33.0,1.0,3.0,12.0,14.0,7.0,0.0,4.0,0.0,25.0,12.0,86.0,17.0,25.0,7.0,14.0,33.0,22.0,41.0,14.0,0.0,29.0,29.0,14.0,21.0,80.0,47.0,67.0,10.0,9.0,8.0,0.0,0.0,7.0,69.0,22.0,176.0,15.0,0.0,9.0,0.0,0.0,0.0,41.0,0.0,2.0,3.0,5.0,20.0,0.0,0.0,0.0,17.0,17.0,265.0,0.0,12.0,372.0,523.0,103.0,390.0,357.0,199.0,14.0,17.0,32.0,236.0,203.0,0.0,0.0,,,,,,,,,,,,,,,,,,,,,,,,,,,,,,,,,,,,,,,,,,,,,,,,,,,,,,,,,,,,
61,10.0,21.0,14.0,14.0,0.0,0.0,15.0,10.0,20.0,1.0,12.0,0.0,71.0,29.0,55.0,2.0,0.0,18.0,15.0,13.0,8.0,10.0,1.0,2.0,15.0,0.0,176.0,66.0,4.0,0.0,1.0,38.0,0.0,99.0,0.0,0.0,0.0,1.0,3.0,0.0,0.0,0.0,0.0,0.0,0.0,0.0,0.0,0.0,0.0,0.0,0.0,,,,,,,,,,,,,,,,,,,,,,,,,,,,,,,,,,,,,,,,,,,,,,,,,,,,,,,,,,,,,,,,,,,,,,,,,,,,,,,,,,
62,47.0,0.0,59.0,6.0,15.0,3.0,15.0,2.0,9.0,9.0,0.0,0.0,4.0,29.0,21.0,0.0,0.0,14.0,0.0,27.0,5.0,24.0,18.0,0.0,45.0,45.0,39.0,51.0,275.0,81.0,35.0,42.0,6.0,0.0,42.0,12.0,9.0,27.0,20.0,11.0,0.0,1.0,0.0,0.0,,,,,,,,,,,,,,,,,,,,,,,,,,,,,,,,,,,,,,,,,,,,,,,,,,,,,,,,,,,,,,,,,,,,,,,,,,,,,,,,,,,,,,,,,
63,34.0,14.0,30.0,2.0,9.0,8.0,13.0,0.0,16.0,33.0,58.0,1.0,0.0,14.0,25.0,3.0,0.0,90.0,29.0,72.0,118.0,125.0,0.0,5.0,17.0,66.0,0.0,23.0,7.0,36.0,6.0,66.0,54.0,24.0,187.0,59.0,99.0,55.0,28.0,34.0,7.0,0.0,0.0,0.0,,,,,,,,,,,,,,,,,,,,,,,,,,,,,,,,,,,,,,,,,,,,,,,,,,,,,,,,,,,,,,,,,,,,,,,,,,,,,,,,,,,,,,,,,
64,0.0,29.0,0.0,20.0,11.0,55.0,0.0,0.0,28.0,2.0,4.0,7.0,13.0,18.0,5.0,0.0,65.0,11.0,0.0,0.0,325.0,0.0,97.0,1.0,141.0,59.0,112.0,134.0,0.0,67.0,14.0,46.0,153.0,54.0,185.0,48.0,0.0,0.0,0.0,0.0,0.0,0.0,0.0,0.0,16.0,0.0,0.0,0.0,0.0,,,,,,,,,,,,,,,,,,,,,,,,,,,,,,,,,,,,,,,,,,,,,,,,,,,,,,,,,,,,,,,,,,,,,,,,,,,,,,,,,,,,
65,42.0,18.0,0.0,18.0,0.0,16.0,50.0,44.0,3.0,2.0,23.0,9.0,47.0,107.0,1.0,23.0,42.0,37.0,0.0,28.0,0.0,28.0,6.0,0.0,19.0,12.0,0.0,11.0,10.0,0.0,9.0,7.0,10.0,3.0,1.0,3.0,0.0,2.0,2.0,11.0,14.0,0.0,0.0,0.0,0.0,0.0,8.0,0.0,0.0,0.0,0.0,0.0,0.0,0.0,0.0,0.0,,,,,,,,,,,,,,,,,,,,,,,,,,,,,,,,,,,,,,,,,,,,,,,,,,,,,,,,,,,,,,,,,,,,,,,,,,,,,
66,15.0,3.0,0.0,31.0,20.0,23.0,11.0,9.0,10.0,23.0,20.0,23.0,0.0,9.0,5.0,13.0,24.0,34.0,0.0,45.0,4.0,13.0,10.0,12.0,11.0,17.0,38.0,0.0,0.0,0.0,10.0,0.0,0.0,,,,,,,,,,,,,,,,,,,,,,,,,,,,,,,,,,,,,,,,,,,,,,,,,,,,,,,,,,,,,,,,,,,,,,,,,,,,,,,,,,,,,,,,,,,,,,,,,,,,
67,24.0,6.0,45.0,0.0,21.0,0.0,0.0,1.0,17.0,0.0,20.0,0.0,17.0,35.0,33.0,0.0,30.0,0.0,1.0,39.0,0.0,19.0,19.0,9.0,0.0,28.0,31.0,16.0,13.0,2.0,10.0,2.0,0.0,15.0,0.0,10.0,0.0,0.0,0.0,0.0,27.0,0.0,0.0,0.0,0.0,0.0,0.0,0.0,0.0,0.0,2.0,6.0,0.0,0.0,17.0,20.0,0.0,0.0,15.0,83.0,134.0,61.0,36.0,152.0,14.0,69.0,31.0,0.0,567.0,,,,,,,,,,,,,,,,,,,,,,,,,,,,,,,,,,,,,,,,,,,,,,,,,,,,,,,,,,,,,,,,
68,4.0,21.0,44.0,0.0,29.0,21.0,8.0,10.0,0.0,1.0,2.0,21.0,54.0,3.0,0.0,61.0,47.0,116.0,24.0,22.0,52.0,37.0,13.0,63.0,0.0,4.0,65.0,35.0,24.0,40.0,20.0,62.0,0.0,0.0,97.0,0.0,0.0,0.0,,,,,,,,,,,,,,,,,,,,,,,,,,,,,,,,,,,,,,,,,,,,,,,,,,,,,,,,,,,,,,,,,,,,,,,,,,,,,,,,,,,,,,,,,,,,,,,
69,33.0,25.0,7.0,0.0,15.0,0.0,6.0,22.0,30.0,2.0,3.0,2.0,21.0,40.0,44.0,56.0,6.0,15.0,11.0,0.0,90.0,13.0,0.0,0.0,14.0,91.0,41.0,0.0,245.0,6.0,0.0,13.0,,,,,,,,,,,,,,,,,,,,,,,,,,,,,,,,,,,,,,,,,,,,,,,,,,,,,,,,,,,,,,,,,,,,,,,,,,,,,,,,,,,,,,,,,,,,,,,,,,,,,
70,0.0,6.0,20.0,0.0,14.0,2.0,0.0,28.0,25.0,85.0,21.0,5.0,24.0,35.0,0.0,25.0,7.0,0.0,4.0,33.0,0.0,43.0,22.0,21.0,0.0,21.0,19.0,61.0,14.0,0.0,0.0,0.0,11.0,31.0,32.0,34.0,5.0,0.0,15.0,0.0,0.0,205.0,0.0,,,,,,,,,,,,,,,,,,,,,,,,,,,,,,,,,,,,,,,,,,,,,,,,,,,,,,,,,,,,,,,,,,,,,,,,,,,,,,,,,,,,,,,,,,
71,4.0,11.0,18.0,12.0,8.0,0.0,55.0,9.0,0.0,0.0,21.0,0.0,6.0,2.0,27.0,16.0,26.0,0.0,39.0,0.0,30.0,12.0,0.0,0.0,23.0,23.0,0.0,21.0,16.0,16.0,45.0,0.0,0.0,22.0,0.0,26.0,15.0,79.0,0.0,2.0,0.0,0.0,0.0,0.0,,,,,,,,,,,,,,,,,,,,,,,,,,,,,,,,,,,,,,,,,,,,,,,,,,,,,,,,,,,,,,,,,,,,,,,,,,,,,,,,,,,,,,,,,
72,9.0,6.0,13.0,24.0,24.0,9.0,15.0,0.0,5.0,18.0,17.0,16.0,14.0,23.0,108.0,7.0,38.0,16.0,20.0,33.0,39.0,12.0,1.0,54.0,0.0,0.0,47.0,26.0,0.0,56.0,209.0,,,,,,,,,,,,,,,,,,,,,,,,,,,,,,,,,,,,,,,,,,,,,,,,,,,,,,,,,,,,,,,,,,,,,,,,,,,,,,,,,,,,,,,,,,,,,,,,,,,,,,
73,11.0,27.0,1.0,0.0,4.0,14.0,1.0,5.0,14.0,0.0,51.0,7.0,10.0,14.0,9.0,17.0,8.0,0.0,9.0,0.0,18.0,18.0,38.0,0.0,29.0,27.0,7.0,19.0,9.0,0.0,5.0,4.0,9.0,9.0,1.0,13.0,24.0,9.0,0.0,0.0,34.0,0.0,0.0,1.0,2.0,0.0,0.0,0.0,4.0,1.0,0.0,3.0,0.0,2.0,0.0,0.0,13.0,10.0,9.0,4.0,10.0,13.0,2.0,1.0,8.0,0.0,0.0,0.0,0.0,0.0,0.0,0.0,,,,,,,,,,,,,,,,,,,,,,,,,,,,,,,,,,,,,,,,,,,,,,,,,,,,,,,,,,,,,
74,14.0,26.0,23.0,39.0,30.0,19.0,17.0,0.0,5.0,51.0,1.0,7.0,31.0,27.0,0.0,15.0,1.0,0.0,11.0,17.0,33.0,13.0,2.0,6.0,5.0,12.0,1.0,0.0,0.0,0.0,0.0,,,,,,,,,,,,,,,,,,,,,,,,,,,,,,,,,,,,,,,,,,,,,,,,,,,,,,,,,,,,,,,,,,,,,,,,,,,,,,,,,,,,,,,,,,,,,,,,,,,,,,
75,12.0,27.0,42.0,0.0,39.0,0.0,45.0,12.0,38.0,2.0,61.0,43.0,4.0,17.0,4.0,0.0,39.0,14.0,99.0,10.0,18.0,32.0,134.0,32.0,34.0,203.0,22.0,117.0,0.0,56.0,195.0,11.0,23.0,0.0,34.0,178.0,306.0,3.0,0.0,24.0,0.0,7.0,0.0,0.0,12.0,0.0,62.0,28.0,0.0,0.0,0.0,0.0,0.0,0.0,0.0,254.0,135.0,3.0,0.0,11.0,138.0,65.0,41.0,29.0,177.0,65.0,0.0,,,,,,,,,,,,,,,,,,,,,,,,,,,,,,,,,,,,,,,,,,,,,,,,,,,,,,,,,,,,,,,,,,
76,0.0,6.0,0.0,5.0,29.0,0.0,37.0,8.0,6.0,12.0,18.0,21.0,14.0,0.0,20.0,11.0,10.0,0.0,0.0,0.0,6.0,27.0,0.0,0.0,14.0,0.0,26.0,16.0,11.0,17.0,102.0,26.0,89.0,26.0,34.0,200.0,132.0,52.0,115.0,0.0,,,,,,,,,,,,,,,,,,,,,,,,,,,,,,,,,,,,,,,,,,,,,,,,,,,,,,,,,,,,,,,,,,,,,,,,,,,,,,,,,,,,,,,,,,,,,
77,11.0,13.0,8.0,66.0,4.0,0.0,36.0,0.0,18.0,24.0,4.0,0.0,11.0,0.0,1.0,13.0,0.0,2.0,62.0,57.0,0.0,6.0,29.0,0.0,12.0,48.0,10.0,0.0,17.0,12.0,,,,,,,,,,,,,,,,,,,,,,,,,,,,,,,,,,,,,,,,,,,,,,,,,,,,,,,,,,,,,,,,,,,,,,,,,,,,,,,,,,,,,,,,,,,,,,,,,,,,,,,
78,7.0,2.0,21.0,0.0,28.0,1.0,12.0,5.0,0.0,0.0,7.0,5.0,0.0,43.0,45.0,35.0,0.0,0.0,65.0,57.0,45.0,37.0,50.0,8.0,0.0,8.0,9.0,0.0,0.0,0.0,7.0,14.0,2.0,6.0,16.0,0.0,29.0,20.0,88.0,2.0,0.0,7.0,17.0,0.0,22.0,0.0,29.0,1.0,0.0,1.0,91.0,0.0,0.0,715.0,33.0,2.0,0.0,0.0,5.0,0.0,12.0,20.0,8.0,0.0,0.0,111.0,0.0,0.0,0.0,0.0,0.0,,,,,,,,,,,,,,,,,,,,,,,,,,,,,,,,,,,,,,,,,,,,,,,,,,,,,,,,,,,,,,
79,2.0,26.0,5.0,2.0,18.0,6.0,26.0,38.0,20.0,32.0,3.0,10.0,13.0,29.0,14.0,17.0,4.0,0.0,42.0,27.0,27.0,0.0,84.0,4.0,0.0,71.0,5.0,71.0,0.0,0.0,5.0,0.0,0.0,,,,,,,,,,,,,,,,,,,,,,,,,,,,,,,,,,,,,,,,,,,,,,,,,,,,,,,,,,,,,,,,,,,,,,,,,,,,,,,,,,,,,,,,,,,,,,,,,,,,
80,9.0,7.0,2.0,0.0,12.0,28.0,27.0,0.0,107.0,0.0,91.0,7.0,17.0,10.0,0.0,32.0,0.0,0.0,26.0,23.0,12.0,11.0,3.0,32.0,2.0,12.0,23.0,0.0,43.0,0.0,6.0,11.0,0.0,56.0,42.0,61.0,3.0,0.0,0.0,171.0,63.0,0.0,0.0,0.0,68.0,9.0,543.0,41.0,76.0,0.0,0.0,628.0,0.0,0.0,0.0,0.0,0.0,,,,,,,,,,,,,,,,,,,,,,,,,,,,,,,,,,,,,,,,,,,,,,,,,,,,,,,,,,,,,,,,,,,,,,,,,,,,
81,21.0,8.0,14.0,14.0,75.0,0.0,4.0,21.0,18.0,0.0,13.0,0.0,40.0,20.0,1.0,13.0,8.0,4.0,0.0,0.0,0.0,25.0,55.0,22.0,0.0,0.0,23.0,0.0,27.0,54.0,0.0,32.0,0.0,0.0,0.0,172.0,33.0,0.0,0.0,,,,,,,,,,,,,,,,,,,,,,,,,,,,,,,,,,,,,,,,,,,,,,,,,,,,,,,,,,,,,,,,,,,,,,,,,,,,,,,,,,,,,,,,,,,,,,
82,0.0,2.0,9.0,5.0,46.0,0.0,26.0,0.0,0.0,12.0,13.0,0.0,22.0,34.0,42.0,16.0,11.0,8.0,3.0,50.0,2.0,5.0,10.0,13.0,15.0,30.0,3.0,10.0,20.0,0.0,41.0,0.0,74.0,0.0,0.0,6.0,0.0,5.0,0.0,7.0,0.0,3.0,1.0,62.0,,,,,,,,,,,,,,,,,,,,,,,,,,,,,,,,,,,,,,,,,,,,,,,,,,,,,,,,,,,,,,,,,,,,,,,,,,,,,,,,,,,,,,,,,
83,2.0,0.0,13.0,1.0,8.0,10.0,5.0,9.0,8.0,14.0,34.0,25.0,9.0,0.0,0.0,5.0,4.0,248.0,72.0,0.0,0.0,39.0,0.0,4.0,402.0,0.0,22.0,,,,,,,,,,,,,,,,,,,,,,,,,,,,,,,,,,,,,,,,,,,,,,,,,,,,,,,,,,,,,,,,,,,,,,,,,,,,,,,,,,,,,,,,,,,,,,,,,,,,,,,,,,
84,20.0,7.0,16.0,25.0,3.0,20.0,50.0,21.0,14.0,11.0,38.0,44.0,69.0,15.0,23.0,68.0,36.0,24.0,0.0,10.0,0.0,3.0,8.0,40.0,0.0,31.0,0.0,270.0,0.0,0.0,36.0,18.0,181.0,31.0,126.0,0.0,0.0,0.0,0.0,0.0,0.0,0.0,,,,,,,,,,,,,,,,,,,,,,,,,,,,,,,,,,,,,,,,,,,,,,,,,,,,,,,,,,,,,,,,,,,,,,,,,,,,,,,,,,,,,,,,,,,
85,9.0,24.0,6.0,0.0,13.0,17.0,18.0,9.0,0.0,0.0,27.0,41.0,6.0,45.0,11.0,0.0,6.0,3.0,54.0,0.0,0.0,0.0,0.0,0.0,0.0,0.0,0.0,0.0,0.0,0.0,0.0,0.0,,,,,,,,,,,,,,,,,,,,,,,,,,,,,,,,,,,,,,,,,,,,,,,,,,,,,,,,,,,,,,,,,,,,,,,,,,,,,,,,,,,,,,,,,,,,,,,,,,,,,
86,8.0,46.0,10.0,2.0,49.0,10.0,8.0,0.0,5.0,7.0,0.0,33.0,39.0,29.0,1.0,15.0,0.0,12.0,0.0,11.0,0.0,0.0,10.0,0.0,0.0,1.0,0.0,7.0,15.0,4.0,9.0,0.0,0.0,0.0,0.0,0.0,0.0,0.0,0.0,0.0,,,,,,,,,,,,,,,,,,,,,,,,,,,,,,,,,,,,,,,,,,,,,,,,,,,,,,,,,,,,,,,,,,,,,,,,,,,,,,,,,,,,,,,,,,,,,
87,17.0,16.0,42.0,27.0,3.0,34.0,58.0,125.0,54.0,11.0,3.0,33.0,23.0,23.0,88.0,0.0,43.0,8.0,1.0,41.0,45.0,0.0,0.0,34.0,0.0,49.0,33.0,50.0,0.0,0.0,,,,,,,,,,,,,,,,,,,,,,,,,,,,,,,,,,,,,,,,,,,,,,,,,,,,,,,,,,,,,,,,,,,,,,,,,,,,,,,,,,,,,,,,,,,,,,,,,,,,,,,
88,8.0,9.0,3.0,0.0,7.0,13.0,13.0,12.0,20.0,5.0,26.0,0.0,0.0,15.0,122.0,0.0,54.0,0.0,0.0,8.0,6.0,0.0,0.0,0.0,10.0,66.0,,,,,,,,,,,,,,,,,,,,,,,,,,,,,,,,,,,,,,,,,,,,,,,,,,,,,,,,,,,,,,,,,,,,,,,,,,,,,,,,,,,,,,,,,,,,,,,,,,,,,,,,,,,
89,4.0,13.0,11.0,9.0,10.0,4.0,13.0,9.0,0.0,22.0,37.0,3.0,16.0,21.0,43.0,124.0,120.0,15.0,0.0,0.0,47.0,49.0,103.0,22.0,11.0,42.0,0.0,0.0,0.0,0.0,0.0,0.0,18.0,13.0,39.0,,,,,,,,,,,,,,,,,,,,,,,,,,,,,,,,,,,,,,,,,,,,,,,,,,,,,,,,,,,,,,,,,,,,,,,,,,,,,,,,,,,,,,,,,,,,,,,,,,
90,0.0,23.0,0.0,14.0,2.0,11.0,11.0,10.0,16.0,32.0,50.0,0.0,0.0,50.0,,,,,,,,,,,,,,,,,,,,,,,,,,,,,,,,,,,,,,,,,,,,,,,,,,,,,,,,,,,,,,,,,,,,,,,,,,,,,,,,,,,,,,,,,,,,,,,,,,,,,,,,,,,,,,,,,,,,,,,
91,0.0,10.0,0.0,0.0,14.0,0.0,13.0,31.0,33.0,0.0,10.0,20.0,10.0,3.0,20.0,25.0,26.0,59.0,72.0,0.0,7.0,0.0,10.0,17.0,28.0,21.0,6.0,5.0,0.0,56.0,0.0,9.0,9.0,4.0,5.0,31.0,37.0,41.0,35.0,27.0,0.0,25.0,52.0,0.0,0.0,27.0,8.0,35.0,0.0,0.0,0.0,,,,,,,,,,,,,,,,,,,,,,,,,,,,,,,,,,,,,,,,,,,,,,,,,,,,,,,,,,,,,,,,,,,,,,,,,,,,,,,,,,
92,14.0,8.0,4.0,24.0,2.0,6.0,4.0,12.0,27.0,18.0,4.0,25.0,11.0,9.0,19.0,0.0,11.0,1.0,0.0,5.0,0.0,5.0,0.0,11.0,5.0,0.0,9.0,3.0,0.0,2.0,0.0,0.0,5.0,12.0,0.0,4.0,,,,,,,,,,,,,,,,,,,,,,,,,,,,,,,,,,,,,,,,,,,,,,,,,,,,,,,,,,,,,,,,,,,,,,,,,,,,,,,,,,,,,,,,,,,,,,,,,
93,35.0,30.0,0.0,0.0,40.0,21.0,21.0,26.0,10.0,2.0,16.0,9.0,40.0,55.0,6.0,0.0,13.0,17.0,69.0,2.0,0.0,23.0,33.0,14.0,47.0,0.0,19.0,10.0,71.0,0.0,0.0,0.0,0.0,0.0,0.0,0.0,,,,,,,,,,,,,,,,,,,,,,,,,,,,,,,,,,,,,,,,,,,,,,,,,,,,,,,,,,,,,,,,,,,,,,,,,,,,,,,,,,,,,,,,,,,,,,,,,
94,0.0,8.0,0.0,0.0,0.0,5.0,3.0,4.0,0.0,0.0,8.0,3.0,1.0,16.0,3.0,13.0,0.0,9.0,19.0,0.0,17.0,0.0,6.0,0.0,64.0,0.0,50.0,5.0,0.0,222.0,1.0,26.0,30.0,,,,,,,,,,,,,,,,,,,,,,,,,,,,,,,,,,,,,,,,,,,,,,,,,,,,,,,,,,,,,,,,,,,,,,,,,,,,,,,,,,,,,,,,,,,,,,,,,,,,
95,5.0,26.0,0.0,9.0,11.0,1.0,12.0,27.0,0.0,26.0,0.0,40.0,5.0,0.0,0.0,13.0,28.0,20.0,19.0,0.0,12.0,3.0,19.0,21.0,0.0,4.0,0.0,0.0,0.0,0.0,0.0,7.0,3.0,0.0,,,,,,,,,,,,,,,,,,,,,,,,,,,,,,,,,,,,,,,,,,,,,,,,,,,,,,,,,,,,,,,,,,,,,,,,,,,,,,,,,,,,,,,,,,,,,,,,,,,
96,23.0,24.0,13.0,16.0,24.0,23.0,37.0,0.0,27.0,84.0,12.0,33.0,37.0,0.0,0.0,9.0,9.0,0.0,56.0,0.0,14.0,10.0,0.0,16.0,0.0,6.0,1.0,27.0,29.0,16.0,17.0,8.0,20.0,4.0,0.0,0.0,0.0,0.0,0.0,0.0,0.0,13.0,12.0,3.0,,,,,,,,,,,,,,,,,,,,,,,,,,,,,,,,,,,,,,,,,,,,,,,,,,,,,,,,,,,,,,,,,,,,,,,,,,,,,,,,,,,,,,,,,
97,6.0,9.0,2.0,0.0,35.0,13.0,0.0,20.0,34.0,18.0,38.0,7.0,5.0,3.0,0.0,0.0,9.0,71.0,0.0,35.0,20.0,0.0,10.0,39.0,0.0,0.0,13.0,0.0,27.0,0.0,291.0,0.0,0.0,343.0,0.0,0.0,0.0,0.0,0.0,0.0,0.0,,,,,,,,,,,,,,,,,,,,,,,,,,,,,,,,,,,,,,,,,,,,,,,,,,,,,,,,,,,,,,,,,,,,,,,,,,,,,,,,,,,,,,,,,,,,
98,5.0,21.0,12.0,0.0,3.0,14.0,6.0,6.0,0.0,25.0,17.0,1.0,5.0,0.0,0.0,37.0,9.0,0.0,39.0,0.0,56.0,38.0,45.0,18.0,29.0,1.0,15.0,10.0,32.0,1.0,7.0,6.0,4.0,88.0,41.0,21.0,35.0,115.0,14.0,0.0,44.0,29.0,0.0,0.0,53.0,21.0,51.0,0.0,29.0,1.0,0.0,0.0,0.0,0.0,,,,,,,,,,,,,,,,,,,,,,,,,,,,,,,,,,,,,,,,,,,,,,,,,,,,,,,,,,,,,,,,,,,,,,,,,,,,,,,
99,20.0,4.0,29.0,15.0,8.0,9.0,13.0,0.0,46.0,17.0,25.0,0.0,37.0,86.0,64.0,3.0,93.0,44.0,0.0,21.0,20.0,19.0,9.0,0.0,32.0,3.0,21.0,0.0,0.0,0.0,5.0,9.0,11.0,4.0,32.0,0.0,4.0,5.0,10.0,8.0,0.0,1.0,0.0,0.0,0.0,12.0,0.0,4.0,5.0,0.0,6.0,7.0,5.0,0.0,0.0,5.0,2.0,0.0,0.0,0.0,80.0,0.0,0.0,592.0,20.0,8.0,0.0,0.0,0.0,61.0,0.0,0.0,114.0,149.0,0.0,29.0,0.0,0.0,0.0,,,,,,,,,,,,,,,,,,,,,,,,,,,,,,,,,,,,,,,,,,,,,,,,,,,,,,
100,32.0,28.0,0.0,6.0,17.0,13.0,1.0,1.0,9.0,15.0,24.0,3.0,45.0,7.0,0.0,0.0,142.0,0.0,22.0,24.0,57.0,,,,,,,,,,,,,,,,,,,,,,,,,,,,,,,,,,,,,,,,,,,,,,,,,,,,,,,,,,,,,,,,,,,,,,,,,,,,,,,,,,,,,,,,,,,,,,,,,,,,,,,,,,,,,,,,
101,29.0,18.0,11.0,55.0,25.0,6.0,0.0,5.0,19.0,109.0,8.0,14.0,0.0,12.0,136.0,0.0,5.0,37.0,0.0,22.0,6.0,42.0,54.0,40.0,16.0,8.0,183.0,43.0,165.0,75.0,150.0,33.0,67.0,61.0,12.0,41.0,111.0,0.0,2.0,0.0,0.0,0.0,304.0,116.0,0.0,1.0,22.0,36.0,37.0,43.0,40.0,76.0,10.0,10.0,14.0,5.0,0.0,2.0,0.0,10.0,0.0,2.0,241.0,0.0,0.0,3.0,0.0,3.0,0.0,7.0,,,,,,,,,,,,,,,,,,,,,,,,,,,,,,,,,,,,,,,,,,,,,,,,,,,,,,,,,,,,,,,
102,7.0,0.0,24.0,16.0,0.0,9.0,18.0,0.0,37.0,9.0,4.0,0.0,58.0,15.0,2.0,3.0,20.0,0.0,22.0,0.0,0.0,0.0,66.0,64.0,24.0,0.0,22.0,0.0,21.0,53.0,0.0,82.0,2.0,0.0,19.0,20.0,215.0,6.0,3.0,60.0,8.0,3.0,51.0,24.0,0.0,4.0,0.0,0.0,0.0,0.0,0.0,0.0,0.0,0.0,0.0,0.0,0.0,0.0,0.0,0.0,0.0,0.0,0.0,,,,,,,,,,,,,,,,,,,,,,,,,,,,,,,,,,,,,,,,,,,,,,,,,,,,,,,,,,,,,,,,,,,,,,
103,4.0,0.0,7.0,0.0,23.0,24.0,2.0,16.0,0.0,7.0,62.0,33.0,14.0,0.0,17.0,0.0,3.0,7.0,23.0,7.0,31.0,194.0,10.0,39.0,0.0,0.0,14.0,0.0,0.0,0.0,,,,,,,,,,,,,,,,,,,,,,,,,,,,,,,,,,,,,,,,,,,,,,,,,,,,,,,,,,,,,,,,,,,,,,,,,,,,,,,,,,,,,,,,,,,,,,,,,,,,,,,
104,9.0,31.0,0.0,0.0,11.0,24.0,0.0,0.0,46.0,26.0,0.0,13.0,6.0,36.0,13.0,0.0,85.0,8.0,127.0,150.0,81.0,0.0,0.0,0.0,65.0,120.0,0.0,45.0,0.0,33.0,99.0,101.0,0.0,109.0,13.0,50.0,0.0,51.0,77.0,0.0,107.0,1.0,72.0,122.0,,,,,,,,,,,,,,,,,,,,,,,,,,,,,,,,,,,,,,,,,,,,,,,,,,,,,,,,,,,,,,,,,,,,,,,,,,,,,,,,,,,,,,,,,
105,13.0,0.0,21.0,4.0,0.0,8.0,8.0,16.0,5.0,19.0,9.0,8.0,26.0,13.0,33.0,0.0,14.0,3.0,48.0,12.0,11.0,10.0,26.0,23.0,35.0,24.0,56.0,23.0,0.0,0.0,0.0,47.0,41.0,136.0,5.0,89.0,148.0,0.0,25.0,0.0,0.0,30.0,22.0,2.0,0.0,0.0,13.0,1.0,15.0,5.0,0.0,0.0,0.0,0.0,0.0,0.0,1.0,0.0,0.0,0.0,1.0,0.0,0.0,,,,,,,,,,,,,,,,,,,,,,,,,,,,,,,,,,,,,,,,,,,,,,,,,,,,,,,,,,,,,,,,,,,,,,
106,16.0,12.0,0.0,23.0,20.0,24.0,7.0,14.0,61.0,0.0,52.0,4.0,0.0,18.0,8.0,33.0,8.0,17.0,37.0,68.0,21.0,20.0,18.0,10.0,0.0,47.0,48.0,28.0,10.0,0.0,14.0,0.0,3.0,0.0,36.0,0.0,27.0,8.0,0.0,48.0,149.0,20.0,0.0,0.0,0.0,0.0,0.0,0.0,0.0,0.0,0.0,0.0,0.0,0.0,,,,,,,,,,,,,,,,,,,,,,,,,,,,,,,,,,,,,,,,,,,,,,,,,,,,,,,,,,,,,,,,,,,,,,,,,,,,,,,
107,0.0,39.0,25.0,11.0,0.0,31.0,0.0,11.0,2.0,13.0,18.0,29.0,0.0,0.0,17.0,3.0,50.0,23.0,6.0,3.0,76.0,0.0,12.0,26.0,33.0,387.0,22.0,85.0,55.0,0.0,8.0,20.0,87.0,4.0,0.0,66.0,139.0,25.0,0.0,105.0,0.0,52.0,86.0,42.0,113.0,0.0,31.0,4.0,17.0,6.0,1.0,0.0,18.0,0.0,15.0,17.0,31.0,0.0,20.0,15.0,30.0,3.0,0.0,3.0,0.0,7.0,0.0,19.0,12.0,0.0,1.0,0.0,3.0,0.0,,,,,,,,,,,,,,,,,,,,,,,,,,,,,,,,,,,,,,,,,,,,,,,,,,,,,,,,,,,
108,8.0,13.0,0.0,12.0,13.0,24.0,0.0,8.0,20.0,27.0,,,,,,,,,,,,,,,,,,,,,,,,,,,,,,,,,,,,,,,,,,,,,,,,,,,,,,,,,,,,,,,,,,,,,,,,,,,,,,,,,,,,,,,,,,,,,,,,,,,,,,,,,,,,,,,,,,,,,,,,,,,
109,3.0,7.0,31.0,10.0,8.0,12.0,0.0,8.0,10.0,11.0,15.0,0.0,0.0,0.0,25.0,0.0,15.0,15.0,18.0,7.0,17.0,0.0,10.0,13.0,0.0,41.0,29.0,36.0,43.0,24.0,27.0,9.0,22.0,0.0,7.0,44.0,0.0,,,,,,,,,,,,,,,,,,,,,,,,,,,,,,,,,,,,,,,,,,,,,,,,,,,,,,,,,,,,,,,,,,,,,,,,,,,,,,,,,,,,,,,,,,,,,,,,
110,10.0,10.0,36.0,25.0,13.0,12.0,13.0,25.0,18.0,81.0,15.0,0.0,63.0,7.0,4.0,0.0,19.0,35.0,0.0,0.0,14.0,10.0,16.0,27.0,0.0,1.0,19.0,21.0,34.0,33.0,0.0,174.0,4.0,5.0,0.0,0.0,0.0,8.0,6.0,0.0,0.0,9.0,10.0,25.0,85.0,40.0,13.0,0.0,0.0,187.0,167.0,0.0,136.0,0.0,0.0,,,,,,,,,,,,,,,,,,,,,,,,,,,,,,,,,,,,,,,,,,,,,,,,,,,,,,,,,,,,,,,,,,,,,,,,,,,,,,
111,39.0,36.0,12.0,14.0,0.0,0.0,2.0,19.0,9.0,21.0,0.0,2.0,0.0,3.0,1.0,8.0,59.0,4.0,13.0,12.0,22.0,23.0,21.0,10.0,45.0,46.0,0.0,11.0,112.0,14.0,264.0,26.0,24.0,0.0,17.0,38.0,0.0,25.0,7.0,0.0,253.0,522.0,0.0,57.0,16.0,21.0,78.0,12.0,19.0,0.0,52.0,23.0,0.0,0.0,39.0,3.0,0.0,0.0,0.0,0.0,,,,,,,,,,,,,,,,,,,,,,,,,,,,,,,,,,,,,,,,,,,,,,,,,,,,,,,,,,,,,,,,,,,,,,,,,
112,12.0,0.0,33.0,0.0,60.0,18.0,0.0,18.0,22.0,23.0,23.0,27.0,0.0,42.0,9.0,94.0,0.0,9.0,8.0,0.0,12.0,0.0,,,,,,,,,,,,,,,,,,,,,,,,,,,,,,,,,,,,,,,,,,,,,,,,,,,,,,,,,,,,,,,,,,,,,,,,,,,,,,,,,,,,,,,,,,,,,,,,,,,,,,,,,,,,,,,
113,2.0,16.0,31.0,18.0,63.0,1.0,26.0,13.0,42.0,34.0,39.0,3.0,1.0,0.0,0.0,49.0,4.0,11.0,16.0,45.0,22.0,103.0,21.0,17.0,18.0,0.0,16.0,17.0,0.0,196.0,12.0,5.0,5.0,0.0,3.0,10.0,0.0,4.0,0.0,0.0,0.0,6.0,0.0,0.0,0.0,0.0,,,,,,,,,,,,,,,,,,,,,,,,,,,,,,,,,,,,,,,,,,,,,,,,,,,,,,,,,,,,,,,,,,,,,,,,,,,,,,,,,,,,,,,
114,18.0,2.0,11.0,14.0,23.0,6.0,59.0,2.0,2.0,0.0,0.0,26.0,14.0,13.0,10.0,59.0,10.0,15.0,0.0,4.0,0.0,0.0,32.0,10.0,0.0,17.0,8.0,0.0,49.0,29.0,9.0,285.0,13.0,1.0,32.0,0.0,225.0,31.0,59.0,0.0,0.0,0.0,0.0,0.0,0.0,0.0,0.0,,,,,,,,,,,,,,,,,,,,,,,,,,,,,,,,,,,,,,,,,,,,,,,,,,,,,,,,,,,,,,,,,,,,,,,,,,,,,,,,,,,,,,
115,17.0,26.0,22.0,0.0,20.0,15.0,0.0,36.0,11.0,34.0,2.0,0.0,47.0,58.0,64.0,40.0,0.0,8.0,0.0,0.0,23.0,34.0,12.0,53.0,8.0,90.0,0.0,8.0,163.0,5.0,0.0,92.0,32.0,152.0,612.0,,,,,,,,,,,,,,,,,,,,,,,,,,,,,,,,,,,,,,,,,,,,,,,,,,,,,,,,,,,,,,,,,,,,,,,,,,,,,,,,,,,,,,,,,,,,,,,,,,
116,24.0,20.0,23.0,0.0,34.0,13.0,31.0,0.0,14.0,18.0,9.0,13.0,0.0,66.0,3.0,0.0,7.0,0.0,63.0,27.0,46.0,37.0,54.0,101.0,28.0,13.0,0.0,8.0,8.0,44.0,0.0,0.0,10.0,11.0,55.0,45.0,0.0,80.0,4.0,72.0,0.0,0.0,249.0,9.0,433.0,0.0,0.0,0.0,64.0,11.0,59.0,0.0,0.0,0.0,0.0,,,,,,,,,,,,,,,,,,,,,,,,,,,,,,,,,,,,,,,,,,,,,,,,,,,,,,,,,,,,,,,,,,,,,,,,,,,,,,
117,7.0,28.0,29.0,14.0,10.0,34.0,28.0,15.0,22.0,8.0,10.0,33.0,63.0,17.0,92.0,16.0,23.0,0.0,0.0,9.0,21.0,0.0,26.0,106.0,15.0,0.0,109.0,94.0,0.0,17.0,0.0,139.0,0.0,0.0,0.0,0.0,0.0,0.0,0.0,0.0,0.0,0.0,0.0,0.0,0.0,0.0,0.0,10.0,0.0,0.0,0.0,0.0,0.0,0.0,0.0,0.0,0.0,0.0,0.0,0.0,0.0,0.0,,,,,,,,,,,,,,,,,,,,,,,,,,,,,,,,,,,,,,,,,,,,,,,,,,,,,,,,,,,,,,,,,,,,,,,
118,9.0,19.0,12.0,35.0,7.0,12.0,7.0,16.0,13.0,31.0,93.0,252.0,18.0,2.0,0.0,6.0,4.0,2.0,0.0,188.0,60.0,101.0,13.0,35.0,97.0,40.0,60.0,85.0,24.0,10.0,0.0,0.0,37.0,139.0,0.0,190.0,139.0,43.0,32.0,73.0,35.0,69.0,173.0,298.0,16.0,61.0,40.0,0.0,0.0,68.0,0.0,0.0,0.0,330.0,0.0,0.0,0.0,0.0,0.0,0.0,0.0,0.0,0.0,0.0,,,,,,,,,,,,,,,,,,,,,,,,,,,,,,,,,,,,,,,,,,,,,,,,,,,,,,,,,,,,,,,,,,,,,
119,16.0,13.0,4.0,16.0,0.0,2.0,27.0,0.0,29.0,59.0,92.0,83.0,23.0,15.0,94.0,63.0,116.0,21.0,173.0,0.0,105.0,51.0,5.0,60.0,5.0,35.0,8.0,21.0,4.0,40.0,114.0,30.0,214.0,110.0,24.0,0.0,108.0,175.0,15.0,9.0,5.0,168.0,17.0,3.0,0.0,13.0,0.0,0.0,0.0,44.0,0.0,0.0,3.0,0.0,0.0,,,,,,,,,,,,,,,,,,,,,,,,,,,,,,,,,,,,,,,,,,,,,,,,,,,,,,,,,,,,,,,,,,,,,,,,,,,,,,
120,13.0,24.0,12.0,21.0,30.0,0.0,0.0,37.0,164.0,0.0,2.0,4.0,16.0,7.0,6.0,0.0,0.0,4.0,17.0,8.0,0.0,0.0,25.0,18.0,9.0,0.0,73.0,19.0,0.0,32.0,0.0,56.0,42.0,0.0,59.0,7.0,109.0,0.0,186.0,7.0,35.0,43.0,0.0,32.0,0.0,103.0,0.0,2.0,61.0,184.0,156.0,7.0,0.0,0.0,,,,,,,,,,,,,,,,,,,,,,,,,,,,,,,,,,,,,,,,,,,,,,,,,,,,,,,,,,,,,,,,,,,,,,,,,,,,,,,
121,3.0,1.0,47.0,29.0,6.0,22.0,4.0,16.0,14.0,119.0,0.0,27.0,9.0,13.0,228.0,54.0,143.0,4.0,30.0,37.0,6.0,19.0,0.0,29.0,0.0,0.0,78.0,50.0,94.0,35.0,99.0,39.0,194.0,18.0,37.0,99.0,122.0,34.0,0.0,0.0,127.0,11.0,0.0,0.0,138.0,0.0,,,,,,,,,,,,,,,,,,,,,,,,,,,,,,,,,,,,,,,,,,,,,,,,,,,,,,,,,,,,,,,,,,,,,,,,,,,,,,,,,,,,,,,
122,24.0,21.0,24.0,28.0,11.0,7.0,0.0,13.0,0.0,16.0,13.0,30.0,13.0,21.0,0.0,0.0,3.0,3.0,0.0,0.0,0.0,,,,,,,,,,,,,,,,,,,,,,,,,,,,,,,,,,,,,,,,,,,,,,,,,,,,,,,,,,,,,,,,,,,,,,,,,,,,,,,,,,,,,,,,,,,,,,,,,,,,,,,,,,,,,,,,
123,21.0,1.0,4.0,4.0,20.0,9.0,15.0,14.0,5.0,3.0,77.0,0.0,39.0,70.0,11.0,17.0,15.0,7.0,167.0,39.0,38.0,41.0,27.0,40.0,0.0,253.0,12.0,51.0,70.0,81.0,189.0,28.0,9.0,38.0,0.0,144.0,0.0,0.0,192.0,0.0,45.0,0.0,114.0,,,,,,,,,,,,,,,,,,,,,,,,,,,,,,,,,,,,,,,,,,,,,,,,,,,,,,,,,,,,,,,,,,,,,,,,,,,,,,,,,,,,,,,,,,
124,32.0,8.0,11.0,4.0,14.0,1.0,4.0,14.0,17.0,14.0,0.0,6.0,8.0,11.0,26.0,41.0,22.0,2.0,24.0,19.0,0.0,4.0,10.0,18.0,6.0,0.0,2.0,7.0,99.0,69.0,99.0,27.0,0.0,75.0,0.0,99.0,12.0,340.0,262.0,4.0,6.0,0.0,171.0,40.0,,,,,,,,,,,,,,,,,,,,,,,,,,,,,,,,,,,,,,,,,,,,,,,,,,,,,,,,,,,,,,,,,,,,,,,,,,,,,,,,,,,,,,,,,
125,0.0,0.0,6.0,10.0,8.0,0.0,27.0,30.0,87.0,7.0,11.0,17.0,19.0,13.0,43.0,35.0,2.0,10.0,5.0,4.0,0.0,5.0,10.0,11.0,17.0,0.0,10.0,0.0,14.0,34.0,86.0,118.0,149.0,340.0,0.0,29.0,0.0,20.0,141.0,631.0,43.0,724.0,16.0,430.0,0.0,0.0,0.0,0.0,0.0,0.0,0.0,0.0,0.0,0.0,,,,,,,,,,,,,,,,,,,,,,,,,,,,,,,,,,,,,,,,,,,,,,,,,,,,,,,,,,,,,,,,,,,,,,,,,,,,,,,
126,1.0,11.0,6.0,12.0,13.0,16.0,0.0,17.0,0.0,4.0,37.0,0.0,19.0,5.0,21.0,75.0,5.0,9.0,12.0,2.0,26.0,17.0,32.0,16.0,0.0,2.0,13.0,37.0,6.0,8.0,52.0,4.0,0.0,4.0,16.0,2.0,6.0,0.0,0.0,0.0,0.0,0.0,,,,,,,,,,,,,,,,,,,,,,,,,,,,,,,,,,,,,,,,,,,,,,,,,,,,,,,,,,,,,,,,,,,,,,,,,,,,,,,,,,,,,,,,,,,
127,25.0,32.0,17.0,0.0,7.0,16.0,16.0,5.0,6.0,7.0,23.0,58.0,18.0,19.0,0.0,5.0,82.0,26.0,6.0,18.0,17.0,14.0,5.0,26.0,11.0,0.0,24.0,12.0,36.0,0.0,,,,,,,,,,,,,,,,,,,,,,,,,,,,,,,,,,,,,,,,,,,,,,,,,,,,,,,,,,,,,,,,,,,,,,,,,,,,,,,,,,,,,,,,,,,,,,,,,,,,,,,
128,0.0,0.0,15.0,8.0,0.0,0.0,7.0,123.0,9.0,15.0,,,,,,,,,,,,,,,,,,,,,,,,,,,,,,,,,,,,,,,,,,,,,,,,,,,,,,,,,,,,,,,,,,,,,,,,,,,,,,,,,,,,,,,,,,,,,,,,,,,,,,,,,,,,,,,,,,,,,,,,,,,
129,17.0,3.0,18.0,0.0,22.0,34.0,2.0,,,,,,,,,,,,,,,,,,,,,,,,,,,,,,,,,,,,,,,,,,,,,,,,,,,,,,,,,,,,,,,,,,,,,,,,,,,,,,,,,,,,,,,,,,,,,,,,,,,,,,,,,,,,,,,,,,,,,,,,,,,,,,
130,101.0,0.0,4.0,20.0,11.0,106.0,32.0,0.0,164.0,0.0,0.0,16.0,19.0,32.0,97.0,70.0,57.0,56.0,13.0,0.0,788.0,13.0,19.0,8.0,1.0,96.0,48.0,498.0,30.0,41.0,0.0,1.0,0.0,13.0,0.0,7.0,2.0,0.0,0.0,2.0,0.0,0.0,,,,,,,,,,,,,,,,,,,,,,,,,,,,,,,,,,,,,,,,,,,,,,,,,,,,,,,,,,,,,,,,,,,,,,,,,,,,,,,,,,,,,,,,,,,
131,6.0,3.0,23.0,12.0,2.0,1.0,36.0,0.0,10.0,46.0,28.0,11.0,24.0,24.0,6.0,26.0,111.0,20.0,13.0,23.0,189.0,8.0,7.0,123.0,62.0,97.0,0.0,0.0,145.0,80.0,547.0,43.0,46.0,12.0,,,,,,,,,,,,,,,,,,,,,,,,,,,,,,,,,,,,,,,,,,,,,,,,,,,,,,,,,,,,,,,,,,,,,,,,,,,,,,,,,,,,,,,,,,,,,,,,,,,
132,19.0,0.0,0.0,0.0,73.0,38.0,18.0,24.0,9.0,0.0,0.0,149.0,61.0,64.0,10.0,0.0,8.0,202.0,104.0,0.0,10.0,0.0,48.0,20.0,1.0,107.0,38.0,10.0,26.0,28.0,0.0,9.0,0.0,122.0,33.0,0.0,94.0,0.0,163.0,100.0,11.0,4.0,400.0,0.0,0.0,0.0,0.0,0.0,0.0,69.0,126.0,56.0,134.0,64.0,0.0,712.0,8.0,14.0,0.0,,,,,,,,,,,,,,,,,,,,,,,,,,,,,,,,,,,,,,,,,,,,,,,,,,,,,,,,,,,,,,,,,,,,,,,,,,
133,12.0,10.0,4.0,0.0,0.0,7.0,0.0,12.0,45.0,12.0,38.0,25.0,0.0,38.0,8.0,0.0,14.0,23.0,31.0,6.0,35.0,10.0,0.0,0.0,21.0,14.0,13.0,0.0,11.0,19.0,0.0,0.0,0.0,0.0,0.0,0.0,9.0,0.0,0.0,0.0,0.0,0.0,0.0,,,,,,,,,,,,,,,,,,,,,,,,,,,,,,,,,,,,,,,,,,,,,,,,,,,,,,,,,,,,,,,,,,,,,,,,,,,,,,,,,,,,,,,,,,
134,18.0,15.0,0.0,32.0,25.0,15.0,10.0,13.0,17.0,0.0,37.0,0.0,8.0,13.0,4.0,183.0,3.0,103.0,0.0,72.0,103.0,14.0,24.0,130.0,36.0,0.0,0.0,0.0,44.0,20.0,17.0,9.0,0.0,0.0,51.0,,,,,,,,,,,,,,,,,,,,,,,,,,,,,,,,,,,,,,,,,,,,,,,,,,,,,,,,,,,,,,,,,,,,,,,,,,,,,,,,,,,,,,,,,,,,,,,,,,
135,10.0,17.0,35.0,0.0,13.0,30.0,0.0,0.0,16.0,11.0,70.0,0.0,6.0,64.0,12.0,56.0,11.0,49.0,43.0,0.0,,,,,,,,,,,,,,,,,,,,,,,,,,,,,,,,,,,,,,,,,,,,,,,,,,,,,,,,,,,,,,,,,,,,,,,,,,,,,,,,,,,,,,,,,,,,,,,,,,,,,,,,,,,,,,,,,
136,13.0,13.0,0.0,9.0,0.0,11.0,32.0,11.0,4.0,31.0,75.0,16.0,9.0,31.0,8.0,101.0,76.0,8.0,11.0,11.0,0.0,35.0,44.0,10.0,0.0,1.0,2.0,41.0,31.0,36.0,10.0,0.0,,,,,,,,,,,,,,,,,,,,,,,,,,,,,,,,,,,,,,,,,,,,,,,,,,,,,,,,,,,,,,,,,,,,,,,,,,,,,,,,,,,,,,,,,,,,,,,,,,,,,
137,19.0,0.0,8.0,9.0,1.0,0.0,0.0,10.0,12.0,6.0,3.0,29.0,22.0,18.0,12.0,29.0,0.0,48.0,0.0,111.0,0.0,58.0,170.0,0.0,40.0,2.0,47.0,37.0,1.0,73.0,0.0,10.0,0.0,0.0,44.0,6.0,187.0,89.0,57.0,11.0,82.0,0.0,83.0,0.0,24.0,0.0,4.0,31.0,0.0,0.0,0.0,,,,,,,,,,,,,,,,,,,,,,,,,,,,,,,,,,,,,,,,,,,,,,,,,,,,,,,,,,,,,,,,,,,,,,,,,,,,,,,,,,
138,31.0,17.0,0.0,0.0,10.0,47.0,31.0,5.0,0.0,8.0,25.0,119.0,104.0,25.0,32.0,18.0,9.0,25.0,21.0,5.0,4.0,8.0,0.0,3.0,14.0,2.0,5.0,11.0,14.0,17.0,27.0,17.0,1.0,9.0,0.0,41.0,6.0,58.0,0.0,11.0,38.0,26.0,0.0,0.0,0.0,0.0,35.0,0.0,0.0,,,,,,,,,,,,,,,,,,,,,,,,,,,,,,,,,,,,,,,,,,,,,,,,,,,,,,,,,,,,,,,,,,,,,,,,,,,,,,,,,,,,
139,0.0,6.0,24.0,32.0,0.0,10.0,0.0,0.0,9.0,27.0,6.0,17.0,0.0,33.0,14.0,4.0,5.0,0.0,0.0,0.0,0.0,9.0,21.0,0.0,0.0,89.0,40.0,40.0,0.0,63.0,0.0,0.0,134.0,,,,,,,,,,,,,,,,,,,,,,,,,,,,,,,,,,,,,,,,,,,,,,,,,,,,,,,,,,,,,,,,,,,,,,,,,,,,,,,,,,,,,,,,,,,,,,,,,,,,
140,39.0,8.0,0.0,17.0,13.0,6.0,24.0,91.0,36.0,0.0,0.0,3.0,0.0,20.0,9.0,10.0,13.0,38.0,51.0,9.0,0.0,43.0,4.0,0.0,0.0,11.0,0.0,46.0,0.0,0.0,0.0,0.0,0.0,0.0,0.0,0.0,0.0,,,,,,,,,,,,,,,,,,,,,,,,,,,,,,,,,,,,,,,,,,,,,,,,,,,,,,,,,,,,,,,,,,,,,,,,,,,,,,,,,,,,,,,,,,,,,,,,
141,4.0,27.0,9.0,6.0,0.0,22.0,8.0,17.0,82.0,56.0,0.0,30.0,26.0,1.0,79.0,0.0,18.0,72.0,0.0,40.0,38.0,16.0,66.0,10.0,230.0,65.0,180.0,41.0,34.0,2.0,0.0,12.0,89.0,262.0,19.0,0.0,74.0,219.0,23.0,0.0,0.0,,,,,,,,,,,,,,,,,,,,,,,,,,,,,,,,,,,,,,,,,,,,,,,,,,,,,,,,,,,,,,,,,,,,,,,,,,,,,,,,,,,,,,,,,,,,
142,0.0,12.0,42.0,0.0,13.0,10.0,0.0,4.0,6.0,13.0,1.0,6.0,23.0,6.0,0.0,22.0,38.0,9.0,5.0,13.0,8.0,33.0,77.0,24.0,,,,,,,,,,,,,,,,,,,,,,,,,,,,,,,,,,,,,,,,,,,,,,,,,,,,,,,,,,,,,,,,,,,,,,,,,,,,,,,,,,,,,,,,,,,,,,,,,,,,,,,,,,,,,
143,8.0,21.0,0.0,14.0,12.0,15.0,4.0,20.0,0.0,1.0,9.0,0.0,19.0,52.0,59.0,4.0,23.0,9.0,35.0,56.0,0.0,4.0,11.0,17.0,0.0,0.0,24.0,9.0,11.0,8.0,0.0,24.0,265.0,0.0,0.0,0.0,0.0,18.0,105.0,0.0,0.0,21.0,0.0,0.0,0.0,0.0,154.0,0.0,0.0,0.0,32.0,0.0,0.0,0.0,0.0,0.0,0.0,,,,,,,,,,,,,,,,,,,,,,,,,,,,,,,,,,,,,,,,,,,,,,,,,,,,,,,,,,,,,,,,,,,,,,,,,,,,
144,1.0,35.0,4.0,5.0,2.0,1.0,18.0,18.0,24.0,9.0,4.0,55.0,4.0,25.0,7.0,74.0,5.0,15.0,68.0,0.0,66.0,57.0,49.0,11.0,89.0,0.0,0.0,0.0,9.0,29.0,0.0,,,,,,,,,,,,,,,,,,,,,,,,,,,,,,,,,,,,,,,,,,,,,,,,,,,,,,,,,,,,,,,,,,,,,,,,,,,,,,,,,,,,,,,,,,,,,,,,,,,,,,
145,21.0,12.0,9.0,11.0,9.0,0.0,32.0,0.0,1.0,20.0,0.0,8.0,14.0,0.0,17.0,3.0,17.0,21.0,0.0,8.0,5.0,0.0,58.0,0.0,0.0,0.0,4.0,18.0,0.0,0.0,0.0,0.0,0.0,0.0,,,,,,,,,,,,,,,,,,,,,,,,,,,,,,,,,,,,,,,,,,,,,,,,,,,,,,,,,,,,,,,,,,,,,,,,,,,,,,,,,,,,,,,,,,,,,,,,,,,
146,2.0,6.0,15.0,8.0,35.0,20.0,0.0,3.0,33.0,0.0,6.0,22.0,4.0,37.0,7.0,10.0,0.0,21.0,2.0,7.0,10.0,0.0,9.0,7.0,7.0,2.0,2.0,4.0,5.0,0.0,,,,,,,,,,,,,,,,,,,,,,,,,,,,,,,,,,,,,,,,,,,,,,,,,,,,,,,,,,,,,,,,,,,,,,,,,,,,,,,,,,,,,,,,,,,,,,,,,,,,,,,
147,1.0,8.0,28.0,20.0,8.0,23.0,0.0,1.0,44.0,0.0,0.0,27.0,62.0,0.0,10.0,23.0,36.0,71.0,33.0,20.0,38.0,53.0,61.0,26.0,9.0,20.0,32.0,0.0,0.0,0.0,,,,,,,,,,,,,,,,,,,,,,,,,,,,,,,,,,,,,,,,,,,,,,,,,,,,,,,,,,,,,,,,,,,,,,,,,,,,,,,,,,,,,,,,,,,,,,,,,,,,,,,
148,9.0,21.0,30.0,6.0,18.0,2.0,48.0,13.0,0.0,15.0,0.0,1.0,0.0,2.0,0.0,61.0,0.0,0.0,1.0,14.0,0.0,2.0,13.0,0.0,1.0,0.0,0.0,0.0,0.0,0.0,,,,,,,,,,,,,,,,,,,,,,,,,,,,,,,,,,,,,,,,,,,,,,,,,,,,,,,,,,,,,,,,,,,,,,,,,,,,,,,,,,,,,,,,,,,,,,,,,,,,,,,
149,0.0,28.0,16.0,26.0,31.0,18.0,4.0,72.0,77.0,15.0,30.0,35.0,0.0,87.0,22.0,63.0,36.0,0.0,294.0,6.0,4.0,34.0,2.0,118.0,0.0,2.0,26.0,0.0,12.0,32.0,43.0,13.0,,,,,,,,,,,,,,,,,,,,,,,,,,,,,,,,,,,,,,,,,,,,,,,,,,,,,,,,,,,,,,,,,,,,,,,,,,,,,,,,,,,,,,,,,,,,,,,,,,,,,
150,7.0,37.0,8.0,21.0,29.0,0.0,0.0,10.0,26.0,14.0,29.0,12.0,24.0,0.0,13.0,1.0,23.0,11.0,10.0,9.0,0.0,0.0,0.0,12.0,0.0,3.0,0.0,6.0,9.0,9.0,2.0,19.0,,,,,,,,,,,,,,,,,,,,,,,,,,,,,,,,,,,,,,,,,,,,,,,,,,,,,,,,,,,,,,,,,,,,,,,,,,,,,,,,,,,,,,,,,,,,,,,,,,,,,
151,3.0,5.0,20.0,13.0,25.0,23.0,19.0,31.0,40.0,20.0,0.0,26.0,28.0,0.0,9.0,10.0,16.0,0.0,34.0,60.0,0.0,27.0,72.0,0.0,72.0,61.0,4.0,34.0,15.0,45.0,288.0,184.0,0.0,9.0,355.0,250.0,14.0,47.0,50.0,21.0,0.0,0.0,0.0,0.0,54.0,0.0,2.0,61.0,80.0,16.0,22.0,18.0,28.0,143.0,27.0,0.0,25.0,0.0,0.0,0.0,0.0,0.0,,,,,,,,,,,,,,,,,,,,,,,,,,,,,,,,,,,,,,,,,,,,,,,,,,,,,,,,,,,,,,,,,,,,,,,
152,29.0,13.0,12.0,37.0,3.0,23.0,9.0,11.0,0.0,12.0,7.0,5.0,1.0,8.0,15.0,0.0,11.0,7.0,14.0,106.0,,,,,,,,,,,,,,,,,,,,,,,,,,,,,,,,,,,,,,,,,,,,,,,,,,,,,,,,,,,,,,,,,,,,,,,,,,,,,,,,,,,,,,,,,,,,,,,,,,,,,,,,,,,,,,,,,
153,11.0,31.0,10.0,45.0,0.0,0.0,9.0,0.0,46.0,0.0,22.0,26.0,0.0,0.0,60.0,0.0,0.0,45.0,26.0,0.0,0.0,84.0,50.0,82.0,221.0,10.0,80.0,0.0,113.0,0.0,76.0,,,,,,,,,,,,,,,,,,,,,,,,,,,,,,,,,,,,,,,,,,,,,,,,,,,,,,,,,,,,,,,,,,,,,,,,,,,,,,,,,,,,,,,,,,,,,,,,,,,,,,
154,6.0,7.0,17.0,14.0,0.0,3.0,8.0,0.0,12.0,30.0,8.0,0.0,5.0,15.0,42.0,5.0,0.0,17.0,0.0,5.0,6.0,19.0,7.0,0.0,108.0,0.0,51.0,12.0,1.0,13.0,1.0,15.0,6.0,0.0,5.0,1.0,1.0,0.0,7.0,0.0,0.0,1.0,,,,,,,,,,,,,,,,,,,,,,,,,,,,,,,,,,,,,,,,,,,,,,,,,,,,,,,,,,,,,,,,,,,,,,,,,,,,,,,,,,,,,,,,,,,
155,13.0,8.0,0.0,2.0,3.0,10.0,15.0,1.0,28.0,16.0,0.0,4.0,23.0,22.0,14.0,3.0,12.0,42.0,72.0,26.0,0.0,9.0,0.0,0.0,0.0,0.0,0.0,0.0,0.0,,,,,,,,,,,,,,,,,,,,,,,,,,,,,,,,,,,,,,,,,,,,,,,,,,,,,,,,,,,,,,,,,,,,,,,,,,,,,,,,,,,,,,,,,,,,,,,,,,,,,,,,
156,8.0,2.0,0.0,1.0,33.0,3.0,5.0,17.0,26.0,39.0,0.0,28.0,36.0,11.0,0.0,21.0,0.0,22.0,0.0,160.0,28.0,12.0,42.0,13.0,0.0,105.0,0.0,0.0,54.0,9.0,33.0,0.0,0.0,0.0,0.0,0.0,0.0,0.0,0.0,,,,,,,,,,,,,,,,,,,,,,,,,,,,,,,,,,,,,,,,,,,,,,,,,,,,,,,,,,,,,,,,,,,,,,,,,,,,,,,,,,,,,,,,,,,,,,
157,2.0,7.0,15.0,3.0,0.0,0.0,39.0,7.0,27.0,0.0,3.0,10.0,7.0,9.0,0.0,5.0,25.0,13.0,7.0,3.0,0.0,6.0,15.0,4.0,4.0,0.0,0.0,3.0,5.0,0.0,,,,,,,,,,,,,,,,,,,,,,,,,,,,,,,,,,,,,,,,,,,,,,,,,,,,,,,,,,,,,,,,,,,,,,,,,,,,,,,,,,,,,,,,,,,,,,,,,,,,,,,
158,17.0,9.0,9.0,5.0,12.0,8.0,13.0,22.0,0.0,6.0,8.0,5.0,45.0,6.0,7.0,52.0,0.0,135.0,57.0,23.0,25.0,6.0,32.0,71.0,32.0,39.0,289.0,108.0,80.0,,,,,,,,,,,,,,,,,,,,,,,,,,,,,,,,,,,,,,,,,,,,,,,,,,,,,,,,,,,,,,,,,,,,,,,,,,,,,,,,,,,,,,,,,,,,,,,,,,,,,,,,
159,15.0,14.0,10.0,6.0,0.0,0.0,25.0,17.0,5.0,14.0,0.0,0.0,0.0,33.0,30.0,3.0,20.0,31.0,0.0,40.0,0.0,29.0,,,,,,,,,,,,,,,,,,,,,,,,,,,,,,,,,,,,,,,,,,,,,,,,,,,,,,,,,,,,,,,,,,,,,,,,,,,,,,,,,,,,,,,,,,,,,,,,,,,,,,,,,,,,,,,
160,0.0,0.0,24.0,4.0,27.0,13.0,18.0,5.0,27.0,0.0,17.0,10.0,44.0,33.0,22.0,42.0,17.0,2.0,10.0,13.0,0.0,33.0,49.0,38.0,17.0,30.0,44.0,0.0,32.0,0.0,4.0,95.0,12.0,54.0,68.0,0.0,72.0,54.0,0.0,4.0,29.0,30.0,12.0,10.0,15.0,175.0,0.0,85.0,0.0,0.0,0.0,0.0,,,,,,,,,,,,,,,,,,,,,,,,,,,,,,,,,,,,,,,,,,,,,,,,,,,,,,,,,,,,,,,,,,,,,,,,,,,,,,,,,
161,15.0,4.0,12.0,18.0,33.0,17.0,7.0,0.0,17.0,33.0,68.0,26.0,4.0,0.0,1.0,37.0,13.0,34.0,8.0,13.0,0.0,6.0,0.0,13.0,0.0,6.0,0.0,4.0,0.0,0.0,3.0,2.0,6.0,8.0,11.0,0.0,0.0,0.0,11.0,8.0,14.0,7.0,1.0,7.0,6.0,0.0,0.0,0.0,0.0,0.0,0.0,0.0,0.0,0.0,0.0,0.0,0.0,0.0,0.0,0.0,0.0,0.0,,,,,,,,,,,,,,,,,,,,,,,,,,,,,,,,,,,,,,,,,,,,,,,,,,,,,,,,,,,,,,,,,,,,,,,
162,28.0,1.0,23.0,18.0,20.0,18.0,5.0,8.0,0.0,19.0,55.0,41.0,25.0,9.0,1.0,21.0,21.0,26.0,3.0,0.0,14.0,74.0,0.0,1.0,24.0,0.0,0.0,20.0,37.0,0.0,0.0,0.0,0.0,,,,,,,,,,,,,,,,,,,,,,,,,,,,,,,,,,,,,,,,,,,,,,,,,,,,,,,,,,,,,,,,,,,,,,,,,,,,,,,,,,,,,,,,,,,,,,,,,,,,
163,12.0,39.0,7.0,45.0,0.0,40.0,0.0,21.0,0.0,29.0,67.0,8.0,38.0,78.0,16.0,38.0,80.0,114.0,4.0,96.0,49.0,72.0,0.0,27.0,104.0,22.0,145.0,37.0,0.0,13.0,27.0,125.0,126.0,31.0,9.0,105.0,26.0,14.0,35.0,17.0,2.0,0.0,21.0,0.0,0.0,83.0,14.0,6.0,75.0,0.0,,,,,,,,,,,,,,,,,,,,,,,,,,,,,,,,,,,,,,,,,,,,,,,,,,,,,,,,,,,,,,,,,,,,,,,,,,,,,,,,,,,
164,18.0,0.0,30.0,7.0,4.0,6.0,15.0,43.0,14.0,9.0,0.0,25.0,13.0,81.0,22.0,17.0,0.0,64.0,17.0,5.0,2.0,13.0,59.0,12.0,3.0,80.0,76.0,23.0,0.0,43.0,0.0,24.0,84.0,33.0,69.0,0.0,0.0,10.0,70.0,0.0,114.0,263.0,153.0,14.0,237.0,82.0,59.0,121.0,65.0,339.0,662.0,0.0,,,,,,,,,,,,,,,,,,,,,,,,,,,,,,,,,,,,,,,,,,,,,,,,,,,,,,,,,,,,,,,,,,,,,,,,,,,,,,,,,
165,18.0,24.0,0.0,11.0,9.0,5.0,18.0,11.0,0.0,17.0,5.0,5.0,0.0,38.0,16.0,0.0,25.0,18.0,9.0,32.0,7.0,0.0,62.0,26.0,14.0,21.0,41.0,44.0,0.0,0.0,84.0,13.0,51.0,59.0,23.0,9.0,21.0,7.0,34.0,37.0,11.0,2.0,0.0,0.0,50.0,0.0,7.0,0.0,0.0,8.0,0.0,8.0,0.0,0.0,0.0,0.0,0.0,0.0,0.0,0.0,0.0,2.0,3.0,,,,,,,,,,,,,,,,,,,,,,,,,,,,,,,,,,,,,,,,,,,,,,,,,,,,,,,,,,,,,,,,,,,,,,
166,8.0,25.0,9.0,45.0,0.0,1.0,20.0,23.0,33.0,35.0,29.0,0.0,110.0,32.0,72.0,2.0,58.0,20.0,29.0,49.0,0.0,0.0,13.0,1.0,155.0,43.0,8.0,0.0,247.0,8.0,73.0,0.0,18.0,109.0,12.0,64.0,0.0,22.0,26.0,404.0,9.0,9.0,14.0,0.0,8.0,0.0,0.0,5.0,2.0,0.0,0.0,5.0,0.0,6.0,0.0,0.0,0.0,0.0,0.0,,,,,,,,,,,,,,,,,,,,,,,,,,,,,,,,,,,,,,,,,,,,,,,,,,,,,,,,,,,,,,,,,,,,,,,,,,
167,0.0,34.0,0.0,6.0,0.0,29.0,11.0,19.0,0.0,4.0,0.0,8.0,4.0,48.0,92.0,0.0,3.0,4.0,6.0,44.0,4.0,15.0,0.0,17.0,1.0,0.0,0.0,0.0,0.0,0.0,0.0,0.0,0.0,,,,,,,,,,,,,,,,,,,,,,,,,,,,,,,,,,,,,,,,,,,,,,,,,,,,,,,,,,,,,,,,,,,,,,,,,,,,,,,,,,,,,,,,,,,,,,,,,,,,
168,4.0,21.0,1.0,0.0,4.0,4.0,5.0,29.0,2.0,32.0,11.0,12.0,8.0,11.0,15.0,0.0,13.0,10.0,22.0,29.0,16.0,9.0,29.0,2.0,75.0,0.0,4.0,27.0,6.0,24.0,0.0,27.0,18.0,0.0,0.0,5.0,0.0,0.0,0.0,2.0,,,,,,,,,,,,,,,,,,,,,,,,,,,,,,,,,,,,,,,,,,,,,,,,,,,,,,,,,,,,,,,,,,,,,,,,,,,,,,,,,,,,,,,,,,,,,
169,8.0,35.0,4.0,2.0,16.0,28.0,18.0,0.0,0.0,14.0,11.0,36.0,27.0,2.0,26.0,27.0,45.0,18.0,6.0,136.0,14.0,0.0,0.0,0.0,43.0,40.0,62.0,5.0,97.0,234.0,53.0,32.0,0.0,26.0,4.0,0.0,11.0,149.0,121.0,141.0,38.0,80.0,117.0,98.0,56.0,48.0,467.0,3.0,161.0,0.0,0.0,0.0,,,,,,,,,,,,,,,,,,,,,,,,,,,,,,,,,,,,,,,,,,,,,,,,,,,,,,,,,,,,,,,,,,,,,,,,,,,,,,,,,
170,21.0,12.0,19.0,29.0,13.0,0.0,8.0,0.0,0.0,20.0,15.0,5.0,3.0,13.0,15.0,3.0,13.0,38.0,7.0,3.0,13.0,2.0,31.0,39.0,0.0,30.0,34.0,105.0,7.0,0.0,0.0,175.0,37.0,0.0,22.0,0.0,0.0,44.0,0.0,7.0,5.0,9.0,11.0,0.0,0.0,35.0,0.0,23.0,0.0,0.0,0.0,154.0,194.0,3.0,189.0,41.0,13.0,32.0,122.0,0.0,87.0,77.0,30.0,0.0,0.0,,,,,,,,,,,,,,,,,,,,,,,,,,,,,,,,,,,,,,,,,,,,,,,,,,,,,,,,,,,,,,,,,,,,
171,2.0,23.0,0.0,0.0,0.0,0.0,16.0,24.0,0.0,23.0,0.0,21.0,0.0,29.0,0.0,41.0,27.0,21.0,12.0,29.0,,,,,,,,,,,,,,,,,,,,,,,,,,,,,,,,,,,,,,,,,,,,,,,,,,,,,,,,,,,,,,,,,,,,,,,,,,,,,,,,,,,,,,,,,,,,,,,,,,,,,,,,,,,,,,,,,
172,15.0,1.0,35.0,9.0,0.0,0.0,0.0,13.0,6.0,6.0,122.0,55.0,94.0,0.0,15.0,20.0,0.0,189.0,19.0,112.0,0.0,0.0,0.0,0.0,16.0,29.0,1.0,4.0,2.0,0.0,15.0,21.0,8.0,0.0,20.0,13.0,59.0,0.0,36.0,0.0,4.0,8.0,19.0,0.0,0.0,0.0,0.0,,,,,,,,,,,,,,,,,,,,,,,,,,,,,,,,,,,,,,,,,,,,,,,,,,,,,,,,,,,,,,,,,,,,,,,,,,,,,,,,,,,,,,
173,11.0,9.0,2.0,18.0,11.0,11.0,3.0,38.0,0.0,57.0,12.0,4.0,74.0,26.0,0.0,81.0,10.0,50.0,37.0,37.0,81.0,8.0,6.0,52.0,0.0,26.0,0.0,0.0,5.0,0.0,0.0,0.0,12.0,71.0,15.0,0.0,0.0,3.0,10.0,3.0,0.0,0.0,0.0,0.0,0.0,0.0,0.0,0.0,0.0,0.0,0.0,0.0,0.0,,,,,,,,,,,,,,,,,,,,,,,,,,,,,,,,,,,,,,,,,,,,,,,,,,,,,,,,,,,,,,,,,,,,,,,,,,,,,,,,
174,1.0,0.0,7.0,17.0,0.0,20.0,18.0,37.0,32.0,7.0,82.0,55.0,18.0,44.0,9.0,0.0,12.0,0.0,2.0,0.0,83.0,,,,,,,,,,,,,,,,,,,,,,,,,,,,,,,,,,,,,,,,,,,,,,,,,,,,,,,,,,,,,,,,,,,,,,,,,,,,,,,,,,,,,,,,,,,,,,,,,,,,,,,,,,,,,,,,
175,34.0,1.0,6.0,26.0,2.0,20.0,0.0,0.0,7.0,0.0,6.0,11.0,2.0,0.0,0.0,0.0,3.0,0.0,0.0,16.0,7.0,0.0,17.0,6.0,0.0,0.0,0.0,0.0,0.0,0.0,,,,,,,,,,,,,,,,,,,,,,,,,,,,,,,,,,,,,,,,,,,,,,,,,,,,,,,,,,,,,,,,,,,,,,,,,,,,,,,,,,,,,,,,,,,,,,,,,,,,,,,
176,11.0,3.0,16.0,0.0,0.0,22.0,28.0,5.0,35.0,0.0,7.0,0.0,24.0,30.0,22.0,28.0,34.0,17.0,15.0,1.0,0.0,91.0,0.0,0.0,7.0,152.0,59.0,172.0,31.0,9.0,18.0,18.0,25.0,0.0,2.0,0.0,0.0,0.0,6.0,0.0,0.0,11.0,160.0,734.0,0.0,448.0,,,,,,,,,,,,,,,,,,,,,,,,,,,,,,,,,,,,,,,,,,,,,,,,,,,,,,,,,,,,,,,,,,,,,,,,,,,,,,,,,,,,,,,
177,12.0,56.0,20.0,6.0,18.0,25.0,0.0,5.0,60.0,0.0,9.0,34.0,25.0,17.0,71.0,49.0,30.0,3.0,109.0,164.0,0.0,18.0,0.0,67.0,0.0,808.0,,,,,,,,,,,,,,,,,,,,,,,,,,,,,,,,,,,,,,,,,,,,,,,,,,,,,,,,,,,,,,,,,,,,,,,,,,,,,,,,,,,,,,,,,,,,,,,,,,,,,,,,,,,
178,23.0,24.0,9.0,16.0,0.0,18.0,32.0,6.0,24.0,23.0,14.0,98.0,70.0,9.0,52.0,227.0,14.0,0.0,38.0,59.0,19.0,69.0,139.0,7.0,18.0,77.0,343.0,0.0,178.0,13.0,54.0,12.0,107.0,590.0,168.0,3.0,0.0,0.0,0.0,,,,,,,,,,,,,,,,,,,,,,,,,,,,,,,,,,,,,,,,,,,,,,,,,,,,,,,,,,,,,,,,,,,,,,,,,,,,,,,,,,,,,,,,,,,,,,
179,5.0,29.0,31.0,2.0,13.0,8.0,42.0,0.0,30.0,6.0,61.0,0.0,68.0,13.0,110.0,89.0,38.0,0.0,1.0,5.0,27.0,15.0,0.0,123.0,52.0,0.0,0.0,0.0,0.0,0.0,23.0,0.0,0.0,96.0,,,,,,,,,,,,,,,,,,,,,,,,,,,,,,,,,,,,,,,,,,,,,,,,,,,,,,,,,,,,,,,,,,,,,,,,,,,,,,,,,,,,,,,,,,,,,,,,,,,
180,28.0,0.0,2.0,17.0,11.0,18.0,10.0,3.0,15.0,1.0,19.0,2.0,55.0,9.0,7.0,8.0,24.0,0.0,31.0,15.0,26.0,0.0,7.0,21.0,64.0,15.0,5.0,36.0,25.0,0.0,15.0,40.0,5.0,0.0,61.0,0.0,9.0,49.0,21.0,90.0,9.0,11.0,10.0,50.0,112.0,7.0,6.0,29.0,0.0,14.0,0.0,2.0,0.0,,,,,,,,,,,,,,,,,,,,,,,,,,,,,,,,,,,,,,,,,,,,,,,,,,,,,,,,,,,,,,,,,,,,,,,,,,,,,,,,
181,16.0,19.0,20.0,0.0,23.0,2.0,8.0,3.0,7.0,13.0,26.0,29.0,21.0,2.0,28.0,28.0,0.0,84.0,0.0,88.0,37.0,4.0,0.0,25.0,13.0,94.0,0.0,148.0,455.0,75.0,,,,,,,,,,,,,,,,,,,,,,,,,,,,,,,,,,,,,,,,,,,,,,,,,,,,,,,,,,,,,,,,,,,,,,,,,,,,,,,,,,,,,,,,,,,,,,,,,,,,,,,
182,12.0,29.0,13.0,38.0,8.0,4.0,0.0,14.0,6.0,15.0,16.0,35.0,133.0,10.0,18.0,6.0,90.0,22.0,147.0,0.0,44.0,18.0,15.0,44.0,77.0,47.0,0.0,9.0,42.0,0.0,43.0,0.0,45.0,0.0,57.0,1.0,7.0,9.0,4.0,0.0,0.0,9.0,21.0,,,,,,,,,,,,,,,,,,,,,,,,,,,,,,,,,,,,,,,,,,,,,,,,,,,,,,,,,,,,,,,,,,,,,,,,,,,,,,,,,,,,,,,,,,
183,13.0,17.0,0.0,19.0,7.0,11.0,0.0,0.0,21.0,7.0,4.0,9.0,26.0,29.0,4.0,0.0,23.0,4.0,22.0,0.0,42.0,42.0,0.0,52.0,64.0,6.0,71.0,58.0,10.0,0.0,0.0,0.0,0.0,41.0,0.0,23.0,0.0,4.0,49.0,25.0,133.0,0.0,0.0,7.0,169.0,0.0,0.0,29.0,498.0,321.0,89.0,0.0,172.0,1.0,0.0,39.0,22.0,56.0,179.0,45.0,14.0,157.0,215.0,7.0,426.0,0.0,321.0,,,,,,,,,,,,,,,,,,,,,,,,,,,,,,,,,,,,,,,,,,,,,,,,,,,,,,,,,,,,,,,,,,
184,11.0,31.0,0.0,0.0,14.0,39.0,7.0,9.0,2.0,8.0,190.0,111.0,123.0,388.0,95.0,43.0,76.0,36.0,0.0,4.0,51.0,0.0,21.0,24.0,142.0,49.0,58.0,0.0,77.0,506.0,78.0,20.0,52.0,231.0,16.0,235.0,,,,,,,,,,,,,,,,,,,,,,,,,,,,,,,,,,,,,,,,,,,,,,,,,,,,,,,,,,,,,,,,,,,,,,,,,,,,,,,,,,,,,,,,,,,,,,,,,
185,17.0,32.0,12.0,21.0,8.0,14.0,21.0,8.0,17.0,16.0,13.0,11.0,0.0,0.0,43.0,21.0,16.0,10.0,1.0,11.0,4.0,22.0,0.0,0.0,0.0,0.0,48.0,63.0,51.0,64.0,85.0,110.0,104.0,189.0,92.0,36.0,14.0,86.0,18.0,125.0,,,,,,,,,,,,,,,,,,,,,,,,,,,,,,,,,,,,,,,,,,,,,,,,,,,,,,,,,,,,,,,,,,,,,,,,,,,,,,,,,,,,,,,,,,,,,
186,11.0,17.0,9.0,43.0,0.0,19.0,14.0,59.0,2.0,12.0,9.0,9.0,49.0,33.0,8.0,97.0,38.0,9.0,4.0,15.0,41.0,27.0,0.0,0.0,4.0,62.0,20.0,0.0,0.0,0.0,15.0,0.0,14.0,24.0,0.0,0.0,32.0,7.0,21.0,11.0,32.0,16.0,12.0,0.0,80.0,0.0,0.0,539.0,266.0,17.0,22.0,0.0,0.0,0.0,0.0,0.0,,,,,,,,,,,,,,,,,,,,,,,,,,,,,,,,,,,,,,,,,,,,,,,,,,,,,,,,,,,,,,,,,,,,,,,,,,,,,
187,3.0,5.0,24.0,10.0,24.0,0.0,0.0,50.0,13.0,15.0,1.0,18.0,14.0,10.0,29.0,1.0,22.0,49.0,0.0,7.0,23.0,41.0,24.0,12.0,17.0,37.0,0.0,42.0,186.0,6.0,40.0,0.0,0.0,11.0,0.0,47.0,30.0,0.0,3.0,296.0,16.0,0.0,25.0,16.0,42.0,0.0,12.0,5.0,23.0,3.0,0.0,1.0,0.0,0.0,0.0,0.0,0.0,0.0,,,,,,,,,,,,,,,,,,,,,,,,,,,,,,,,,,,,,,,,,,,,,,,,,,,,,,,,,,,,,,,,,,,,,,,,,,,
188,13.0,42.0,15.0,4.0,43.0,0.0,17.0,19.0,42.0,7.0,16.0,26.0,7.0,59.0,28.0,0.0,8.0,0.0,13.0,11.0,30.0,7.0,121.0,40.0,104.0,0.0,22.0,30.0,9.0,56.0,9.0,0.0,40.0,26.0,0.0,480.0,0.0,0.0,0.0,0.0,0.0,0.0,0.0,388.0,0.0,0.0,46.0,139.0,0.0,47.0,18.0,0.0,179.0,0.0,14.0,0.0,0.0,,,,,,,,,,,,,,,,,,,,,,,,,,,,,,,,,,,,,,,,,,,,,,,,,,,,,,,,,,,,,,,,,,,,,,,,,,,,
189,0.0,44.0,11.0,0.0,48.0,25.0,23.0,11.0,6.0,52.0,38.0,12.0,51.0,0.0,53.0,11.0,57.0,0.0,0.0,0.0,53.0,0.0,0.0,17.0,5.0,0.0,26.0,19.0,5.0,0.0,0.0,,,,,,,,,,,,,,,,,,,,,,,,,,,,,,,,,,,,,,,,,,,,,,,,,,,,,,,,,,,,,,,,,,,,,,,,,,,,,,,,,,,,,,,,,,,,,,,,,,,,,,
190,7.0,8.0,9.0,10.0,5.0,4.0,0.0,0.0,4.0,35.0,21.0,5.0,26.0,9.0,9.0,12.0,72.0,0.0,62.0,12.0,34.0,30.0,40.0,38.0,13.0,25.0,10.0,38.0,32.0,26.0,97.0,322.0,31.0,226.0,0.0,39.0,0.0,212.0,0.0,0.0,,,,,,,,,,,,,,,,,,,,,,,,,,,,,,,,,,,,,,,,,,,,,,,,,,,,,,,,,,,,,,,,,,,,,,,,,,,,,,,,,,,,,,,,,,,,,
191,25.0,29.0,16.0,9.0,0.0,19.0,42.0,68.0,53.0,35.0,21.0,17.0,46.0,10.0,0.0,0.0,18.0,41.0,17.0,1.0,17.0,383.0,0.0,7.0,147.0,0.0,195.0,48.0,17.0,17.0,61.0,22.0,226.0,222.0,69.0,,,,,,,,,,,,,,,,,,,,,,,,,,,,,,,,,,,,,,,,,,,,,,,,,,,,,,,,,,,,,,,,,,,,,,,,,,,,,,,,,,,,,,,,,,,,,,,,,,
192,15.0,21.0,0.0,2.0,0.0,11.0,13.0,20.0,6.0,7.0,0.0,61.0,68.0,46.0,35.0,2.0,18.0,25.0,41.0,14.0,32.0,35.0,18.0,51.0,0.0,189.0,55.0,40.0,157.0,0.0,0.0,0.0,0.0,0.0,,,,,,,,,,,,,,,,,,,,,,,,,,,,,,,,,,,,,,,,,,,,,,,,,,,,,,,,,,,,,,,,,,,,,,,,,,,,,,,,,,,,,,,,,,,,,,,,,,,
193,21.0,3.0,3.0,31.0,9.0,12.0,30.0,0.0,24.0,17.0,39.0,0.0,14.0,36.0,14.0,22.0,45.0,43.0,31.0,20.0,42.0,104.0,51.0,15.0,0.0,0.0,15.0,1.0,25.0,36.0,5.0,0.0,107.0,146.0,29.0,0.0,19.0,0.0,6.0,7.0,42.0,3.0,0.0,46.0,0.0,0.0,129.0,238.0,96.0,108.0,436.0,17.0,3.0,4.0,2.0,2.0,10.0,8.0,3.0,12.0,58.0,15.0,8.0,0.0,12.0,13.0,3.0,4.0,20.0,0.0,17.0,8.0,0.0,1.0,0.0,24.0,7.0,2.0,0.0,7.0,0.0,9.0,13.0,8.0,0.0,3.0,1.0,2.0,1.0,1.0,5.0,3.0,13.0,3.0,7.0,2.0,1.0,23.0,0.0,0.0,0.0,6.0,9.0,0.0,2.0,10.0,3.0,7.0,0.0,7.0,15.0,18.0,4.0,0.0,0.0,10.0,0.0,12.0,0.0,16.0,0.0,0.0,0.0,1.0,0.0,0.0,0.0,0.0,0.0,0.0,0.0,0.0,0.0
194,13.0,13.0,12.0,0.0,21.0,15.0,9.0,0.0,0.0,0.0,16.0,7.0,6.0,14.0,0.0,1.0,26.0,14.0,3.0,7.0,60.0,90.0,0.0,10.0,0.0,0.0,90.0,0.0,27.0,72.0,78.0,295.0,44.0,69.0,102.0,37.0,109.0,29.0,26.0,57.0,72.0,,,,,,,,,,,,,,,,,,,,,,,,,,,,,,,,,,,,,,,,,,,,,,,,,,,,,,,,,,,,,,,,,,,,,,,,,,,,,,,,,,,,,,,,,,,,
195,14.0,0.0,3.0,71.0,22.0,30.0,30.0,4.0,0.0,33.0,11.0,12.0,34.0,0.0,21.0,6.0,44.0,0.0,0.0,15.0,10.0,0.0,0.0,0.0,0.0,0.0,236.0,0.0,0.0,0.0,0.0,0.0,0.0,0.0,0.0,0.0,0.0,0.0,0.0,,,,,,,,,,,,,,,,,,,,,,,,,,,,,,,,,,,,,,,,,,,,,,,,,,,,,,,,,,,,,,,,,,,,,,,,,,,,,,,,,,,,,,,,,,,,,,
196,27.0,10.0,18.0,9.0,2.0,12.0,8.0,0.0,0.0,12.0,12.0,15.0,15.0,19.0,34.0,95.0,0.0,2.0,21.0,0.0,19.0,8.0,0.0,0.0,45.0,75.0,13.0,0.0,0.0,8.0,0.0,115.0,0.0,0.0,0.0,0.0,0.0,0.0,46.0,739.0,194.0,,,,,,,,,,,,,,,,,,,,,,,,,,,,,,,,,,,,,,,,,,,,,,,,,,,,,,,,,,,,,,,,,,,,,,,,,,,,,,,,,,,,,,,,,,,,
197,17.0,9.0,22.0,6.0,26.0,9.0,35.0,5.0,14.0,38.0,37.0,20.0,104.0,10.0,3.0,16.0,69.0,7.0,31.0,19.0,3.0,0.0,19.0,17.0,10.0,110.0,3.0,6.0,0.0,0.0,50.0,77.0,4.0,0.0,37.0,17.0,,,,,,,,,,,,,,,,,,,,,,,,,,,,,,,,,,,,,,,,,,,,,,,,,,,,,,,,,,,,,,,,,,,,,,,,,,,,,,,,,,,,,,,,,,,,,,,,,
198,12.0,19.0,5.0,18.0,2.0,0.0,8.0,3.0,37.0,35.0,8.0,12.0,14.0,7.0,4.0,1.0,24.0,12.0,26.0,36.0,2.0,15.0,10.0,0.0,27.0,284.0,25.0,47.0,58.0,0.0,17.0,0.0,,,,,,,,,,,,,,,,,,,,,,,,,,,,,,,,,,,,,,,,,,,,,,,,,,,,,,,,,,,,,,,,,,,,,,,,,,,,,,,,,,,,,,,,,,,,,,,,,,,,,
199,0.0,14.0,4.0,5.0,21.0,11.0,0.0,0.0,32.0,11.0,8.0,24.0,14.0,10.0,37.0,28.0,25.0,16.0,0.0,20.0,9.0,19.0,13.0,22.0,3.0,4.0,0.0,0.0,0.0,0.0,0.0,,,,,,,,,,,,,,,,,,,,,,,,,,,,,,,,,,,,,,,,,,,,,,,,,,,,,,,,,,,,,,,,,,,,,,,,,,,,,,,,,,,,,,,,,,,,,,,,,,,,,,
200,8.0,1.0,11.0,19.0,11.0,8.0,10.0,20.0,35.0,71.0,10.0,2.0,0.0,14.0,0.0,6.0,64.0,0.0,37.0,129.0,112.0,22.0,0.0,18.0,40.0,37.0,20.0,78.0,73.0,30.0,13.0,36.0,27.0,53.0,29.0,35.0,0.0,0.0,0.0,4.0,17.0,21.0,0.0,0.0,120.0,0.0,114.0,0.0,196.0,0.0,34.0,37.0,352.0,0.0,2.0,0.0,0.0,0.0,0.0,,,,,,,,,,,,,,,,,,,,,,,,,,,,,,,,,,,,,,,,,,,,,,,,,,,,,,,,,,,,,,,,,,,,,,,,,,
201,0.0,28.0,8.0,12.0,22.0,0.0,37.0,4.0,46.0,0.0,11.0,15.0,20.0,0.0,28.0,25.0,71.0,115.0,36.0,4.0,40.0,0.0,0.0,7.0,1.0,0.0,0.0,0.0,6.0,0.0,0.0,0.0,,,,,,,,,,,,,,,,,,,,,,,,,,,,,,,,,,,,,,,,,,,,,,,,,,,,,,,,,,,,,,,,,,,,,,,,,,,,,,,,,,,,,,,,,,,,,,,,,,,,,
202,13.0,0.0,30.0,15.0,6.0,20.0,0.0,34.0,1.0,12.0,23.0,9.0,4.0,2.0,52.0,34.0,15.0,155.0,0.0,0.0,6.0,17.0,35.0,57.0,17.0,230.0,87.0,92.0,445.0,277.0,17.0,43.0,34.0,0.0,10.0,0.0,60.0,0.0,53.0,18.0,0.0,16.0,27.0,,,,,,,,,,,,,,,,,,,,,,,,,,,,,,,,,,,,,,,,,,,,,,,,,,,,,,,,,,,,,,,,,,,,,,,,,,,,,,,,,,,,,,,,,,
203,14.0,21.0,0.0,13.0,14.0,11.0,2.0,14.0,15.0,25.0,4.0,0.0,3.0,0.0,13.0,0.0,11.0,12.0,41.0,0.0,7.0,1.0,0.0,1.0,1.0,0.0,0.0,0.0,0.0,0.0,,,,,,,,,,,,,,,,,,,,,,,,,,,,,,,,,,,,,,,,,,,,,,,,,,,,,,,,,,,,,,,,,,,,,,,,,,,,,,,,,,,,,,,,,,,,,,,,,,,,,,,
204,4.0,2.0,16.0,0.0,34.0,4.0,3.0,14.0,0.0,18.0,26.0,49.0,25.0,43.0,0.0,180.0,2.0,0.0,75.0,0.0,0.0,0.0,54.0,110.0,24.0,0.0,245.0,86.0,158.0,72.0,23.0,63.0,34.0,,,,,,,,,,,,,,,,,,,,,,,,,,,,,,,,,,,,,,,,,,,,,,,,,,,,,,,,,,,,,,,,,,,,,,,,,,,,,,,,,,,,,,,,,,,,,,,,,,,,
205,0.0,18.0,57.0,32.0,11.0,15.0,8.0,7.0,15.0,9.0,13.0,7.0,39.0,30.0,45.0,0.0,0.0,19.0,51.0,0.0,19.0,11.0,60.0,0.0,28.0,9.0,11.0,23.0,4.0,35.0,88.0,0.0,30.0,79.0,12.0,0.0,76.0,14.0,0.0,,,,,,,,,,,,,,,,,,,,,,,,,,,,,,,,,,,,,,,,,,,,,,,,,,,,,,,,,,,,,,,,,,,,,,,,,,,,,,,,,,,,,,,,,,,,,,
206,7.0,10.0,10.0,46.0,34.0,29.0,2.0,69.0,39.0,0.0,7.0,11.0,54.0,45.0,38.0,35.0,3.0,79.0,0.0,61.0,0.0,72.0,45.0,3.0,0.0,5.0,201.0,108.0,29.0,102.0,160.0,0.0,74.0,0.0,137.0,51.0,0.0,16.0,18.0,28.0,0.0,0.0,93.0,322.0,,,,,,,,,,,,,,,,,,,,,,,,,,,,,,,,,,,,,,,,,,,,,,,,,,,,,,,,,,,,,,,,,,,,,,,,,,,,,,,,,,,,,,,,,
207,16.0,23.0,7.0,7.0,7.0,4.0,26.0,94.0,7.0,0.0,7.0,9.0,0.0,0.0,15.0,4.0,5.0,0.0,17.0,37.0,42.0,0.0,10.0,7.0,0.0,21.0,0.0,16.0,13.0,13.0,4.0,0.0,15.0,2.0,,,,,,,,,,,,,,,,,,,,,,,,,,,,,,,,,,,,,,,,,,,,,,,,,,,,,,,,,,,,,,,,,,,,,,,,,,,,,,,,,,,,,,,,,,,,,,,,,,,
208,5.0,21.0,12.0,4.0,0.0,17.0,37.0,30.0,25.0,46.0,3.0,0.0,17.0,28.0,27.0,8.0,81.0,2.0,41.0,5.0,22.0,14.0,12.0,52.0,10.0,20.0,25.0,23.0,0.0,28.0,0.0,8.0,0.0,9.0,13.0,14.0,0.0,40.0,0.0,44.0,3.0,0.0,21.0,0.0,5.0,0.0,0.0,0.0,60.0,0.0,8.0,96.0,2.0,43.0,53.0,135.0,255.0,88.0,227.0,79.0,26.0,276.0,0.0,32.0,0.0,0.0,,,,,,,,,,,,,,,,,,,,,,,,,,,,,,,,,,,,,,,,,,,,,,,,,,,,,,,,,,,,,,,,,,,
209,23.0,36.0,10.0,0.0,23.0,33.0,0.0,0.0,6.0,14.0,9.0,6.0,0.0,7.0,36.0,10.0,0.0,31.0,23.0,0.0,37.0,3.0,102.0,8.0,7.0,28.0,22.0,0.0,41.0,20.0,11.0,17.0,0.0,0.0,19.0,0.0,47.0,95.0,56.0,38.0,102.0,13.0,56.0,0.0,51.0,85.0,1.0,0.0,0.0,0.0,0.0,0.0,0.0,0.0,16.0,0.0,0.0,0.0,0.0,0.0,,,,,,,,,,,,,,,,,,,,,,,,,,,,,,,,,,,,,,,,,,,,,,,,,,,,,,,,,,,,,,,,,,,,,,,,,
210,17.0,8.0,14.0,0.0,41.0,31.0,7.0,11.0,31.0,28.0,11.0,9.0,10.0,0.0,11.0,6.0,0.0,10.0,25.0,0.0,14.0,3.0,14.0,0.0,1.0,19.0,11.0,11.0,12.0,0.0,30.0,10.0,,,,,,,,,,,,,,,,,,,,,,,,,,,,,,,,,,,,,,,,,,,,,,,,,,,,,,,,,,,,,,,,,,,,,,,,,,,,,,,,,,,,,,,,,,,,,,,,,,,,,
211,0.0,22.0,18.0,4.0,26.0,13.0,0.0,14.0,21.0,18.0,19.0,21.0,24.0,3.0,4.0,34.0,9.0,0.0,0.0,5.0,1.0,0.0,3.0,9.0,20.0,0.0,112.0,10.0,57.0,83.0,8.0,42.0,47.0,140.0,4.0,21.0,0.0,195.0,0.0,122.0,39.0,1.0,15.0,0.0,93.0,120.0,84.0,73.0,91.0,39.0,164.0,,,,,,,,,,,,,,,,,,,,,,,,,,,,,,,,,,,,,,,,,,,,,,,,,,,,,,,,,,,,,,,,,,,,,,,,,,,,,,,,,,
212,2.0,13.0,7.0,27.0,5.0,10.0,10.0,18.0,16.0,0.0,0.0,28.0,20.0,96.0,0.0,2.0,5.0,1.0,0.0,23.0,0.0,6.0,21.0,0.0,21.0,17.0,4.0,0.0,2.0,18.0,0.0,0.0,13.0,0.0,35.0,0.0,0.0,0.0,26.0,0.0,14.0,0.0,0.0,3.0,5.0,0.0,10.0,27.0,13.0,13.0,115.0,0.0,0.0,0.0,0.0,0.0,0.0,,,,,,,,,,,,,,,,,,,,,,,,,,,,,,,,,,,,,,,,,,,,,,,,,,,,,,,,,,,,,,,,,,,,,,,,,,,,
213,36.0,8.0,0.0,19.0,10.0,0.0,24.0,11.0,6.0,0.0,38.0,0.0,0.0,36.0,35.0,20.0,96.0,0.0,0.0,36.0,19.0,38.0,105.0,0.0,46.0,0.0,1.0,20.0,26.0,31.0,0.0,0.0,0.0,49.0,0.0,0.0,41.0,0.0,0.0,0.0,0.0,0.0,,,,,,,,,,,,,,,,,,,,,,,,,,,,,,,,,,,,,,,,,,,,,,,,,,,,,,,,,,,,,,,,,,,,,,,,,,,,,,,,,,,,,,,,,,,
214,8.0,7.0,21.0,25.0,2.0,4.0,0.0,10.0,12.0,16.0,39.0,40.0,113.0,7.0,10.0,14.0,30.0,0.0,24.0,65.0,42.0,34.0,29.0,10.0,9.0,0.0,3.0,0.0,69.0,125.0,89.0,16.0,26.0,8.0,90.0,137.0,71.0,64.0,0.0,,,,,,,,,,,,,,,,,,,,,,,,,,,,,,,,,,,,,,,,,,,,,,,,,,,,,,,,,,,,,,,,,,,,,,,,,,,,,,,,,,,,,,,,,,,,,,
215,6.0,20.0,0.0,36.0,1.0,46.0,11.0,4.0,10.0,0.0,31.0,7.0,12.0,29.0,28.0,0.0,71.0,48.0,38.0,17.0,59.0,45.0,8.0,265.0,0.0,172.0,0.0,0.0,28.0,10.0,0.0,,,,,,,,,,,,,,,,,,,,,,,,,,,,,,,,,,,,,,,,,,,,,,,,,,,,,,,,,,,,,,,,,,,,,,,,,,,,,,,,,,,,,,,,,,,,,,,,,,,,,,
216,26.0,31.0,1.0,0.0,4.0,0.0,0.0,26.0,5.0,0.0,6.0,0.0,16.0,23.0,38.0,0.0,0.0,12.0,20.0,8.0,0.0,7.0,4.0,2.0,9.0,0.0,0.0,10.0,0.0,0.0,5.0,25.0,0.0,8.0,0.0,,,,,,,,,,,,,,,,,,,,,,,,,,,,,,,,,,,,,,,,,,,,,,,,,,,,,,,,,,,,,,,,,,,,,,,,,,,,,,,,,,,,,,,,,,,,,,,,,,
217,3.0,4.0,0.0,0.0,0.0,34.0,27.0,0.0,68.0,36.0,1.0,0.0,6.0,52.0,16.0,20.0,9.0,4.0,37.0,23.0,12.0,32.0,51.0,0.0,5.0,19.0,80.0,10.0,14.0,14.0,3.0,0.0,21.0,15.0,0.0,0.0,0.0,5.0,134.0,0.0,0.0,15.0,,,,,,,,,,,,,,,,,,,,,,,,,,,,,,,,,,,,,,,,,,,,,,,,,,,,,,,,,,,,,,,,,,,,,,,,,,,,,,,,,,,,,,,,,,,
218,0.0,44.0,18.0,25.0,22.0,7.0,59.0,31.0,5.0,17.0,15.0,11.0,25.0,11.0,1.0,17.0,2.0,3.0,42.0,12.0,45.0,128.0,0.0,42.0,38.0,31.0,33.0,41.0,0.0,0.0,40.0,21.0,10.0,165.0,29.0,67.0,13.0,0.0,3.0,1.0,5.0,21.0,24.0,0.0,0.0,33.0,18.0,0.0,0.0,0.0,59.0,0.0,21.0,0.0,14.0,14.0,12.0,0.0,0.0,32.0,69.0,0.0,0.0,0.0,0.0,2.0,0.0,0.0,0.0,0.0,0.0,8.0,0.0,0.0,0.0,0.0,,,,,,,,,,,,,,,,,,,,,,,,,,,,,,,,,,,,,,,,,,,,,,,,,,,,,,,,,
219,11.0,9.0,0.0,23.0,0.0,16.0,32.0,28.0,1.0,16.0,16.0,0.0,16.0,0.0,0.0,35.0,96.0,0.0,8.0,0.0,24.0,0.0,0.0,0.0,0.0,29.0,39.0,0.0,36.0,180.0,11.0,7.0,10.0,10.0,0.0,0.0,0.0,0.0,0.0,1.0,18.0,0.0,12.0,,,,,,,,,,,,,,,,,,,,,,,,,,,,,,,,,,,,,,,,,,,,,,,,,,,,,,,,,,,,,,,,,,,,,,,,,,,,,,,,,,,,,,,,,,
220,14.0,7.0,11.0,7.0,0.0,0.0,17.0,67.0,14.0,42.0,10.0,28.0,21.0,37.0,5.0,83.0,21.0,0.0,11.0,132.0,124.0,0.0,26.0,0.0,0.0,62.0,25.0,38.0,1.0,66.0,23.0,35.0,0.0,89.0,0.0,65.0,0.0,83.0,0.0,16.0,4.0,0.0,0.0,0.0,0.0,,,,,,,,,,,,,,,,,,,,,,,,,,,,,,,,,,,,,,,,,,,,,,,,,,,,,,,,,,,,,,,,,,,,,,,,,,,,,,,,,,,,,,,,
221,22.0,6.0,0.0,32.0,15.0,0.0,55.0,49.0,57.0,17.0,31.0,63.0,9.0,0.0,32.0,46.0,0.0,0.0,0.0,22.0,6.0,8.0,0.0,0.0,2.0,30.0,7.0,0.0,0.0,0.0,0.0,0.0,0.0,0.0,,,,,,,,,,,,,,,,,,,,,,,,,,,,,,,,,,,,,,,,,,,,,,,,,,,,,,,,,,,,,,,,,,,,,,,,,,,,,,,,,,,,,,,,,,,,,,,,,,,
222,7.0,32.0,0.0,11.0,12.0,58.0,18.0,17.0,32.0,14.0,58.0,85.0,0.0,17.0,16.0,35.0,57.0,100.0,78.0,55.0,18.0,73.0,235.0,64.0,173.0,218.0,0.0,334.0,0.0,,,,,,,,,,,,,,,,,,,,,,,,,,,,,,,,,,,,,,,,,,,,,,,,,,,,,,,,,,,,,,,,,,,,,,,,,,,,,,,,,,,,,,,,,,,,,,,,,,,,,,,,
223,11.0,38.0,1.0,11.0,12.0,25.0,5.0,34.0,3.0,65.0,1.0,27.0,22.0,46.0,46.0,0.0,12.0,35.0,40.0,38.0,86.0,14.0,38.0,133.0,76.0,0.0,0.0,19.0,127.0,10.0,60.0,39.0,182.0,,,,,,,,,,,,,,,,,,,,,,,,,,,,,,,,,,,,,,,,,,,,,,,,,,,,,,,,,,,,,,,,,,,,,,,,,,,,,,,,,,,,,,,,,,,,,,,,,,,,
224,0.0,11.0,0.0,12.0,13.0,9.0,0.0,9.0,26.0,59.0,0.0,3.0,17.0,0.0,18.0,20.0,9.0,77.0,0.0,17.0,52.0,0.0,194.0,0.0,24.0,152.0,110.0,17.0,1.0,0.0,63.0,280.0,0.0,,,,,,,,,,,,,,,,,,,,,,,,,,,,,,,,,,,,,,,,,,,,,,,,,,,,,,,,,,,,,,,,,,,,,,,,,,,,,,,,,,,,,,,,,,,,,,,,,,,,
225,48.0,11.0,21.0,12.0,7.0,14.0,11.0,30.0,0.0,12.0,28.0,102.0,13.0,62.0,0.0,121.0,120.0,21.0,15.0,0.0,0.0,43.0,72.0,33.0,0.0,63.0,12.0,25.0,12.0,4.0,8.0,8.0,2.0,0.0,1.0,0.0,1.0,0.0,3.0,0.0,0.0,0.0,0.0,0.0,0.0,,,,,,,,,,,,,,,,,,,,,,,,,,,,,,,,,,,,,,,,,,,,,,,,,,,,,,,,,,,,,,,,,,,,,,,,,,,,,,,,,,,,,,,,
226,26.0,2.0,5.0,28.0,12.0,8.0,31.0,0.0,15.0,21.0,3.0,28.0,11.0,5.0,5.0,6.0,40.0,26.0,14.0,0.0,8.0,0.0,25.0,8.0,0.0,62.0,8.0,118.0,8.0,10.0,44.0,0.0,0.0,,,,,,,,,,,,,,,,,,,,,,,,,,,,,,,,,,,,,,,,,,,,,,,,,,,,,,,,,,,,,,,,,,,,,,,,,,,,,,,,,,,,,,,,,,,,,,,,,,,,
227,38.0,0.0,18.0,5.0,4.0,24.0,10.0,0.0,1.0,41.0,44.0,0.0,0.0,0.0,23.0,1.0,0.0,5.0,9.0,0.0,0.0,0.0,8.0,0.0,23.0,0.0,0.0,0.0,0.0,3.0,11.0,16.0,19.0,0.0,26.0,5.0,0.0,0.0,407.0,0.0,0.0,0.0,4.0,0.0,0.0,0.0,0.0,56.0,0.0,35.0,53.0,28.0,128.0,68.0,162.0,76.0,231.0,282.0,215.0,0.0,0.0,0.0,0.0,0.0,0.0,0.0,0.0,0.0,0.0,,,,,,,,,,,,,,,,,,,,,,,,,,,,,,,,,,,,,,,,,,,,,,,,,,,,,,,,,,,,,,,,
228,8.0,16.0,16.0,27.0,22.0,0.0,0.0,0.0,1.0,12.0,16.0,0.0,16.0,9.0,13.0,11.0,2.0,64.0,10.0,152.0,0.0,0.0,0.0,19.0,5.0,11.0,41.0,17.0,0.0,21.0,16.0,21.0,89.0,28.0,52.0,7.0,50.0,30.0,78.0,112.0,405.0,31.0,34.0,0.0,113.0,114.0,0.0,18.0,26.0,0.0,0.0,7.0,5.0,30.0,26.0,0.0,105.0,0.0,13.0,0.0,0.0,9.0,11.0,27.0,0.0,54.0,20.0,39.0,158.0,215.0,0.0,0.0,35.0,0.0,0.0,2.0,0.0,71.0,56.0,237.0,,,,,,,,,,,,,,,,,,,,,,,,,,,,,,,,,,,,,,,,,,,,,,,,,,,,,
229,12.0,20.0,19.0,6.0,17.0,7.0,0.0,9.0,31.0,0.0,47.0,53.0,74.0,151.0,90.0,0.0,18.0,59.0,0.0,21.0,46.0,3.0,0.0,16.0,34.0,0.0,312.0,103.0,255.0,23.0,2.0,0.0,2.0,13.0,5.0,17.0,0.0,0.0,119.0,19.0,1.0,0.0,19.0,0.0,34.0,10.0,14.0,2.0,0.0,9.0,0.0,0.0,0.0,12.0,44.0,0.0,,,,,,,,,,,,,,,,,,,,,,,,,,,,,,,,,,,,,,,,,,,,,,,,,,,,,,,,,,,,,,,,,,,,,,,,,,,,,
230,0.0,0.0,13.0,4.0,21.0,21.0,24.0,1.0,36.0,22.0,10.0,9.0,110.0,4.0,29.0,0.0,30.0,0.0,1.0,98.0,0.0,0.0,0.0,130.0,0.0,31.0,10.0,30.0,0.0,109.0,26.0,46.0,84.0,223.0,23.0,2.0,24.0,0.0,41.0,0.0,0.0,643.0,201.0,0.0,0.0,0.0,0.0,0.0,0.0,,,,,,,,,,,,,,,,,,,,,,,,,,,,,,,,,,,,,,,,,,,,,,,,,,,,,,,,,,,,,,,,,,,,,,,,,,,,,,,,,,,,
231,5.0,12.0,0.0,23.0,60.0,0.0,4.0,9.0,17.0,6.0,15.0,5.0,0.0,166.0,0.0,120.0,100.0,33.0,20.0,16.0,29.0,42.0,33.0,24.0,48.0,109.0,38.0,105.0,1.0,1.0,6.0,19.0,96.0,7.0,6.0,9.0,40.0,375.0,62.0,414.0,83.0,36.0,127.0,59.0,37.0,131.0,156.0,0.0,58.0,0.0,83.0,67.0,36.0,78.0,65.0,389.0,,,,,,,,,,,,,,,,,,,,,,,,,,,,,,,,,,,,,,,,,,,,,,,,,,,,,,,,,,,,,,,,,,,,,,,,,,,,,
232,11.0,21.0,10.0,0.0,4.0,66.0,5.0,0.0,0.0,31.0,9.0,9.0,10.0,16.0,0.0,16.0,19.0,0.0,30.0,26.0,0.0,38.0,12.0,0.0,12.0,0.0,1.0,6.0,0.0,22.0,10.0,3.0,0.0,14.0,4.0,16.0,21.0,0.0,0.0,0.0,0.0,0.0,0.0,,,,,,,,,,,,,,,,,,,,,,,,,,,,,,,,,,,,,,,,,,,,,,,,,,,,,,,,,,,,,,,,,,,,,,,,,,,,,,,,,,,,,,,,,,
233,14.0,13.0,19.0,2.0,30.0,8.0,19.0,0.0,15.0,0.0,19.0,18.0,6.0,0.0,20.0,5.0,50.0,15.0,0.0,25.0,8.0,3.0,3.0,17.0,11.0,12.0,8.0,41.0,148.0,115.0,126.0,0.0,9.0,6.0,10.0,17.0,0.0,3.0,10.0,6.0,0.0,22.0,6.0,0.0,62.0,7.0,126.0,15.0,31.0,182.0,56.0,0.0,1.0,2.0,4.0,0.0,0.0,0.0,0.0,0.0,0.0,3.0,0.0,0.0,0.0,0.0,,,,,,,,,,,,,,,,,,,,,,,,,,,,,,,,,,,,,,,,,,,,,,,,,,,,,,,,,,,,,,,,,,,
234,0.0,2.0,0.0,8.0,19.0,28.0,14.0,5.0,8.0,16.0,36.0,16.0,76.0,0.0,5.0,12.0,8.0,6.0,20.0,4.0,8.0,0.0,7.0,0.0,0.0,0.0,0.0,0.0,0.0,0.0,0.0,,,,,,,,,,,,,,,,,,,,,,,,,,,,,,,,,,,,,,,,,,,,,,,,,,,,,,,,,,,,,,,,,,,,,,,,,,,,,,,,,,,,,,,,,,,,,,,,,,,,,,
235,0.0,6.0,2.0,6.0,18.0,21.0,10.0,0.0,13.0,0.0,21.0,0.0,18.0,8.0,10.0,9.0,0.0,8.0,0.0,37.0,0.0,0.0,13.0,29.0,11.0,0.0,0.0,5.0,18.0,15.0,0.0,0.0,0.0,45.0,23.0,0.0,17.0,0.0,52.0,0.0,1.0,22.0,5.0,8.0,22.0,0.0,0.0,7.0,7.0,0.0,7.0,36.0,0.0,0.0,0.0,12.0,0.0,21.0,0.0,0.0,3.0,4.0,0.0,0.0,0.0,0.0,0.0,0.0,0.0,0.0,,,,,,,,,,,,,,,,,,,,,,,,,,,,,,,,,,,,,,,,,,,,,,,,,,,,,,,,,,,,,,,
236,0.0,17.0,7.0,0.0,1.0,39.0,32.0,7.0,71.0,35.0,49.0,33.0,37.0,0.0,12.0,16.0,84.0,24.0,69.0,0.0,40.0,0.0,29.0,40.0,0.0,62.0,11.0,42.0,195.0,0.0,0.0,13.0,0.0,30.0,0.0,31.0,1.0,78.0,24.0,26.0,49.0,0.0,0.0,8.0,77.0,0.0,0.0,30.0,0.0,147.0,100.0,96.0,234.0,74.0,9.0,87.0,15.0,56.0,14.0,305.0,,,,,,,,,,,,,,,,,,,,,,,,,,,,,,,,,,,,,,,,,,,,,,,,,,,,,,,,,,,,,,,,,,,,,,,,,
237,29.0,9.0,0.0,1.0,22.0,11.0,0.0,2.0,13.0,54.0,12.0,19.0,21.0,35.0,67.0,0.0,15.0,3.0,3.0,4.0,28.0,0.0,0.0,0.0,11.0,4.0,11.0,0.0,11.0,0.0,0.0,5.0,0.0,0.0,0.0,0.0,0.0,9.0,0.0,0.0,0.0,0.0,0.0,0.0,0.0,0.0,0.0,,,,,,,,,,,,,,,,,,,,,,,,,,,,,,,,,,,,,,,,,,,,,,,,,,,,,,,,,,,,,,,,,,,,,,,,,,,,,,,,,,,,,,
238,5.0,0.0,2.0,15.0,4.0,5.0,0.0,10.0,20.0,32.0,33.0,0.0,9.0,144.0,44.0,164.0,13.0,0.0,33.0,0.0,92.0,48.0,113.0,157.0,0.0,0.0,13.0,33.0,49.0,0.0,13.0,0.0,3.0,4.0,36.0,20.0,113.0,69.0,0.0,0.0,0.0,54.0,25.0,7.0,182.0,0.0,3.0,0.0,0.0,0.0,,,,,,,,,,,,,,,,,,,,,,,,,,,,,,,,,,,,,,,,,,,,,,,,,,,,,,,,,,,,,,,,,,,,,,,,,,,,,,,,,,,
239,35.0,22.0,7.0,12.0,16.0,23.0,6.0,31.0,16.0,3.0,52.0,18.0,21.0,47.0,16.0,20.0,0.0,26.0,1.0,0.0,6.0,0.0,12.0,0.0,33.0,0.0,54.0,40.0,110.0,0.0,29.0,96.0,13.0,0.0,1.0,8.0,42.0,46.0,0.0,141.0,0.0,18.0,18.0,186.0,0.0,0.0,0.0,0.0,45.0,76.0,16.0,0.0,426.0,16.0,0.0,20.0,0.0,8.0,,,,,,,,,,,,,,,,,,,,,,,,,,,,,,,,,,,,,,,,,,,,,,,,,,,,,,,,,,,,,,,,,,,,,,,,,,,
240,7.0,38.0,0.0,11.0,20.0,0.0,43.0,0.0,8.0,30.0,0.0,2.0,0.0,12.0,74.0,0.0,62.0,79.0,16.0,8.0,40.0,49.0,8.0,0.0,10.0,31.0,0.0,0.0,23.0,189.0,15.0,0.0,40.0,39.0,0.0,14.0,0.0,52.0,28.0,25.0,14.0,8.0,0.0,6.0,26.0,34.0,11.0,0.0,60.0,10.0,20.0,20.0,41.0,0.0,1.0,0.0,0.0,0.0,0.0,0.0,0.0,88.0,0.0,0.0,,,,,,,,,,,,,,,,,,,,,,,,,,,,,,,,,,,,,,,,,,,,,,,,,,,,,,,,,,,,,,,,,,,,,
241,6.0,23.0,0.0,10.0,29.0,0.0,16.0,0.0,85.0,23.0,24.0,16.0,77.0,42.0,42.0,21.0,11.0,61.0,0.0,21.0,0.0,0.0,0.0,19.0,60.0,1.0,0.0,41.0,0.0,11.0,6.0,0.0,6.0,3.0,4.0,16.0,36.0,3.0,4.0,0.0,7.0,0.0,0.0,0.0,0.0,9.0,0.0,0.0,3.0,17.0,0.0,0.0,12.0,0.0,0.0,0.0,0.0,0.0,0.0,0.0,0.0,16.0,0.0,0.0,0.0,0.0,0.0,27.0,0.0,0.0,,,,,,,,,,,,,,,,,,,,,,,,,,,,,,,,,,,,,,,,,,,,,,,,,,,,,,,,,,,,,,,
242,8.0,0.0,23.0,17.0,27.0,1.0,13.0,35.0,44.0,7.0,10.0,11.0,8.0,3.0,11.0,17.0,77.0,0.0,0.0,0.0,7.0,29.0,4.0,72.0,48.0,0.0,4.0,23.0,0.0,0.0,17.0,0.0,140.0,0.0,0.0,0.0,22.0,,,,,,,,,,,,,,,,,,,,,,,,,,,,,,,,,,,,,,,,,,,,,,,,,,,,,,,,,,,,,,,,,,,,,,,,,,,,,,,,,,,,,,,,,,,,,,,,
243,21.0,0.0,5.0,0.0,9.0,46.0,14.0,27.0,20.0,98.0,7.0,15.0,6.0,14.0,128.0,0.0,0.0,0.0,0.0,0.0,21.0,4.0,41.0,24.0,0.0,3.0,0.0,0.0,15.0,0.0,13.0,41.0,13.0,0.0,16.0,16.0,117.0,0.0,19.0,15.0,0.0,159.0,22.0,171.0,152.0,48.0,0.0,0.0,0.0,0.0,0.0,0.0,9.0,29.0,167.0,43.0,0.0,0.0,15.0,0.0,0.0,3.0,27.0,,,,,,,,,,,,,,,,,,,,,,,,,,,,,,,,,,,,,,,,,,,,,,,,,,,,,,,,,,,,,,,,,,,,,,
244,23.0,0.0,0.0,0.0,50.0,10.0,1.0,6.0,0.0,0.0,25.0,7.0,19.0,60.0,0.0,21.0,2.0,0.0,9.0,64.0,101.0,41.0,0.0,0.0,18.0,80.0,134.0,193.0,51.0,0.0,4.0,15.0,55.0,4.0,89.0,0.0,42.0,0.0,17.0,30.0,41.0,12.0,100.0,4.0,29.0,0.0,67.0,0.0,86.0,0.0,1.0,110.0,43.0,,,,,,,,,,,,,,,,,,,,,,,,,,,,,,,,,,,,,,,,,,,,,,,,,,,,,,,,,,,,,,,,,,,,,,,,,,,,,,,,
245,18.0,17.0,2.0,0.0,22.0,5.0,14.0,9.0,0.0,0.0,11.0,13.0,16.0,12.0,22.0,21.0,0.0,13.0,24.0,46.0,71.0,0.0,22.0,265.0,191.0,27.0,875.0,0.0,511.0,11.0,135.0,0.0,64.0,0.0,80.0,0.0,0.0,0.0,26.0,0.0,0.0,3.0,0.0,0.0,0.0,,,,,,,,,,,,,,,,,,,,,,,,,,,,,,,,,,,,,,,,,,,,,,,,,,,,,,,,,,,,,,,,,,,,,,,,,,,,,,,,,,,,,,,,
246,29.0,21.0,27.0,17.0,14.0,3.0,13.0,8.0,2.0,0.0,0.0,4.0,0.0,9.0,33.0,3.0,12.0,3.0,24.0,0.0,0.0,0.0,41.0,48.0,37.0,46.0,0.0,0.0,0.0,8.0,24.0,9.0,238.0,51.0,0.0,289.0,179.0,31.0,19.0,37.0,36.0,497.0,9.0,0.0,0.0,15.0,0.0,3.0,6.0,0.0,3.0,11.0,64.0,,,,,,,,,,,,,,,,,,,,,,,,,,,,,,,,,,,,,,,,,,,,,,,,,,,,,,,,,,,,,,,,,,,,,,,,,,,,,,,,
247,2.0,26.0,13.0,20.0,1.0,20.0,66.0,20.0,0.0,18.0,9.0,0.0,17.0,23.0,37.0,0.0,0.0,0.0,3.0,0.0,0.0,0.0,0.0,0.0,0.0,0.0,0.0,0.0,0.0,0.0,0.0,0.0,,,,,,,,,,,,,,,,,,,,,,,,,,,,,,,,,,,,,,,,,,,,,,,,,,,,,,,,,,,,,,,,,,,,,,,,,,,,,,,,,,,,,,,,,,,,,,,,,,,,,
248,0.0,0.0,0.0,0.0,4.0,0.0,0.0,0.0,0.0,0.0,0.0,0.0,0.0,0.0,2.0,0.0,0.0,0.0,0.0,6.0,0.0,0.0,0.0,2.0,14.0,,,,,,,,,,,,,,,,,,,,,,,,,,,,,,,,,,,,,,,,,,,,,,,,,,,,,,,,,,,,,,,,,,,,,,,,,,,,,,,,,,,,,,,,,,,,,,,,,,,,,,,,,,,,
