,0,1,2,3,4,5,6,7,8,9,10,11,12,13,14,15,16,17,18,19,20,21,22,23,24,25,26,27,28,29,30,31,32,33,34,35,36,37,38,39,40,41,42,43,44,45,46,47,48,49,50,51,52,53,54,55,56,57,58,59,60,61,62,63,64,65,66,67,68,69,70,71,72,73,74,75,76,77,78,79,80,81,82,83,84,85,86,87,88,89,90,91,92,93,94,95,96,97,98,99,100,101
0,,,,,,,,,,,,,,,,,,,,,,,,,,,,,,,,,,,,,,,,,,,,,,,,,,,,,,,,,,,,,,,,,,,,,,,,,,,,,,,,,,,,,,,,,,,,,,,,,,,,,,
1,0.0,0.0,18.0,0.0,0.0,0.0,0.0,0.0,0.0,0.0,0.0,0.0,0.0,0.0,0.0,0.0,0.0,0.0,0.0,0.0,0.0,0.0,5.0,0.0,0.0,0.0,0.0,0.0,0.0,0.0,0.0,0.0,0.0,2.0,0.0,0.0,0.0,0.0,0.0,0.0,0.0,0.0,10.0,0.0,0.0,,,,,,,,,,,,,,,,,,,,,,,,,,,,,,,,,,,,,,,,,,,,,,,,,,,,,,,,,
2,16.0,14.0,5.0,0.0,31.0,27.0,11.0,12.0,14.0,16.0,34.0,39.0,4.0,38.0,41.0,24.0,52.0,20.0,19.0,10.0,13.0,21.0,4.0,41.0,0.0,25.0,0.0,0.0,0.0,83.0,0.0,132.0,83.0,84.0,0.0,0.0,37.0,16.0,0.0,46.0,0.0,11.0,0.0,110.0,0.0,36.0,0.0,0.0,0.0,215.0,271.0,0.0,0.0,0.0,,,,,,,,,,,,,,,,,,,,,,,,,,,,,,,,,,,,,,,,,,,,,,,,
3,54.0,16.0,18.0,11.0,0.0,4.0,9.0,27.0,48.0,18.0,0.0,6.0,12.0,55.0,0.0,0.0,10.0,0.0,0.0,166.0,82.0,37.0,170.0,22.0,0.0,12.0,45.0,20.0,50.0,0.0,0.0,120.0,1.0,13.0,7.0,4.0,0.0,19.0,35.0,0.0,1.0,0.0,0.0,0.0,13.0,0.0,0.0,19.0,54.0,0.0,0.0,0.0,0.0,0.0,,,,,,,,,,,,,,,,,,,,,,,,,,,,,,,,,,,,,,,,,,,,,,,,
4,16.0,9.0,25.0,17.0,4.0,1.0,3.0,4.0,5.0,0.0,30.0,6.0,22.0,4.0,48.0,19.0,10.0,77.0,14.0,3.0,25.0,21.0,0.0,18.0,74.0,55.0,0.0,0.0,0.0,0.0,103.0,22.0,237.0,0.0,0.0,0.0,0.0,0.0,,,,,,,,,,,,,,,,,,,,,,,,,,,,,,,,,,,,,,,,,,,,,,,,,,,,,,,,,,,,,,,,
5,34.0,0.0,25.0,4.0,23.0,12.0,29.0,0.0,39.0,44.0,21.0,0.0,106.0,62.0,71.0,109.0,0.0,0.0,138.0,504.0,0.0,0.0,125.0,0.0,0.0,,,,,,,,,,,,,,,,,,,,,,,,,,,,,,,,,,,,,,,,,,,,,,,,,,,,,,,,,,,,,,,,,,,,,,,,,,,,,
6,29.0,4.0,19.0,34.0,1.0,16.0,9.0,29.0,9.0,24.0,21.0,35.0,0.0,43.0,5.0,104.0,55.0,9.0,16.0,10.0,0.0,15.0,8.0,30.0,0.0,0.0,12.0,44.0,0.0,15.0,8.0,59.0,150.0,0.0,0.0,26.0,213.0,,,,,,,,,,,,,,,,,,,,,,,,,,,,,,,,,,,,,,,,,,,,,,,,,,,,,,,,,,,,,,,,,
7,45.0,6.0,39.0,27.0,6.0,11.0,56.0,17.0,96.0,9.0,20.0,140.0,32.0,0.0,20.0,39.0,24.0,0.0,20.0,16.0,49.0,50.0,119.0,46.0,77.0,0.0,33.0,35.0,0.0,58.0,394.0,46.0,0.0,137.0,0.0,0.0,0.0,0.0,0.0,,,,,,,,,,,,,,,,,,,,,,,,,,,,,,,,,,,,,,,,,,,,,,,,,,,,,,,,,,,,,,,
8,8.0,6.0,22.0,25.0,9.0,67.0,24.0,0.0,37.0,14.0,22.0,5.0,14.0,9.0,5.0,7.0,23.0,35.0,27.0,6.0,6.0,32.0,15.0,2.0,0.0,22.0,0.0,0.0,29.0,0.0,62.0,6.0,28.0,0.0,0.0,53.0,112.0,36.0,4.0,31.0,0.0,0.0,0.0,6.0,14.0,0.0,3.0,0.0,0.0,0.0,0.0,0.0,0.0,0.0,0.0,0.0,0.0,0.0,0.0,0.0,0.0,0.0,0.0,0.0,,,,,,,,,,,,,,,,,,,,,,,,,,,,,,,,,,,,,,
9,17.0,11.0,2.0,19.0,3.0,26.0,0.0,8.0,0.0,5.0,15.0,15.0,17.0,0.0,0.0,0.0,25.0,0.0,0.0,0.0,0.0,8.0,0.0,125.0,0.0,8.0,9.0,26.0,32.0,0.0,40.0,13.0,2.0,55.0,0.0,0.0,,,,,,,,,,,,,,,,,,,,,,,,,,,,,,,,,,,,,,,,,,,,,,,,,,,,,,,,,,,,,,,,,,
10,0.0,17.0,21.0,8.0,5.0,21.0,0.0,0.0,15.0,153.0,96.0,47.0,15.0,0.0,20.0,18.0,15.0,9.0,42.0,31.0,8.0,3.0,9.0,7.0,8.0,34.0,2.0,17.0,42.0,121.0,19.0,19.0,67.0,34.0,13.0,0.0,27.0,19.0,18.0,0.0,54.0,0.0,15.0,14.0,0.0,1.0,11.0,0.0,0.0,0.0,10.0,0.0,25.0,0.0,22.0,0.0,0.0,0.0,0.0,0.0,0.0,0.0,0.0,0.0,0.0,0.0,0.0,55.0,48.0,35.0,101.0,123.0,0.0,0.0,186.0,72.0,0.0,0.0,0.0,0.0,0.0,0.0,0.0,0.0,0.0,,,,,,,,,,,,,,,,,
11,16.0,1.0,8.0,37.0,33.0,16.0,0.0,59.0,0.0,15.0,7.0,17.0,30.0,0.0,9.0,8.0,15.0,24.0,47.0,9.0,0.0,96.0,22.0,106.0,0.0,36.0,34.0,0.0,32.0,0.0,75.0,0.0,0.0,0.0,,,,,,,,,,,,,,,,,,,,,,,,,,,,,,,,,,,,,,,,,,,,,,,,,,,,,,,,,,,,,,,,,,,,
12,23.0,5.0,7.0,23.0,27.0,48.0,0.0,5.0,0.0,60.0,14.0,5.0,13.0,0.0,0.0,0.0,0.0,22.0,0.0,22.0,0.0,3.0,147.0,6.0,198.0,0.0,0.0,,,,,,,,,,,,,,,,,,,,,,,,,,,,,,,,,,,,,,,,,,,,,,,,,,,,,,,,,,,,,,,,,,,,,,,,,,,
13,39.0,8.0,19.0,9.0,19.0,12.0,7.0,0.0,21.0,34.0,34.0,73.0,24.0,194.0,6.0,76.0,32.0,7.0,37.0,21.0,174.0,29.0,108.0,0.0,0.0,0.0,0.0,3.0,33.0,8.0,32.0,4.0,160.0,36.0,19.0,17.0,7.0,25.0,0.0,20.0,5.0,8.0,22.0,5.0,0.0,0.0,,,,,,,,,,,,,,,,,,,,,,,,,,,,,,,,,,,,,,,,,,,,,,,,,,,,,,,,
14,20.0,20.0,14.0,14.0,26.0,10.0,19.0,2.0,15.0,13.0,5.0,5.0,3.0,0.0,14.0,9.0,22.0,11.0,14.0,20.0,0.0,2.0,24.0,14.0,7.0,0.0,19.0,24.0,0.0,0.0,0.0,0.0,0.0,49.0,63.0,1.0,6.0,94.0,0.0,,,,,,,,,,,,,,,,,,,,,,,,,,,,,,,,,,,,,,,,,,,,,,,,,,,,,,,,,,,,,,,
15,10.0,9.0,36.0,15.0,0.0,21.0,20.0,20.0,23.0,0.0,1.0,18.0,8.0,3.0,0.0,44.0,88.0,38.0,67.0,18.0,22.0,0.0,17.0,0.0,58.0,27.0,24.0,18.0,1.0,,,,,,,,,,,,,,,,,,,,,,,,,,,,,,,,,,,,,,,,,,,,,,,,,,,,,,,,,,,,,,,,,,,,,,,,,
16,26.0,12.0,34.0,33.0,21.0,67.0,0.0,39.0,4.0,54.0,1.0,63.0,31.0,60.0,17.0,0.0,31.0,49.0,11.0,19.0,9.0,5.0,0.0,18.0,1.0,6.0,20.0,18.0,0.0,39.0,32.0,0.0,0.0,48.0,65.0,0.0,20.0,,,,,,,,,,,,,,,,,,,,,,,,,,,,,,,,,,,,,,,,,,,,,,,,,,,,,,,,,,,,,,,,,
17,31.0,0.0,54.0,10.0,54.0,36.0,35.0,49.0,8.0,36.0,62.0,7.0,18.0,44.0,167.0,124.0,32.0,78.0,47.0,147.0,28.0,135.0,28.0,123.0,170.0,1.0,226.0,0.0,21.0,0.0,,,,,,,,,,,,,,,,,,,,,,,,,,,,,,,,,,,,,,,,,,,,,,,,,,,,,,,,,,,,,,,,,,,,,,,,
18,,,,,,,,,,,,,,,,,,,,,,,,,,,,,,,,,,,,,,,,,,,,,,,,,,,,,,,,,,,,,,,,,,,,,,,,,,,,,,,,,,,,,,,,,,,,,,,,,,,,,,
19,28.0,22.0,7.0,0.0,29.0,16.0,13.0,15.0,9.0,64.0,21.0,12.0,37.0,26.0,10.0,0.0,0.0,17.0,0.0,55.0,26.0,10.0,16.0,0.0,62.0,33.0,42.0,157.0,0.0,25.0,27.0,5.0,220.0,19.0,65.0,0.0,0.0,470.0,0.0,0.0,0.0,0.0,0.0,,,,,,,,,,,,,,,,,,,,,,,,,,,,,,,,,,,,,,,,,,,,,,,,,,,,,,,,,,,
20,5.0,23.0,15.0,6.0,18.0,10.0,18.0,0.0,33.0,3.0,40.0,22.0,0.0,0.0,0.0,17.0,0.0,0.0,45.0,22.0,0.0,17.0,0.0,0.0,0.0,0.0,0.0,0.0,,,,,,,,,,,,,,,,,,,,,,,,,,,,,,,,,,,,,,,,,,,,,,,,,,,,,,,,,,,,,,,,,,,,,,,,,,
21,22.0,14.0,19.0,16.0,24.0,15.0,0.0,0.0,41.0,0.0,24.0,10.0,0.0,41.0,37.0,12.0,49.0,0.0,8.0,35.0,0.0,38.0,20.0,5.0,23.0,18.0,47.0,46.0,23.0,21.0,34.0,0.0,6.0,5.0,14.0,14.0,17.0,77.0,80.0,29.0,128.0,81.0,86.0,22.0,60.0,72.0,0.0,0.0,0.0,110.0,0.0,0.0,0.0,0.0,7.0,0.0,0.0,27.0,16.0,0.0,0.0,0.0,0.0,0.0,0.0,0.0,,,,,,,,,,,,,,,,,,,,,,,,,,,,,,,,,,,,
22,21.0,11.0,0.0,0.0,6.0,8.0,6.0,16.0,0.0,4.0,83.0,19.0,7.0,6.0,43.0,0.0,0.0,30.0,11.0,0.0,49.0,,,,,,,,,,,,,,,,,,,,,,,,,,,,,,,,,,,,,,,,,,,,,,,,,,,,,,,,,,,,,,,,,,,,,,,,,,,,,,,,,
23,37.0,2.0,14.0,0.0,7.0,18.0,47.0,5.0,6.0,70.0,27.0,34.0,0.0,9.0,33.0,43.0,14.0,0.0,0.0,61.0,0.0,10.0,41.0,0.0,50.0,0.0,39.0,25.0,0.0,0.0,0.0,0.0,0.0,,,,,,,,,,,,,,,,,,,,,,,,,,,,,,,,,,,,,,,,,,,,,,,,,,,,,,,,,,,,,,,,,,,,,
24,5.0,18.0,3.0,20.0,0.0,25.0,53.0,16.0,63.0,5.0,7.0,0.0,35.0,41.0,28.0,0.0,0.0,9.0,24.0,2.0,18.0,17.0,6.0,8.0,0.0,0.0,8.0,4.0,30.0,0.0,0.0,32.0,3.0,27.0,44.0,0.0,60.0,96.0,0.0,43.0,33.0,63.0,56.0,41.0,30.0,201.0,51.0,85.0,31.0,35.0,0.0,19.0,31.0,62.0,0.0,0.0,133.0,0.0,0.0,0.0,251.0,27.0,70.0,13.0,0.0,0.0,0.0,0.0,522.0,0.0,0.0,0.0,0.0,0.0,10.0,38.0,0.0,48.0,0.0,0.0,0.0,0.0,,,,,,,,,,,,,,,,,,,,
25,30.0,2.0,6.0,0.0,39.0,17.0,40.0,0.0,48.0,2.0,30.0,0.0,21.0,43.0,21.0,23.0,56.0,0.0,34.0,0.0,6.0,0.0,1.0,0.0,89.0,8.0,,,,,,,,,,,,,,,,,,,,,,,,,,,,,,,,,,,,,,,,,,,,,,,,,,,,,,,,,,,,,,,,,,,,,,,,,,,,
26,18.0,32.0,17.0,29.0,0.0,12.0,0.0,6.0,6.0,5.0,75.0,5.0,48.0,38.0,30.0,49.0,20.0,36.0,40.0,133.0,24.0,35.0,0.0,8.0,42.0,17.0,41.0,0.0,0.0,0.0,0.0,41.0,26.0,16.0,3.0,47.0,0.0,0.0,0.0,0.0,10.0,0.0,,,,,,,,,,,,,,,,,,,,,,,,,,,,,,,,,,,,,,,,,,,,,,,,,,,,,,,,,,,,
27,21.0,18.0,18.0,27.0,7.0,41.0,0.0,65.0,23.0,40.0,4.0,18.0,12.0,3.0,20.0,10.0,14.0,21.0,12.0,0.0,38.0,59.0,2.0,82.0,63.0,0.0,29.0,5.0,21.0,86.0,27.0,54.0,33.0,313.0,15.0,15.0,1.0,13.0,18.0,0.0,3.0,0.0,16.0,0.0,95.0,63.0,122.0,0.0,0.0,0.0,279.0,31.0,0.0,0.0,0.0,0.0,0.0,0.0,0.0,0.0,0.0,0.0,0.0,0.0,0.0,0.0,0.0,0.0,0.0,0.0,0.0,,,,,,,,,,,,,,,,,,,,,,,,,,,,,,,
28,49.0,12.0,0.0,41.0,9.0,12.0,19.0,0.0,50.0,37.0,8.0,20.0,0.0,35.0,70.0,108.0,54.0,15.0,0.0,20.0,24.0,0.0,29.0,22.0,14.0,0.0,0.0,61.0,26.0,56.0,144.0,49.0,99.0,12.0,412.0,78.0,182.0,27.0,0.0,20.0,49.0,28.0,0.0,62.0,279.0,111.0,0.0,79.0,0.0,,,,,,,,,,,,,,,,,,,,,,,,,,,,,,,,,,,,,,,,,,,,,,,,,,,,,
29,5.0,43.0,6.0,8.0,7.0,4.0,5.0,0.0,2.0,18.0,21.0,21.0,15.0,128.0,63.0,23.0,14.0,7.0,9.0,0.0,20.0,,,,,,,,,,,,,,,,,,,,,,,,,,,,,,,,,,,,,,,,,,,,,,,,,,,,,,,,,,,,,,,,,,,,,,,,,,,,,,,,,
30,21.0,0.0,37.0,12.0,0.0,6.0,0.0,8.0,0.0,11.0,23.0,0.0,13.0,13.0,0.0,0.0,0.0,17.0,27.0,107.0,0.0,2.0,0.0,14.0,15.0,12.0,2.0,14.0,0.0,0.0,4.0,11.0,0.0,5.0,,,,,,,,,,,,,,,,,,,,,,,,,,,,,,,,,,,,,,,,,,,,,,,,,,,,,,,,,,,,,,,,,,,,
31,0.0,8.0,2.0,36.0,58.0,23.0,10.0,20.0,39.0,13.0,25.0,66.0,33.0,11.0,61.0,0.0,25.0,36.0,14.0,45.0,0.0,9.0,11.0,63.0,25.0,13.0,10.0,31.0,4.0,2.0,64.0,4.0,0.0,119.0,16.0,26.0,15.0,30.0,6.0,11.0,1.0,0.0,18.0,10.0,0.0,15.0,16.0,0.0,14.0,0.0,55.0,0.0,0.0,146.0,0.0,51.0,0.0,0.0,0.0,0.0,0.0,0.0,0.0,0.0,,,,,,,,,,,,,,,,,,,,,,,,,,,,,,,,,,,,,,
32,29.0,0.0,15.0,44.0,6.0,16.0,6.0,35.0,43.0,1.0,6.0,10.0,7.0,10.0,38.0,10.0,0.0,3.0,27.0,0.0,0.0,13.0,0.0,0.0,38.0,9.0,2.0,18.0,21.0,0.0,42.0,5.0,4.0,34.0,12.0,0.0,0.0,0.0,0.0,13.0,0.0,5.0,0.0,0.0,0.0,0.0,0.0,0.0,0.0,0.0,0.0,0.0,0.0,1.0,10.0,6.0,8.0,9.0,4.0,0.0,0.0,5.0,11.0,0.0,0.0,11.0,0.0,0.0,6.0,5.0,0.0,0.0,16.0,0.0,0.0,0.0,0.0,0.0,0.0,0.0,0.0,0.0,0.0,0.0,0.0,0.0,0.0,0.0,0.0,0.0,0.0,0.0,0.0,0.0,0.0,0.0,0.0,0.0,0.0,0.0,0.0,0.0
33,34.0,8.0,5.0,28.0,9.0,2.0,14.0,10.0,43.0,21.0,12.0,0.0,10.0,0.0,83.0,15.0,18.0,52.0,9.0,0.0,37.0,5.0,67.0,16.0,53.0,38.0,0.0,11.0,0.0,24.0,40.0,20.0,0.0,0.0,14.0,0.0,22.0,0.0,0.0,5.0,0.0,41.0,0.0,0.0,0.0,0.0,102.0,18.0,101.0,0.0,93.0,0.0,0.0,24.0,0.0,15.0,0.0,0.0,0.0,0.0,0.0,,,,,,,,,,,,,,,,,,,,,,,,,,,,,,,,,,,,,,,,,
34,11.0,39.0,10.0,17.0,8.0,12.0,11.0,7.0,0.0,0.0,22.0,0.0,14.0,65.0,47.0,0.0,12.0,0.0,21.0,0.0,6.0,35.0,4.0,43.0,26.0,0.0,0.0,0.0,19.0,43.0,2.0,0.0,0.0,10.0,0.0,0.0,0.0,0.0,29.0,0.0,0.0,0.0,1.0,0.0,0.0,0.0,49.0,0.0,0.0,12.0,0.0,0.0,17.0,11.0,0.0,11.0,0.0,0.0,12.0,8.0,15.0,20.0,0.0,3.0,0.0,0.0,0.0,0.0,0.0,0.0,0.0,0.0,0.0,0.0,0.0,0.0,,,,,,,,,,,,,,,,,,,,,,,,,,
35,7.0,6.0,16.0,7.0,0.0,6.0,0.0,22.0,3.0,32.0,11.0,0.0,15.0,0.0,26.0,5.0,0.0,5.0,39.0,12.0,0.0,0.0,20.0,1.0,,,,,,,,,,,,,,,,,,,,,,,,,,,,,,,,,,,,,,,,,,,,,,,,,,,,,,,,,,,,,,,,,,,,,,,,,,,,,,
36,0.0,0.0,7.0,18.0,12.0,86.0,26.0,0.0,0.0,40.0,26.0,15.0,11.0,0.0,0.0,0.0,123.0,68.0,24.0,18.0,120.0,24.0,116.0,68.0,0.0,27.0,27.0,0.0,51.0,32.0,35.0,0.0,91.0,44.0,44.0,0.0,25.0,67.0,9.0,9.0,0.0,28.0,3.0,50.0,23.0,50.0,7.0,3.0,42.0,131.0,143.0,152.0,75.0,175.0,46.0,85.0,64.0,150.0,53.0,0.0,87.0,0.0,0.0,0.0,0.0,0.0,0.0,0.0,0.0,,,,,,,,,,,,,,,,,,,,,,,,,,,,,,,,,
37,12.0,50.0,11.0,4.0,4.0,7.0,6.0,4.0,35.0,0.0,12.0,2.0,0.0,81.0,48.0,11.0,0.0,14.0,16.0,22.0,12.0,43.0,27.0,10.0,24.0,39.0,0.0,2.0,25.0,11.0,2.0,117.0,7.0,51.0,42.0,0.0,38.0,17.0,198.0,8.0,507.0,15.0,74.0,109.0,12.0,120.0,21.0,7.0,,,,,,,,,,,,,,,,,,,,,,,,,,,,,,,,,,,,,,,,,,,,,,,,,,,,,,
38,0.0,0.0,23.0,11.0,8.0,16.0,10.0,0.0,93.0,0.0,0.0,26.0,18.0,0.0,233.0,0.0,40.0,0.0,15.0,0.0,0.0,10.0,0.0,6.0,8.0,,,,,,,,,,,,,,,,,,,,,,,,,,,,,,,,,,,,,,,,,,,,,,,,,,,,,,,,,,,,,,,,,,,,,,,,,,,,,
39,1.0,28.0,12.0,21.0,8.0,17.0,13.0,8.0,55.0,0.0,0.0,0.0,0.0,34.0,70.0,26.0,30.0,95.0,60.0,0.0,2.0,4.0,0.0,22.0,23.0,7.0,15.0,16.0,0.0,0.0,17.0,5.0,0.0,0.0,12.0,64.0,65.0,8.0,72.0,7.0,0.0,0.0,0.0,0.0,0.0,,,,,,,,,,,,,,,,,,,,,,,,,,,,,,,,,,,,,,,,,,,,,,,,,,,,,,,,,
40,6.0,21.0,25.0,22.0,18.0,11.0,39.0,26.0,40.0,17.0,19.0,29.0,29.0,2.0,25.0,34.0,40.0,55.0,34.0,7.0,0.0,0.0,29.0,34.0,11.0,11.0,32.0,20.0,70.0,9.0,32.0,83.0,20.0,80.0,51.0,29.0,92.0,0.0,5.0,3.0,95.0,31.0,0.0,32.0,18.0,0.0,0.0,0.0,0.0,43.0,2.0,0.0,0.0,0.0,30.0,118.0,13.0,90.0,0.0,0.0,435.0,0.0,0.0,0.0,,,,,,,,,,,,,,,,,,,,,,,,,,,,,,,,,,,,,,
41,17.0,9.0,0.0,14.0,0.0,0.0,6.0,0.0,0.0,28.0,30.0,31.0,73.0,14.0,0.0,2.0,0.0,0.0,0.0,11.0,3.0,0.0,,,,,,,,,,,,,,,,,,,,,,,,,,,,,,,,,,,,,,,,,,,,,,,,,,,,,,,,,,,,,,,,,,,,,,,,,,,,,,,,
42,15.0,19.0,18.0,5.0,5.0,3.0,56.0,16.0,8.0,12.0,17.0,13.0,0.0,22.0,38.0,16.0,23.0,0.0,15.0,6.0,11.0,4.0,9.0,13.0,26.0,45.0,7.0,13.0,25.0,29.0,0.0,39.0,36.0,17.0,2.0,0.0,,,,,,,,,,,,,,,,,,,,,,,,,,,,,,,,,,,,,,,,,,,,,,,,,,,,,,,,,,,,,,,,,,
43,21.0,38.0,3.0,12.0,23.0,14.0,27.0,16.0,13.0,13.0,18.0,0.0,24.0,25.0,25.0,15.0,41.0,11.0,0.0,0.0,0.0,174.0,33.0,2.0,0.0,29.0,0.0,,,,,,,,,,,,,,,,,,,,,,,,,,,,,,,,,,,,,,,,,,,,,,,,,,,,,,,,,,,,,,,,,,,,,,,,,,,
44,10.0,19.0,17.0,3.0,23.0,2.0,4.0,3.0,17.0,37.0,20.0,0.0,24.0,0.0,8.0,0.0,16.0,22.0,22.0,43.0,22.0,58.0,15.0,0.0,38.0,18.0,0.0,0.0,161.0,30.0,65.0,17.0,34.0,16.0,52.0,2.0,18.0,45.0,136.0,76.0,17.0,16.0,57.0,102.0,0.0,0.0,3.0,21.0,0.0,34.0,8.0,0.0,72.0,12.0,118.0,14.0,83.0,3.0,5.0,0.0,5.0,0.0,0.0,0.0,0.0,0.0,115.0,0.0,0.0,0.0,0.0,0.0,0.0,0.0,0.0,0.0,0.0,0.0,,,,,,,,,,,,,,,,,,,,,,,,
45,24.0,50.0,,,,,,,,,,,,,,,,,,,,,,,,,,,,,,,,,,,,,,,,,,,,,,,,,,,,,,,,,,,,,,,,,,,,,,,,,,,,,,,,,,,,,,,,,,,,,,,,,,,,
46,53.0,2.0,25.0,20.0,27.0,25.0,27.0,20.0,38.0,36.0,13.0,0.0,49.0,0.0,0.0,0.0,0.0,100.0,0.0,0.0,0.0,0.0,0.0,0.0,0.0,0.0,0.0,0.0,0.0,0.0,0.0,,,,,,,,,,,,,,,,,,,,,,,,,,,,,,,,,,,,,,,,,,,,,,,,,,,,,,,,,,,,,,,,,,,,,,,
47,17.0,42.0,11.0,13.0,7.0,5.0,4.0,0.0,13.0,10.0,10.0,15.0,8.0,13.0,42.0,7.0,0.0,53.0,45.0,0.0,0.0,0.0,0.0,0.0,0.0,,,,,,,,,,,,,,,,,,,,,,,,,,,,,,,,,,,,,,,,,,,,,,,,,,,,,,,,,,,,,,,,,,,,,,,,,,,,,
48,1.0,1.0,10.0,0.0,18.0,12.0,0.0,16.0,24.0,19.0,12.0,11.0,4.0,10.0,33.0,2.0,1.0,26.0,37.0,0.0,10.0,9.0,67.0,26.0,13.0,13.0,23.0,20.0,16.0,19.0,12.0,0.0,0.0,0.0,0.0,0.0,0.0,13.0,16.0,,,,,,,,,,,,,,,,,,,,,,,,,,,,,,,,,,,,,,,,,,,,,,,,,,,,,,,,,,,,,,,
49,24.0,5.0,16.0,43.0,0.0,4.0,51.0,67.0,24.0,10.0,74.0,2.0,45.0,51.0,0.0,17.0,5.0,19.0,21.0,28.0,26.0,9.0,25.0,20.0,0.0,20.0,0.0,0.0,38.0,57.0,37.0,5.0,378.0,406.0,0.0,272.0,18.0,20.0,148.0,145.0,21.0,0.0,28.0,29.0,114.0,0.0,23.0,0.0,3.0,0.0,1.0,7.0,0.0,8.0,11.0,0.0,,,,,,,,,,,,,,,,,,,,,,,,,,,,,,,,,,,,,,,,,,,,,,
50,21.0,7.0,10.0,44.0,22.0,18.0,42.0,2.0,18.0,22.0,7.0,18.0,17.0,35.0,39.0,12.0,45.0,25.0,5.0,18.0,0.0,76.0,20.0,0.0,35.0,82.0,0.0,72.0,67.0,7.0,0.0,284.0,0.0,0.0,0.0,0.0,0.0,22.0,170.0,,,,,,,,,,,,,,,,,,,,,,,,,,,,,,,,,,,,,,,,,,,,,,,,,,,,,,,,,,,,,,,
51,62.0,11.0,12.0,50.0,14.0,3.0,40.0,0.0,24.0,50.0,31.0,0.0,110.0,0.0,0.0,16.0,26.0,0.0,11.0,44.0,19.0,36.0,7.0,0.0,88.0,2.0,35.0,20.0,0.0,0.0,0.0,,,,,,,,,,,,,,,,,,,,,,,,,,,,,,,,,,,,,,,,,,,,,,,,,,,,,,,,,,,,,,,,,,,,,,,
52,45.0,0.0,5.0,15.0,23.0,18.0,33.0,6.0,24.0,9.0,48.0,19.0,27.0,38.0,32.0,4.0,0.0,0.0,5.0,27.0,0.0,9.0,50.0,0.0,16.0,0.0,6.0,14.0,17.0,1.0,7.0,5.0,3.0,11.0,0.0,,,,,,,,,,,,,,,,,,,,,,,,,,,,,,,,,,,,,,,,,,,,,,,,,,,,,,,,,,,,,,,,,,,
53,17.0,14.0,12.0,5.0,26.0,16.0,38.0,10.0,3.0,30.0,18.0,29.0,18.0,29.0,13.0,11.0,0.0,0.0,0.0,16.0,0.0,53.0,0.0,0.0,0.0,0.0,0.0,0.0,0.0,0.0,0.0,,,,,,,,,,,,,,,,,,,,,,,,,,,,,,,,,,,,,,,,,,,,,,,,,,,,,,,,,,,,,,,,,,,,,,,
54,8.0,6.0,13.0,15.0,17.0,3.0,18.0,6.0,10.0,7.0,3.0,11.0,0.0,92.0,50.0,14.0,31.0,17.0,88.0,43.0,0.0,181.0,22.0,,,,,,,,,,,,,,,,,,,,,,,,,,,,,,,,,,,,,,,,,,,,,,,,,,,,,,,,,,,,,,,,,,,,,,,,,,,,,,,
55,18.0,4.0,10.0,38.0,18.0,0.0,17.0,4.0,5.0,84.0,50.0,16.0,0.0,13.0,16.0,0.0,58.0,15.0,111.0,0.0,185.0,0.0,0.0,0.0,25.0,0.0,,,,,,,,,,,,,,,,,,,,,,,,,,,,,,,,,,,,,,,,,,,,,,,,,,,,,,,,,,,,,,,,,,,,,,,,,,,,
56,13.0,15.0,30.0,36.0,12.0,19.0,21.0,50.0,32.0,29.0,43.0,35.0,3.0,8.0,18.0,15.0,0.0,17.0,0.0,19.0,20.0,0.0,16.0,3.0,12.0,18.0,0.0,5.0,22.0,16.0,5.0,11.0,5.0,6.0,0.0,18.0,0.0,0.0,140.0,3.0,2.0,6.0,3.0,6.0,1.0,10.0,0.0,0.0,3.0,0.0,6.0,7.0,0.0,11.0,0.0,7.0,0.0,0.0,0.0,0.0,0.0,,,,,,,,,,,,,,,,,,,,,,,,,,,,,,,,,,,,,,,,,
57,24.0,5.0,15.0,4.0,10.0,26.0,8.0,6.0,0.0,0.0,6.0,0.0,0.0,23.0,17.0,22.0,22.0,7.0,1.0,0.0,31.0,0.0,15.0,0.0,8.0,17.0,0.0,0.0,37.0,,,,,,,,,,,,,,,,,,,,,,,,,,,,,,,,,,,,,,,,,,,,,,,,,,,,,,,,,,,,,,,,,,,,,,,,,
58,36.0,16.0,0.0,22.0,13.0,12.0,8.0,7.0,5.0,10.0,24.0,46.0,8.0,51.0,8.0,6.0,49.0,39.0,142.0,0.0,5.0,24.0,0.0,0.0,4.0,4.0,5.0,32.0,9.0,18.0,49.0,12.0,0.0,27.0,39.0,0.0,0.0,0.0,200.0,5.0,78.0,0.0,0.0,0.0,2.0,0.0,25.0,,,,,,,,,,,,,,,,,,,,,,,,,,,,,,,,,,,,,,,,,,,,,,,,,,,,,,,
59,32.0,39.0,36.0,1.0,9.0,5.0,58.0,45.0,25.0,74.0,17.0,0.0,379.0,15.0,0.0,108.0,91.0,0.0,22.0,0.0,40.0,291.0,47.0,0.0,126.0,155.0,0.0,39.0,14.0,194.0,0.0,294.0,0.0,0.0,0.0,,,,,,,,,,,,,,,,,,,,,,,,,,,,,,,,,,,,,,,,,,,,,,,,,,,,,,,,,,,,,,,,,,,
60,14.0,9.0,22.0,29.0,11.0,38.0,23.0,0.0,1.0,0.0,70.0,18.0,30.0,0.0,18.0,10.0,11.0,0.0,11.0,0.0,12.0,40.0,3.0,0.0,18.0,0.0,5.0,101.0,25.0,23.0,0.0,0.0,0.0,0.0,9.0,0.0,22.0,23.0,8.0,0.0,77.0,3.0,0.0,0.0,0.0,0.0,0.0,,,,,,,,,,,,,,,,,,,,,,,,,,,,,,,,,,,,,,,,,,,,,,,,,,,,,,,
61,16.0,15.0,1.0,12.0,9.0,26.0,12.0,6.0,0.0,11.0,12.0,0.0,23.0,24.0,9.0,74.0,2.0,0.0,1.0,60.0,19.0,4.0,66.0,26.0,0.0,10.0,0.0,26.0,17.0,7.0,0.0,6.0,22.0,0.0,3.0,11.0,24.0,7.0,0.0,103.0,12.0,38.0,0.0,158.0,95.0,2.0,0.0,29.0,96.0,7.0,0.0,0.0,0.0,0.0,0.0,,,,,,,,,,,,,,,,,,,,,,,,,,,,,,,,,,,,,,,,,,,,,,,
62,5.0,20.0,18.0,5.0,28.0,11.0,30.0,7.0,14.0,10.0,0.0,10.0,7.0,1.0,8.0,18.0,15.0,26.0,0.0,35.0,0.0,67.0,8.0,81.0,124.0,50.0,0.0,0.0,29.0,0.0,146.0,69.0,59.0,31.0,273.0,0.0,64.0,124.0,,,,,,,,,,,,,,,,,,,,,,,,,,,,,,,,,,,,,,,,,,,,,,,,,,,,,,,,,,,,,,,,
63,24.0,32.0,0.0,7.0,0.0,0.0,0.0,0.0,10.0,27.0,16.0,21.0,0.0,46.0,0.0,0.0,9.0,86.0,43.0,0.0,44.0,41.0,0.0,14.0,0.0,75.0,58.0,19.0,32.0,0.0,0.0,44.0,71.0,0.0,0.0,57.0,13.0,12.0,63.0,1.0,0.0,11.0,5.0,0.0,0.0,31.0,45.0,51.0,163.0,0.0,0.0,0.0,0.0,0.0,0.0,0.0,0.0,0.0,0.0,0.0,362.0,5.0,0.0,14.0,0.0,15.0,0.0,16.0,7.0,,,,,,,,,,,,,,,,,,,,,,,,,,,,,,,,,
64,18.0,63.0,3.0,3.0,15.0,54.0,5.0,12.0,18.0,0.0,26.0,27.0,9.0,3.0,27.0,64.0,0.0,26.0,0.0,34.0,45.0,0.0,0.0,0.0,30.0,105.0,0.0,79.0,0.0,2.0,0.0,0.0,0.0,0.0,0.0,,,,,,,,,,,,,,,,,,,,,,,,,,,,,,,,,,,,,,,,,,,,,,,,,,,,,,,,,,,,,,,,,,,
65,9.0,29.0,29.0,18.0,0.0,24.0,39.0,0.0,55.0,0.0,96.0,3.0,13.0,5.0,75.0,44.0,0.0,12.0,8.0,26.0,103.0,51.0,52.0,0.0,0.0,0.0,3.0,744.0,0.0,27.0,9.0,13.0,1.0,11.0,0.0,0.0,46.0,23.0,8.0,39.0,46.0,56.0,32.0,0.0,9.0,66.0,50.0,21.0,0.0,,,,,,,,,,,,,,,,,,,,,,,,,,,,,,,,,,,,,,,,,,,,,,,,,,,,,
66,0.0,35.0,22.0,0.0,2.0,51.0,25.0,35.0,0.0,9.0,123.0,28.0,16.0,4.0,0.0,56.0,57.0,190.0,22.0,0.0,136.0,36.0,108.0,4.0,,,,,,,,,,,,,,,,,,,,,,,,,,,,,,,,,,,,,,,,,,,,,,,,,,,,,,,,,,,,,,,,,,,,,,,,,,,,,,
67,20.0,0.0,27.0,0.0,14.0,61.0,11.0,10.0,0.0,14.0,32.0,20.0,59.0,16.0,0.0,30.0,56.0,33.0,50.0,4.0,0.0,22.0,26.0,36.0,80.0,40.0,18.0,0.0,0.0,0.0,0.0,21.0,149.0,30.0,0.0,71.0,0.0,0.0,0.0,192.0,0.0,53.0,0.0,0.0,23.0,0.0,0.0,,,,,,,,,,,,,,,,,,,,,,,,,,,,,,,,,,,,,,,,,,,,,,,,,,,,,,,
68,14.0,29.0,4.0,58.0,16.0,0.0,17.0,83.0,34.0,0.0,0.0,16.0,6.0,0.0,20.0,13.0,25.0,0.0,26.0,35.0,22.0,8.0,4.0,0.0,7.0,17.0,36.0,0.0,23.0,96.0,0.0,8.0,0.0,0.0,207.0,0.0,0.0,2.0,6.0,25.0,0.0,22.0,23.0,2.0,0.0,0.0,9.0,18.0,0.0,0.0,0.0,0.0,0.0,0.0,0.0,0.0,26.0,0.0,0.0,0.0,,,,,,,,,,,,,,,,,,,,,,,,,,,,,,,,,,,,,,,,,,
69,15.0,4.0,18.0,0.0,3.0,15.0,27.0,23.0,16.0,0.0,18.0,1.0,11.0,0.0,28.0,67.0,40.0,17.0,22.0,6.0,0.0,30.0,2.0,5.0,0.0,0.0,32.0,24.0,49.0,4.0,3.0,2.0,0.0,35.0,0.0,,,,,,,,,,,,,,,,,,,,,,,,,,,,,,,,,,,,,,,,,,,,,,,,,,,,,,,,,,,,,,,,,,,
70,0.0,5.0,0.0,81.0,0.0,15.0,61.0,14.0,15.0,52.0,24.0,0.0,32.0,17.0,63.0,0.0,309.0,23.0,176.0,27.0,17.0,64.0,14.0,0.0,61.0,31.0,244.0,111.0,0.0,4.0,0.0,184.0,0.0,0.0,0.0,0.0,0.0,81.0,0.0,,,,,,,,,,,,,,,,,,,,,,,,,,,,,,,,,,,,,,,,,,,,,,,,,,,,,,,,,,,,,,,
71,24.0,0.0,0.0,0.0,0.0,0.0,15.0,25.0,0.0,12.0,0.0,19.0,20.0,16.0,16.0,1.0,0.0,11.0,0.0,49.0,47.0,7.0,0.0,16.0,0.0,0.0,11.0,13.0,32.0,58.0,40.0,32.0,0.0,0.0,62.0,0.0,0.0,0.0,9.0,3.0,0.0,6.0,0.0,,,,,,,,,,,,,,,,,,,,,,,,,,,,,,,,,,,,,,,,,,,,,,,,,,,,,,,,,,,
72,10.0,1.0,4.0,22.0,2.0,43.0,132.0,10.0,1.0,0.0,8.0,0.0,66.0,0.0,14.0,107.0,1.0,14.0,28.0,38.0,53.0,11.0,0.0,24.0,0.0,100.0,43.0,15.0,0.0,80.0,19.0,51.0,80.0,7.0,8.0,51.0,0.0,70.0,38.0,,,,,,,,,,,,,,,,,,,,,,,,,,,,,,,,,,,,,,,,,,,,,,,,,,,,,,,,,,,,,,,
73,19.0,14.0,13.0,19.0,17.0,17.0,40.0,0.0,9.0,0.0,78.0,24.0,15.0,0.0,64.0,61.0,0.0,36.0,11.0,0.0,53.0,8.0,90.0,43.0,27.0,17.0,13.0,31.0,41.0,0.0,21.0,0.0,79.0,114.0,0.0,63.0,0.0,1.0,0.0,0.0,15.0,13.0,0.0,0.0,12.0,0.0,0.0,0.0,61.0,27.0,0.0,25.0,0.0,69.0,56.0,93.0,5.0,0.0,8.0,25.0,21.0,44.0,10.0,7.0,103.0,12.0,0.0,0.0,36.0,370.0,9.0,,,,,,,,,,,,,,,,,,,,,,,,,,,,,,,
74,17.0,0.0,2.0,0.0,0.0,3.0,4.0,10.0,9.0,124.0,7.0,39.0,7.0,58.0,33.0,14.0,67.0,0.0,29.0,0.0,46.0,4.0,50.0,9.0,51.0,23.0,13.0,20.0,0.0,46.0,46.0,117.0,67.0,186.0,158.0,261.0,0.0,0.0,0.0,0.0,0.0,0.0,,,,,,,,,,,,,,,,,,,,,,,,,,,,,,,,,,,,,,,,,,,,,,,,,,,,,,,,,,,,
75,22.0,41.0,28.0,28.0,5.0,26.0,9.0,14.0,12.0,6.0,10.0,0.0,11.0,19.0,3.0,65.0,40.0,7.0,15.0,0.0,16.0,7.0,4.0,20.0,24.0,20.0,0.0,1.0,16.0,19.0,0.0,124.0,51.0,0.0,2.0,32.0,0.0,109.0,143.0,6.0,8.0,0.0,13.0,0.0,34.0,25.0,7.0,0.0,0.0,,,,,,,,,,,,,,,,,,,,,,,,,,,,,,,,,,,,,,,,,,,,,,,,,,,,,
76,3.0,0.0,24.0,0.0,0.0,5.0,71.0,2.0,42.0,0.0,0.0,5.0,0.0,16.0,36.0,0.0,0.0,31.0,0.0,0.0,0.0,0.0,0.0,31.0,12.0,73.0,29.0,0.0,0.0,0.0,0.0,0.0,0.0,,,,,,,,,,,,,,,,,,,,,,,,,,,,,,,,,,,,,,,,,,,,,,,,,,,,,,,,,,,,,,,,,,,,,
77,10.0,15.0,62.0,13.0,0.0,0.0,34.0,0.0,18.0,17.0,49.0,23.0,0.0,126.0,11.0,84.0,0.0,33.0,0.0,5.0,139.0,32.0,18.0,0.0,60.0,55.0,18.0,7.0,77.0,1.0,47.0,18.0,61.0,0.0,33.0,4.0,117.0,0.0,30.0,5.0,0.0,,,,,,,,,,,,,,,,,,,,,,,,,,,,,,,,,,,,,,,,,,,,,,,,,,,,,,,,,,,,,
78,21.0,14.0,9.0,8.0,21.0,0.0,37.0,17.0,26.0,48.0,18.0,0.0,44.0,7.0,102.0,4.0,19.0,5.0,80.0,8.0,0.0,74.0,50.0,150.0,48.0,26.0,98.0,131.0,106.0,46.0,0.0,4.0,12.0,0.0,75.0,0.0,157.0,50.0,305.0,80.0,51.0,73.0,0.0,41.0,0.0,40.0,73.0,21.0,76.0,,,,,,,,,,,,,,,,,,,,,,,,,,,,,,,,,,,,,,,,,,,,,,,,,,,,,
79,24.0,16.0,3.0,8.0,0.0,67.0,0.0,0.0,19.0,46.0,18.0,79.0,12.0,68.0,0.0,56.0,121.0,31.0,50.0,24.0,36.0,40.0,11.0,1.0,0.0,128.0,7.0,48.0,158.0,88.0,0.0,7.0,0.0,114.0,0.0,0.0,29.0,0.0,,,,,,,,,,,,,,,,,,,,,,,,,,,,,,,,,,,,,,,,,,,,,,,,,,,,,,,,,,,,,,,,
80,46.0,0.0,26.0,10.0,18.0,19.0,8.0,89.0,35.0,9.0,107.0,26.0,100.0,50.0,0.0,85.0,51.0,83.0,51.0,31.0,0.0,0.0,137.0,476.0,45.0,64.0,24.0,152.0,61.0,8.0,29.0,14.0,0.0,119.0,211.0,,,,,,,,,,,,,,,,,,,,,,,,,,,,,,,,,,,,,,,,,,,,,,,,,,,,,,,,,,,,,,,,,,,
81,38.0,9.0,49.0,0.0,7.0,0.0,0.0,29.0,1.0,0.0,49.0,10.0,0.0,17.0,4.0,7.0,17.0,31.0,66.0,271.0,172.0,0.0,7.0,36.0,0.0,136.0,55.0,21.0,78.0,0.0,10.0,27.0,74.0,0.0,0.0,0.0,0.0,0.0,0.0,0.0,,,,,,,,,,,,,,,,,,,,,,,,,,,,,,,,,,,,,,,,,,,,,,,,,,,,,,,,,,,,,,
82,2.0,29.0,14.0,6.0,19.0,31.0,5.0,11.0,5.0,8.0,1.0,13.0,0.0,22.0,106.0,0.0,0.0,48.0,44.0,21.0,0.0,37.0,13.0,51.0,8.0,0.0,0.0,0.0,,,,,,,,,,,,,,,,,,,,,,,,,,,,,,,,,,,,,,,,,,,,,,,,,,,,,,,,,,,,,,,,,,,,,,,,,,
83,23.0,29.0,5.0,13.0,39.0,21.0,0.0,14.0,73.0,28.0,0.0,46.0,66.0,8.0,55.0,11.0,0.0,0.0,68.0,283.0,69.0,0.0,0.0,,,,,,,,,,,,,,,,,,,,,,,,,,,,,,,,,,,,,,,,,,,,,,,,,,,,,,,,,,,,,,,,,,,,,,,,,,,,,,,
84,26.0,11.0,16.0,36.0,8.0,0.0,17.0,0.0,14.0,69.0,55.0,38.0,0.0,20.0,0.0,146.0,163.0,163.0,0.0,0.0,0.0,,,,,,,,,,,,,,,,,,,,,,,,,,,,,,,,,,,,,,,,,,,,,,,,,,,,,,,,,,,,,,,,,,,,,,,,,,,,,,,,,
85,32.0,0.0,7.0,33.0,0.0,25.0,12.0,5.0,32.0,29.0,14.0,33.0,16.0,28.0,17.0,13.0,30.0,10.0,72.0,132.0,42.0,75.0,0.0,38.0,32.0,59.0,0.0,25.0,0.0,0.0,22.0,0.0,0.0,13.0,17.0,0.0,7.0,0.0,0.0,3.0,10.0,0.0,0.0,0.0,0.0,0.0,0.0,0.0,,,,,,,,,,,,,,,,,,,,,,,,,,,,,,,,,,,,,,,,,,,,,,,,,,,,,,
86,3.0,13.0,38.0,14.0,0.0,84.0,89.0,4.0,4.0,3.0,0.0,0.0,40.0,7.0,11.0,242.0,0.0,33.0,0.0,138.0,6.0,13.0,0.0,0.0,255.0,51.0,1.0,0.0,0.0,0.0,0.0,224.0,0.0,0.0,0.0,17.0,0.0,0.0,,,,,,,,,,,,,,,,,,,,,,,,,,,,,,,,,,,,,,,,,,,,,,,,,,,,,,,,,,,,,,,,
87,4.0,28.0,16.0,7.0,12.0,14.0,12.0,37.0,30.0,23.0,11.0,10.0,1.0,51.0,25.0,109.0,0.0,31.0,29.0,26.0,60.0,2.0,18.0,0.0,49.0,58.0,32.0,34.0,46.0,48.0,0.0,15.0,0.0,173.0,77.0,46.0,79.0,33.0,107.0,35.0,92.0,0.0,20.0,101.0,0.0,127.0,129.0,39.0,0.0,,,,,,,,,,,,,,,,,,,,,,,,,,,,,,,,,,,,,,,,,,,,,,,,,,,,,
88,16.0,0.0,17.0,60.0,0.0,41.0,25.0,1.0,2.0,41.0,12.0,0.0,13.0,0.0,28.0,34.0,0.0,51.0,0.0,73.0,0.0,13.0,39.0,41.0,0.0,170.0,55.0,0.0,0.0,81.0,0.0,0.0,,,,,,,,,,,,,,,,,,,,,,,,,,,,,,,,,,,,,,,,,,,,,,,,,,,,,,,,,,,,,,,,,,,,,,
89,1.0,31.0,42.0,2.0,18.0,3.0,10.0,7.0,11.0,11.0,62.0,7.0,4.0,19.0,21.0,20.0,36.0,2.0,1.0,0.0,0.0,34.0,0.0,8.0,2.0,143.0,184.0,0.0,29.0,72.0,0.0,138.0,67.0,40.0,9.0,0.0,0.0,0.0,11.0,25.0,0.0,0.0,0.0,0.0,0.0,0.0,0.0,171.0,243.0,0.0,0.0,0.0,0.0,0.0,,,,,,,,,,,,,,,,,,,,,,,,,,,,,,,,,,,,,,,,,,,,,,,,
90,30.0,10.0,8.0,12.0,5.0,15.0,24.0,0.0,2.0,86.0,51.0,0.0,0.0,14.0,19.0,99.0,9.0,2.0,0.0,0.0,25.0,0.0,19.0,0.0,17.0,0.0,47.0,197.0,0.0,2.0,5.0,14.0,36.0,0.0,,,,,,,,,,,,,,,,,,,,,,,,,,,,,,,,,,,,,,,,,,,,,,,,,,,,,,,,,,,,,,,,,,,,
91,0.0,0.0,94.0,0.0,2.0,0.0,7.0,19.0,36.0,66.0,114.0,27.0,38.0,0.0,40.0,0.0,7.0,9.0,51.0,25.0,59.0,7.0,117.0,110.0,61.0,4.0,9.0,15.0,47.0,40.0,0.0,35.0,28.0,93.0,15.0,3.0,0.0,0.0,19.0,0.0,2.0,18.0,0.0,48.0,28.0,2.0,32.0,0.0,6.0,28.0,0.0,88.0,0.0,25.0,0.0,0.0,0.0,,,,,,,,,,,,,,,,,,,,,,,,,,,,,,,,,,,,,,,,,,,,,
92,13.0,7.0,4.0,24.0,19.0,6.0,5.0,5.0,24.0,98.0,6.0,4.0,25.0,34.0,158.0,112.0,0.0,21.0,160.0,0.0,132.0,9.0,117.0,0.0,59.0,0.0,19.0,0.0,0.0,0.0,0.0,14.0,25.0,16.0,0.0,61.0,0.0,58.0,0.0,16.0,0.0,0.0,36.0,0.0,0.0,0.0,0.0,0.0,25.0,0.0,37.0,56.0,81.0,0.0,250.0,22.0,29.0,13.0,,,,,,,,,,,,,,,,,,,,,,,,,,,,,,,,,,,,,,,,,,,,
93,12.0,0.0,0.0,13.0,24.0,14.0,15.0,25.0,3.0,17.0,2.0,20.0,0.0,6.0,0.0,0.0,52.0,75.0,1.0,0.0,2.0,2.0,9.0,0.0,19.0,11.0,25.0,0.0,7.0,86.0,14.0,3.0,0.0,22.0,6.0,61.0,5.0,,,,,,,,,,,,,,,,,,,,,,,,,,,,,,,,,,,,,,,,,,,,,,,,,,,,,,,,,,,,,,,,,
94,15.0,16.0,6.0,11.0,21.0,12.0,0.0,1.0,6.0,0.0,16.0,6.0,22.0,0.0,0.0,130.0,,,,,,,,,,,,,,,,,,,,,,,,,,,,,,,,,,,,,,,,,,,,,,,,,,,,,,,,,,,,,,,,,,,,,,,,,,,,,,,,,,,,,,
95,10.0,28.0,0.0,16.0,35.0,13.0,4.0,8.0,25.0,137.0,104.0,59.0,0.0,45.0,58.0,13.0,11.0,0.0,0.0,0.0,0.0,10.0,95.0,117.0,0.0,0.0,0.0,0.0,26.0,0.0,0.0,7.0,11.0,34.0,8.0,8.0,0.0,0.0,3.0,3.0,1.0,0.0,3.0,14.0,,,,,,,,,,,,,,,,,,,,,,,,,,,,,,,,,,,,,,,,,,,,,,,,,,,,,,,,,,
96,32.0,6.0,25.0,4.0,14.0,6.0,0.0,4.0,24.0,0.0,1.0,23.0,11.0,60.0,80.0,0.0,0.0,20.0,80.0,7.0,9.0,7.0,11.0,0.0,1.0,20.0,15.0,26.0,34.0,0.0,0.0,0.0,0.0,32.0,0.0,0.0,23.0,0.0,0.0,0.0,0.0,0.0,,,,,,,,,,,,,,,,,,,,,,,,,,,,,,,,,,,,,,,,,,,,,,,,,,,,,,,,,,,,
97,0.0,32.0,11.0,0.0,4.0,3.0,24.0,14.0,6.0,19.0,0.0,93.0,22.0,17.0,0.0,0.0,40.0,16.0,0.0,11.0,131.0,45.0,36.0,5.0,3.0,21.0,56.0,0.0,0.0,17.0,0.0,0.0,,,,,,,,,,,,,,,,,,,,,,,,,,,,,,,,,,,,,,,,,,,,,,,,,,,,,,,,,,,,,,,,,,,,,,
98,0.0,40.0,15.0,6.0,0.0,28.0,10.0,18.0,0.0,34.0,2.0,21.0,0.0,10.0,34.0,43.0,37.0,28.0,0.0,31.0,23.0,39.0,9.0,4.0,0.0,0.0,0.0,3.0,0.0,84.0,4.0,45.0,2.0,0.0,28.0,18.0,32.0,29.0,37.0,46.0,11.0,34.0,0.0,,,,,,,,,,,,,,,,,,,,,,,,,,,,,,,,,,,,,,,,,,,,,,,,,,,,,,,,,,,
99,13.0,47.0,0.0,41.0,0.0,9.0,30.0,26.0,59.0,71.0,0.0,0.0,9.0,24.0,2.0,9.0,20.0,0.0,9.0,48.0,12.0,0.0,0.0,0.0,8.0,48.0,14.0,8.0,17.0,0.0,4.0,0.0,2.0,8.0,662.0,131.0,41.0,1.0,20.0,0.0,10.0,0.0,2.0,52.0,,,,,,,,,,,,,,,,,,,,,,,,,,,,,,,,,,,,,,,,,,,,,,,,,,,,,,,,,,
100,7.0,9.0,18.0,0.0,30.0,14.0,11.0,48.0,0.0,4.0,0.0,2.0,25.0,40.0,38.0,41.0,43.0,71.0,45.0,51.0,0.0,28.0,158.0,13.0,20.0,35.0,0.0,0.0,76.0,14.0,0.0,0.0,5.0,16.0,28.0,9.0,31.0,0.0,9.0,0.0,20.0,34.0,0.0,0.0,7.0,,,,,,,,,,,,,,,,,,,,,,,,,,,,,,,,,,,,,,,,,,,,,,,,,,,,,,,,,
101,9.0,10.0,34.0,0.0,19.0,55.0,2.0,83.0,27.0,3.0,0.0,7.0,113.0,0.0,0.0,0.0,0.0,0.0,0.0,0.0,11.0,0.0,1.0,0.0,,,,,,,,,,,,,,,,,,,,,,,,,,,,,,,,,,,,,,,,,,,,,,,,,,,,,,,,,,,,,,,,,,,,,,,,,,,,,,
102,5.0,0.0,21.0,9.0,3.0,0.0,17.0,19.0,0.0,4.0,25.0,0.0,10.0,0.0,0.0,4.0,0.0,0.0,0.0,0.0,0.0,224.0,2.0,20.0,27.0,28.0,0.0,61.0,197.0,16.0,0.0,74.0,28.0,114.0,0.0,84.0,183.0,46.0,8.0,15.0,0.0,0.0,0.0,195.0,58.0,61.0,,,,,,,,,,,,,,,,,,,,,,,,,,,,,,,,,,,,,,,,,,,,,,,,,,,,,,,,
103,25.0,44.0,0.0,11.0,0.0,42.0,11.0,19.0,0.0,24.0,0.0,0.0,79.0,0.0,123.0,14.0,28.0,65.0,1.0,105.0,0.0,81.0,6.0,44.0,20.0,106.0,105.0,,,,,,,,,,,,,,,,,,,,,,,,,,,,,,,,,,,,,,,,,,,,,,,,,,,,,,,,,,,,,,,,,,,,,,,,,,,
104,25.0,11.0,19.0,10.0,4.0,16.0,0.0,0.0,11.0,0.0,6.0,4.0,11.0,10.0,36.0,5.0,15.0,52.0,5.0,36.0,12.0,2.0,5.0,11.0,12.0,10.0,31.0,1.0,0.0,0.0,26.0,0.0,,,,,,,,,,,,,,,,,,,,,,,,,,,,,,,,,,,,,,,,,,,,,,,,,,,,,,,,,,,,,,,,,,,,,,
105,22.0,24.0,0.0,0.0,112.0,12.0,7.0,20.0,34.0,23.0,0.0,51.0,6.0,17.0,48.0,25.0,4.0,0.0,18.0,72.0,27.0,12.0,0.0,113.0,25.0,0.0,7.0,15.0,40.0,0.0,5.0,22.0,48.0,3.0,19.0,13.0,79.0,0.0,0.0,0.0,12.0,25.0,2.0,28.0,12.0,0.0,0.0,20.0,53.0,44.0,0.0,0.0,0.0,,,,,,,,,,,,,,,,,,,,,,,,,,,,,,,,,,,,,,,,,,,,,,,,,
106,0.0,0.0,0.0,0.0,36.0,52.0,54.0,43.0,26.0,83.0,0.0,48.0,10.0,0.0,29.0,32.0,14.0,0.0,0.0,0.0,4.0,232.0,0.0,0.0,11.0,99.0,0.0,16.0,1202.0,12.0,264.0,436.0,69.0,37.0,14.0,20.0,0.0,64.0,40.0,0.0,8.0,4.0,0.0,88.0,0.0,0.0,0.0,0.0,0.0,0.0,0.0,0.0,0.0,0.0,,,,,,,,,,,,,,,,,,,,,,,,,,,,,,,,,,,,,,,,,,,,,,,,
107,0.0,14.0,22.0,1.0,0.0,5.0,34.0,0.0,5.0,23.0,0.0,28.0,67.0,0.0,0.0,0.0,0.0,66.0,37.0,78.0,0.0,,,,,,,,,,,,,,,,,,,,,,,,,,,,,,,,,,,,,,,,,,,,,,,,,,,,,,,,,,,,,,,,,,,,,,,,,,,,,,,,,
108,15.0,0.0,37.0,19.0,12.0,1.0,0.0,0.0,9.0,21.0,15.0,14.0,0.0,28.0,49.0,11.0,8.0,20.0,22.0,0.0,0.0,86.0,210.0,0.0,43.0,13.0,16.0,45.0,6.0,132.0,0.0,0.0,,,,,,,,,,,,,,,,,,,,,,,,,,,,,,,,,,,,,,,,,,,,,,,,,,,,,,,,,,,,,,,,,,,,,,
109,20.0,6.0,25.0,1.0,0.0,4.0,0.0,15.0,0.0,13.0,43.0,7.0,21.0,13.0,6.0,11.0,0.0,0.0,77.0,11.0,104.0,31.0,22.0,21.0,0.0,53.0,113.0,9.0,0.0,0.0,36.0,0.0,0.0,124.0,0.0,0.0,101.0,0.0,53.0,100.0,153.0,0.0,0.0,0.0,0.0,0.0,,,,,,,,,,,,,,,,,,,,,,,,,,,,,,,,,,,,,,,,,,,,,,,,,,,,,,,,
110,16.0,12.0,2.0,0.0,25.0,0.0,15.0,30.0,25.0,7.0,55.0,38.0,63.0,0.0,57.0,20.0,7.0,5.0,14.0,22.0,67.0,10.0,32.0,0.0,11.0,4.0,7.0,34.0,17.0,30.0,11.0,12.0,37.0,4.0,13.0,0.0,36.0,0.0,15.0,,,,,,,,,,,,,,,,,,,,,,,,,,,,,,,,,,,,,,,,,,,,,,,,,,,,,,,,,,,,,,,
111,17.0,12.0,4.0,2.0,16.0,0.0,12.0,0.0,8.0,0.0,0.0,2.0,11.0,6.0,23.0,0.0,0.0,18.0,0.0,33.0,4.0,10.0,21.0,4.0,30.0,22.0,36.0,3.0,41.0,9.0,0.0,8.0,0.0,0.0,62.0,0.0,77.0,37.0,8.0,0.0,0.0,4.0,2.0,48.0,2.0,14.0,139.0,143.0,0.0,0.0,0.0,1.0,56.0,17.0,20.0,6.0,0.0,0.0,0.0,35.0,12.0,115.0,1.0,,,,,,,,,,,,,,,,,,,,,,,,,,,,,,,,,,,,,,,
112,1.0,17.0,7.0,11.0,29.0,0.0,0.0,0.0,7.0,0.0,11.0,0.0,4.0,0.0,148.0,39.0,0.0,107.0,0.0,35.0,0.0,1.0,8.0,6.0,0.0,9.0,24.0,14.0,0.0,25.0,0.0,25.0,30.0,0.0,0.0,,,,,,,,,,,,,,,,,,,,,,,,,,,,,,,,,,,,,,,,,,,,,,,,,,,,,,,,,,,,,,,,,,,
113,6.0,9.0,18.0,24.0,0.0,0.0,0.0,24.0,3.0,35.0,18.0,0.0,53.0,10.0,24.0,5.0,7.0,35.0,6.0,0.0,31.0,0.0,94.0,101.0,13.0,43.0,1.0,0.0,0.0,0.0,255.0,1.0,337.0,56.0,0.0,0.0,0.0,20.0,183.0,0.0,0.0,0.0,0.0,0.0,,,,,,,,,,,,,,,,,,,,,,,,,,,,,,,,,,,,,,,,,,,,,,,,,,,,,,,,,,
114,8.0,0.0,21.0,13.0,11.0,23.0,0.0,37.0,38.0,0.0,11.0,16.0,0.0,0.0,43.0,27.0,12.0,43.0,17.0,16.0,8.0,16.0,15.0,28.0,0.0,0.0,0.0,4.0,0.0,1.0,18.0,8.0,2.0,3.0,8.0,0.0,0.0,0.0,0.0,0.0,14.0,261.0,54.0,0.0,0.0,0.0,0.0,0.0,,,,,,,,,,,,,,,,,,,,,,,,,,,,,,,,,,,,,,,,,,,,,,,,,,,,,,
115,2.0,0.0,14.0,14.0,28.0,13.0,30.0,39.0,0.0,0.0,15.0,58.0,37.0,16.0,0.0,38.0,75.0,10.0,5.0,42.0,12.0,0.0,0.0,2.0,47.0,0.0,3.0,17.0,36.0,28.0,291.0,0.0,0.0,0.0,0.0,,,,,,,,,,,,,,,,,,,,,,,,,,,,,,,,,,,,,,,,,,,,,,,,,,,,,,,,,,,,,,,,,,,
116,11.0,20.0,34.0,0.0,25.0,50.0,9.0,19.0,11.0,15.0,113.0,0.0,47.0,12.0,0.0,8.0,10.0,22.0,45.0,0.0,10.0,14.0,42.0,288.0,0.0,34.0,41.0,14.0,120.0,0.0,6.0,164.0,0.0,41.0,110.0,0.0,0.0,2.0,0.0,38.0,0.0,26.0,407.0,108.0,0.0,70.0,70.0,22.0,47.0,30.0,8.0,0.0,33.0,8.0,0.0,4.0,15.0,2.0,34.0,2.0,0.0,23.0,10.0,56.0,3.0,8.0,101.0,0.0,0.0,39.0,28.0,109.0,50.0,0.0,0.0,0.0,0.0,22.0,0.0,0.0,,,,,,,,,,,,,,,,,,,,,,
117,15.0,19.0,26.0,31.0,0.0,4.0,9.0,0.0,9.0,44.0,1.0,3.0,3.0,13.0,20.0,32.0,0.0,17.0,0.0,0.0,67.0,,,,,,,,,,,,,,,,,,,,,,,,,,,,,,,,,,,,,,,,,,,,,,,,,,,,,,,,,,,,,,,,,,,,,,,,,,,,,,,,,
118,0.0,0.0,16.0,19.0,21.0,23.0,16.0,6.0,19.0,6.0,43.0,12.0,0.0,0.0,14.0,44.0,16.0,54.0,100.0,6.0,32.0,0.0,56.0,0.0,9.0,202.0,25.0,0.0,3.0,0.0,23.0,0.0,312.0,87.0,,,,,,,,,,,,,,,,,,,,,,,,,,,,,,,,,,,,,,,,,,,,,,,,,,,,,,,,,,,,,,,,,,,,
119,17.0,0.0,9.0,0.0,5.0,15.0,40.0,0.0,0.0,2.0,93.0,22.0,64.0,44.0,0.0,64.0,28.0,14.0,14.0,28.0,22.0,0.0,24.0,62.0,22.0,13.0,11.0,51.0,16.0,1.0,12.0,41.0,0.0,0.0,13.0,0.0,0.0,,,,,,,,,,,,,,,,,,,,,,,,,,,,,,,,,,,,,,,,,,,,,,,,,,,,,,,,,,,,,,,,,
120,14.0,16.0,40.0,8.0,0.0,8.0,14.0,10.0,16.0,0.0,19.0,33.0,15.0,3.0,6.0,0.0,12.0,36.0,29.0,14.0,27.0,0.0,65.0,0.0,118.0,0.0,0.0,15.0,8.0,0.0,20.0,3.0,4.0,0.0,8.0,14.0,17.0,72.0,8.0,0.0,,,,,,,,,,,,,,,,,,,,,,,,,,,,,,,,,,,,,,,,,,,,,,,,,,,,,,,,,,,,,,
121,19.0,0.0,4.0,29.0,8.0,10.0,9.0,16.0,3.0,36.0,7.0,33.0,28.0,54.0,43.0,0.0,99.0,61.0,0.0,53.0,69.0,93.0,0.0,28.0,15.0,23.0,14.0,49.0,0.0,73.0,,,,,,,,,,,,,,,,,,,,,,,,,,,,,,,,,,,,,,,,,,,,,,,,,,,,,,,,,,,,,,,,,,,,,,,,
122,3.0,14.0,13.0,19.0,0.0,1.0,23.0,16.0,0.0,26.0,20.0,50.0,8.0,20.0,0.0,93.0,119.0,28.0,17.0,17.0,2.0,69.0,13.0,69.0,28.0,8.0,0.0,0.0,0.0,6.0,0.0,68.0,0.0,2.0,0.0,67.0,4.0,0.0,0.0,0.0,0.0,38.0,0.0,40.0,97.0,0.0,0.0,0.0,0.0,0.0,0.0,0.0,19.0,,,,,,,,,,,,,,,,,,,,,,,,,,,,,,,,,,,,,,,,,,,,,,,,,
123,15.0,17.0,34.0,0.0,14.0,6.0,11.0,21.0,9.0,0.0,20.0,0.0,19.0,35.0,0.0,21.0,8.0,0.0,12.0,0.0,42.0,0.0,7.0,29.0,67.0,51.0,0.0,5.0,0.0,38.0,45.0,18.0,0.0,1.0,65.0,67.0,,,,,,,,,,,,,,,,,,,,,,,,,,,,,,,,,,,,,,,,,,,,,,,,,,,,,,,,,,,,,,,,,,
124,12.0,26.0,23.0,6.0,7.0,33.0,16.0,12.0,25.0,10.0,9.0,3.0,14.0,30.0,4.0,4.0,25.0,21.0,17.0,34.0,32.0,12.0,0.0,61.0,19.0,13.0,63.0,0.0,1.0,20.0,0.0,14.0,0.0,0.0,,,,,,,,,,,,,,,,,,,,,,,,,,,,,,,,,,,,,,,,,,,,,,,,,,,,,,,,,,,,,,,,,,,,
125,1.0,21.0,16.0,0.0,8.0,34.0,15.0,6.0,35.0,0.0,11.0,5.0,28.0,0.0,1.0,35.0,0.0,14.0,0.0,0.0,3.0,4.0,118.0,0.0,37.0,0.0,0.0,8.0,0.0,0.0,9.0,18.0,9.0,15.0,30.0,16.0,0.0,0.0,32.0,0.0,13.0,20.0,0.0,2.0,0.0,0.0,0.0,0.0,0.0,0.0,0.0,0.0,0.0,0.0,0.0,0.0,0.0,0.0,0.0,0.0,,,,,,,,,,,,,,,,,,,,,,,,,,,,,,,,,,,,,,,,,,
126,30.0,6.0,15.0,3.0,9.0,7.0,11.0,23.0,3.0,0.0,46.0,12.0,1.0,53.0,2.0,76.0,25.0,34.0,25.0,32.0,64.0,139.0,35.0,10.0,7.0,0.0,11.0,50.0,0.0,0.0,12.0,0.0,0.0,,,,,,,,,,,,,,,,,,,,,,,,,,,,,,,,,,,,,,,,,,,,,,,,,,,,,,,,,,,,,,,,,,,,,
127,0.0,3.0,9.0,21.0,28.0,15.0,14.0,0.0,6.0,22.0,2.0,41.0,7.0,16.0,3.0,0.0,1.0,56.0,7.0,25.0,0.0,24.0,10.0,14.0,17.0,16.0,0.0,40.0,0.0,5.0,31.0,12.0,0.0,5.0,28.0,1.0,0.0,0.0,68.0,24.0,48.0,0.0,8.0,7.0,28.0,0.0,1.0,36.0,6.0,13.0,9.0,32.0,11.0,53.0,106.0,5.0,4.0,0.0,0.0,0.0,0.0,23.0,84.0,0.0,4.0,0.0,9.0,1.0,0.0,0.0,,,,,,,,,,,,,,,,,,,,,,,,,,,,,,,,
128,4.0,8.0,8.0,21.0,0.0,1.0,14.0,0.0,0.0,8.0,75.0,9.0,2.0,0.0,1.0,43.0,0.0,0.0,30.0,46.0,0.0,24.0,0.0,10.0,0.0,44.0,0.0,0.0,21.0,24.0,43.0,53.0,10.0,54.0,0.0,10.0,40.0,49.0,6.0,67.0,0.0,60.0,0.0,0.0,21.0,0.0,33.0,,,,,,,,,,,,,,,,,,,,,,,,,,,,,,,,,,,,,,,,,,,,,,,,,,,,,,,
129,0.0,0.0,6.0,2.0,17.0,5.0,5.0,22.0,14.0,33.0,7.0,63.0,79.0,5.0,34.0,27.0,3.0,21.0,0.0,0.0,0.0,0.0,0.0,0.0,37.0,22.0,187.0,12.0,0.0,1.0,0.0,20.0,56.0,4.0,0.0,2.0,0.0,0.0,0.0,0.0,,,,,,,,,,,,,,,,,,,,,,,,,,,,,,,,,,,,,,,,,,,,,,,,,,,,,,,,,,,,,,
130,9.0,5.0,8.0,23.0,22.0,10.0,21.0,11.0,5.0,7.0,0.0,21.0,10.0,19.0,26.0,31.0,24.0,4.0,16.0,29.0,0.0,0.0,8.0,73.0,16.0,145.0,63.0,11.0,31.0,8.0,18.0,0.0,8.0,6.0,0.0,0.0,27.0,8.0,0.0,14.0,0.0,140.0,14.0,101.0,15.0,68.0,82.0,40.0,15.0,154.0,122.0,83.0,0.0,80.0,57.0,0.0,9.0,193.0,12.0,309.0,0.0,0.0,,,,,,,,,,,,,,,,,,,,,,,,,,,,,,,,,,,,,,,,
131,9.0,4.0,2.0,0.0,25.0,5.0,12.0,17.0,5.0,5.0,16.0,15.0,20.0,35.0,21.0,22.0,40.0,0.0,38.0,19.0,0.0,0.0,117.0,5.0,8.0,0.0,11.0,47.0,34.0,0.0,29.0,13.0,0.0,0.0,0.0,15.0,41.0,0.0,,,,,,,,,,,,,,,,,,,,,,,,,,,,,,,,,,,,,,,,,,,,,,,,,,,,,,,,,,,,,,,,
132,18.0,2.0,20.0,7.0,0.0,12.0,22.0,26.0,16.0,16.0,0.0,31.0,13.0,8.0,0.0,10.0,14.0,164.0,10.0,49.0,0.0,14.0,0.0,12.0,28.0,5.0,20.0,7.0,,,,,,,,,,,,,,,,,,,,,,,,,,,,,,,,,,,,,,,,,,,,,,,,,,,,,,,,,,,,,,,,,,,,,,,,,,
133,16.0,13.0,5.0,8.0,0.0,18.0,32.0,25.0,0.0,38.0,77.0,10.0,0.0,4.0,0.0,19.0,32.0,20.0,17.0,19.0,46.0,14.0,82.0,40.0,0.0,0.0,0.0,14.0,0.0,242.0,220.0,121.0,0.0,109.0,33.0,0.0,11.0,0.0,0.0,0.0,0.0,,,,,,,,,,,,,,,,,,,,,,,,,,,,,,,,,,,,,,,,,,,,,,,,,,,,,,,,,,,,,
134,27.0,4.0,35.0,21.0,53.0,45.0,39.0,39.0,7.0,2.0,43.0,31.0,13.0,65.0,3.0,13.0,0.0,4.0,26.0,34.0,0.0,0.0,10.0,18.0,0.0,35.0,4.0,21.0,28.0,0.0,0.0,4.0,9.0,37.0,29.0,0.0,0.0,0.0,15.0,149.0,33.0,25.0,3.0,0.0,68.0,34.0,1.0,0.0,51.0,119.0,0.0,53.0,48.0,31.0,0.0,0.0,36.0,2.0,0.0,0.0,6.0,18.0,0.0,0.0,0.0,599.0,0.0,0.0,0.0,0.0,0.0,0.0,0.0,0.0,0.0,0.0,0.0,0.0,0.0,0.0,,,,,,,,,,,,,,,,,,,,,,
135,12.0,10.0,4.0,0.0,2.0,30.0,14.0,36.0,9.0,7.0,3.0,0.0,48.0,18.0,2.0,17.0,6.0,14.0,27.0,24.0,7.0,110.0,5.0,39.0,40.0,20.0,31.0,50.0,16.0,175.0,40.0,9.0,4.0,12.0,27.0,119.0,79.0,0.0,0.0,6.0,54.0,35.0,26.0,0.0,0.0,70.0,0.0,44.0,0.0,0.0,0.0,84.0,0.0,247.0,0.0,252.0,0.0,0.0,4.0,0.0,54.0,10.0,0.0,0.0,0.0,0.0,0.0,0.0,0.0,0.0,,,,,,,,,,,,,,,,,,,,,,,,,,,,,,,,
136,33.0,5.0,8.0,0.0,17.0,43.0,20.0,13.0,0.0,6.0,14.0,0.0,9.0,8.0,15.0,0.0,52.0,29.0,0.0,16.0,7.0,3.0,16.0,0.0,17.0,21.0,139.0,0.0,0.0,12.0,13.0,12.0,0.0,26.0,97.0,108.0,199.0,14.0,62.0,99.0,57.0,47.0,223.0,12.0,0.0,0.0,0.0,0.0,,,,,,,,,,,,,,,,,,,,,,,,,,,,,,,,,,,,,,,,,,,,,,,,,,,,,,
137,1.0,0.0,11.0,21.0,6.0,9.0,38.0,32.0,0.0,12.0,7.0,20.0,92.0,72.0,25.0,39.0,29.0,54.0,51.0,57.0,24.0,0.0,47.0,25.0,47.0,75.0,34.0,130.0,49.0,0.0,47.0,15.0,22.0,18.0,0.0,9.0,0.0,70.0,9.0,0.0,31.0,4.0,0.0,0.0,228.0,30.0,0.0,,,,,,,,,,,,,,,,,,,,,,,,,,,,,,,,,,,,,,,,,,,,,,,,,,,,,,,
138,17.0,3.0,4.0,13.0,14.0,56.0,0.0,34.0,27.0,7.0,12.0,36.0,0.0,10.0,102.0,0.0,16.0,8.0,14.0,2.0,0.0,0.0,19.0,0.0,7.0,9.0,0.0,16.0,4.0,12.0,5.0,0.0,0.0,0.0,0.0,0.0,12.0,0.0,18.0,,,,,,,,,,,,,,,,,,,,,,,,,,,,,,,,,,,,,,,,,,,,,,,,,,,,,,,,,,,,,,,
139,10.0,25.0,17.0,33.0,1.0,62.0,0.0,47.0,0.0,66.0,0.0,15.0,58.0,0.0,78.0,60.0,26.0,74.0,12.0,9.0,35.0,28.0,0.0,75.0,81.0,38.0,8.0,13.0,58.0,75.0,48.0,0.0,0.0,0.0,0.0,0.0,0.0,177.0,172.0,0.0,0.0,,,,,,,,,,,,,,,,,,,,,,,,,,,,,,,,,,,,,,,,,,,,,,,,,,,,,,,,,,,,,
140,8.0,46.0,31.0,0.0,18.0,19.0,0.0,16.0,8.0,20.0,48.0,23.0,6.0,26.0,14.0,4.0,34.0,20.0,69.0,113.0,51.0,153.0,0.0,81.0,0.0,0.0,22.0,15.0,148.0,24.0,55.0,15.0,0.0,0.0,0.0,0.0,8.0,14.0,0.0,0.0,0.0,0.0,0.0,,,,,,,,,,,,,,,,,,,,,,,,,,,,,,,,,,,,,,,,,,,,,,,,,,,,,,,,,,,
141,0.0,15.0,20.0,10.0,18.0,32.0,31.0,10.0,9.0,17.0,8.0,0.0,26.0,27.0,10.0,13.0,7.0,17.0,81.0,20.0,40.0,19.0,19.0,31.0,78.0,73.0,22.0,30.0,80.0,0.0,0.0,16.0,5.0,0.0,35.0,155.0,57.0,13.0,72.0,64.0,13.0,1.0,58.0,58.0,40.0,58.0,53.0,29.0,39.0,0.0,0.0,0.0,0.0,0.0,0.0,0.0,0.0,,,,,,,,,,,,,,,,,,,,,,,,,,,,,,,,,,,,,,,,,,,,,
142,2.0,16.0,20.0,21.0,10.0,29.0,0.0,3.0,2.0,8.0,1.0,11.0,17.0,10.0,4.0,14.0,1.0,1.0,30.0,8.0,23.0,0.0,27.0,13.0,1.0,5.0,0.0,68.0,105.0,1.0,7.0,237.0,63.0,0.0,87.0,87.0,28.0,117.0,4.0,42.0,26.0,0.0,25.0,36.0,134.0,13.0,21.0,69.0,,,,,,,,,,,,,,,,,,,,,,,,,,,,,,,,,,,,,,,,,,,,,,,,,,,,,,
143,7.0,16.0,0.0,11.0,12.0,5.0,0.0,0.0,2.0,0.0,0.0,13.0,0.0,8.0,31.0,0.0,2.0,67.0,43.0,0.0,12.0,21.0,0.0,28.0,0.0,119.0,0.0,15.0,23.0,0.0,80.0,0.0,83.0,37.0,0.0,0.0,,,,,,,,,,,,,,,,,,,,,,,,,,,,,,,,,,,,,,,,,,,,,,,,,,,,,,,,,,,,,,,,,,
144,11.0,14.0,7.0,31.0,16.0,6.0,0.0,21.0,28.0,22.0,48.0,5.0,17.0,0.0,57.0,0.0,0.0,0.0,195.0,85.0,48.0,0.0,16.0,0.0,0.0,107.0,5.0,66.0,14.0,0.0,0.0,27.0,0.0,0.0,0.0,0.0,0.0,0.0,0.0,0.0,0.0,0.0,,,,,,,,,,,,,,,,,,,,,,,,,,,,,,,,,,,,,,,,,,,,,,,,,,,,,,,,,,,,
145,7.0,3.0,14.0,9.0,6.0,46.0,20.0,0.0,21.0,13.0,0.0,0.0,40.0,32.0,5.0,11.0,20.0,173.0,117.0,48.0,33.0,5.0,29.0,23.0,47.0,50.0,190.0,0.0,14.0,9.0,60.0,5.0,8.0,0.0,0.0,0.0,1.0,0.0,0.0,0.0,0.0,0.0,0.0,,,,,,,,,,,,,,,,,,,,,,,,,,,,,,,,,,,,,,,,,,,,,,,,,,,,,,,,,,,
146,8.0,0.0,13.0,57.0,0.0,0.0,13.0,2.0,90.0,71.0,31.0,16.0,0.0,26.0,7.0,0.0,26.0,10.0,0.0,12.0,0.0,24.0,6.0,14.0,25.0,4.0,32.0,7.0,14.0,25.0,26.0,0.0,0.0,8.0,21.0,24.0,11.0,25.0,27.0,0.0,37.0,54.0,107.0,13.0,0.0,86.0,9.0,25.0,1.0,0.0,36.0,0.0,0.0,48.0,23.0,2.0,0.0,0.0,0.0,11.0,,,,,,,,,,,,,,,,,,,,,,,,,,,,,,,,,,,,,,,,,,
147,20.0,3.0,12.0,0.0,23.0,20.0,8.0,0.0,18.0,6.0,52.0,0.0,22.0,4.0,9.0,0.0,12.0,11.0,31.0,1.0,37.0,75.0,0.0,9.0,8.0,0.0,0.0,12.0,0.0,0.0,0.0,0.0,0.0,25.0,0.0,19.0,20.0,6.0,7.0,28.0,0.0,0.0,0.0,0.0,0.0,0.0,0.0,,,,,,,,,,,,,,,,,,,,,,,,,,,,,,,,,,,,,,,,,,,,,,,,,,,,,,,
148,20.0,23.0,0.0,9.0,18.0,30.0,18.0,0.0,0.0,24.0,43.0,0.0,8.0,16.0,18.0,6.0,4.0,4.0,30.0,3.0,19.0,0.0,10.0,1.0,0.0,0.0,0.0,0.0,0.0,,,,,,,,,,,,,,,,,,,,,,,,,,,,,,,,,,,,,,,,,,,,,,,,,,,,,,,,,,,,,,,,,,,,,,,,,
149,20.0,5.0,32.0,0.0,25.0,1.0,35.0,22.0,9.0,29.0,28.0,0.0,0.0,12.0,0.0,15.0,0.0,48.0,30.0,0.0,32.0,0.0,0.0,0.0,56.0,5.0,0.0,0.0,244.0,138.0,87.0,0.0,0.0,0.0,0.0,,,,,,,,,,,,,,,,,,,,,,,,,,,,,,,,,,,,,,,,,,,,,,,,,,,,,,,,,,,,,,,,,,,
150,9.0,22.0,3.0,8.0,0.0,6.0,14.0,19.0,10.0,0.0,0.0,0.0,12.0,67.0,42.0,33.0,18.0,15.0,12.0,5.0,16.0,46.0,0.0,12.0,0.0,0.0,94.0,0.0,0.0,0.0,28.0,63.0,0.0,535.0,0.0,179.0,0.0,0.0,0.0,0.0,,,,,,,,,,,,,,,,,,,,,,,,,,,,,,,,,,,,,,,,,,,,,,,,,,,,,,,,,,,,,,
151,13.0,0.0,35.0,12.0,9.0,0.0,0.0,0.0,16.0,26.0,46.0,0.0,28.0,46.0,14.0,0.0,0.0,76.0,13.0,20.0,6.0,16.0,48.0,93.0,14.0,49.0,75.0,29.0,19.0,25.0,8.0,91.0,54.0,0.0,6.0,22.0,32.0,46.0,0.0,21.0,0.0,20.0,0.0,30.0,0.0,0.0,8.0,3.0,115.0,91.0,66.0,9.0,33.0,46.0,1.0,42.0,6.0,211.0,,,,,,,,,,,,,,,,,,,,,,,,,,,,,,,,,,,,,,,,,,,,
152,27.0,24.0,4.0,2.0,26.0,4.0,24.0,10.0,10.0,16.0,23.0,50.0,8.0,0.0,19.0,3.0,0.0,0.0,9.0,15.0,9.0,0.0,13.0,30.0,55.0,0.0,88.0,97.0,10.0,0.0,0.0,43.0,20.0,42.0,10.0,0.0,98.0,59.0,0.0,19.0,0.0,7.0,0.0,156.0,88.0,5.0,37.0,0.0,0.0,4.0,0.0,0.0,0.0,0.0,0.0,0.0,0.0,0.0,0.0,0.0,0.0,0.0,0.0,0.0,,,,,,,,,,,,,,,,,,,,,,,,,,,,,,,,,,,,,,
153,17.0,0.0,0.0,5.0,0.0,23.0,21.0,7.0,10.0,48.0,32.0,3.0,22.0,11.0,3.0,124.0,17.0,58.0,40.0,32.0,15.0,16.0,97.0,2.0,0.0,356.0,48.0,125.0,27.0,16.0,0.0,16.0,330.0,12.0,153.0,0.0,,,,,,,,,,,,,,,,,,,,,,,,,,,,,,,,,,,,,,,,,,,,,,,,,,,,,,,,,,,,,,,,,,
154,2.0,6.0,38.0,73.0,3.0,4.0,17.0,19.0,0.0,3.0,18.0,3.0,36.0,22.0,0.0,0.0,0.0,19.0,7.0,16.0,18.0,12.0,5.0,12.0,24.0,0.0,14.0,38.0,30.0,67.0,0.0,94.0,206.0,8.0,97.0,31.0,150.0,10.0,138.0,19.0,144.0,57.0,162.0,85.0,0.0,72.0,54.0,189.0,0.0,93.0,152.0,3.0,6.0,2.0,14.0,0.0,10.0,0.0,19.0,0.0,18.0,1.0,10.0,7.0,0.0,0.0,0.0,1.0,0.0,0.0,8.0,5.0,0.0,32.0,0.0,28.0,4.0,0.0,0.0,0.0,6.0,4.0,0.0,1.0,0.0,1.0,3.0,0.0,16.0,16.0,13.0,12.0,0.0,10.0,13.0,,,,,,,
155,28.0,0.0,13.0,38.0,1.0,7.0,2.0,35.0,17.0,2.0,16.0,52.0,6.0,19.0,8.0,41.0,0.0,11.0,0.0,25.0,16.0,13.0,18.0,34.0,8.0,48.0,23.0,205.0,0.0,9.0,39.0,275.0,0.0,29.0,66.0,0.0,,,,,,,,,,,,,,,,,,,,,,,,,,,,,,,,,,,,,,,,,,,,,,,,,,,,,,,,,,,,,,,,,,
156,2.0,1.0,42.0,0.0,15.0,16.0,17.0,1.0,6.0,14.0,9.0,0.0,0.0,0.0,5.0,9.0,15.0,6.0,4.0,1.0,49.0,32.0,0.0,16.0,0.0,0.0,8.0,7.0,2.0,0.0,8.0,0.0,0.0,,,,,,,,,,,,,,,,,,,,,,,,,,,,,,,,,,,,,,,,,,,,,,,,,,,,,,,,,,,,,,,,,,,,,
157,3.0,16.0,0.0,17.0,1.0,0.0,34.0,1.0,23.0,19.0,35.0,60.0,22.0,20.0,0.0,7.0,0.0,278.0,,,,,,,,,,,,,,,,,,,,,,,,,,,,,,,,,,,,,,,,,,,,,,,,,,,,,,,,,,,,,,,,,,,,,,,,,,,,,,,,,,,,
158,25.0,4.0,2.0,31.0,31.0,27.0,9.0,4.0,0.0,0.0,15.0,41.0,0.0,54.0,18.0,4.0,24.0,0.0,9.0,0.0,22.0,19.0,106.0,17.0,10.0,12.0,0.0,39.0,24.0,0.0,12.0,47.0,15.0,0.0,33.0,48.0,53.0,0.0,0.0,0.0,6.0,0.0,5.0,0.0,8.0,0.0,0.0,,,,,,,,,,,,,,,,,,,,,,,,,,,,,,,,,,,,,,,,,,,,,,,,,,,,,,,
159,9.0,22.0,23.0,14.0,4.0,31.0,18.0,14.0,52.0,0.0,40.0,0.0,41.0,23.0,0.0,98.0,9.0,33.0,37.0,21.0,21.0,9.0,37.0,18.0,25.0,22.0,171.0,38.0,20.0,30.0,0.0,59.0,120.0,0.0,0.0,6.0,0.0,32.0,272.0,0.0,0.0,37.0,85.0,0.0,0.0,,,,,,,,,,,,,,,,,,,,,,,,,,,,,,,,,,,,,,,,,,,,,,,,,,,,,,,,,
160,6.0,0.0,15.0,20.0,9.0,9.0,6.0,3.0,31.0,19.0,12.0,0.0,6.0,108.0,39.0,8.0,45.0,0.0,17.0,0.0,0.0,44.0,46.0,13.0,50.0,14.0,17.0,170.0,72.0,29.0,86.0,41.0,54.0,139.0,0.0,0.0,0.0,109.0,0.0,0.0,,,,,,,,,,,,,,,,,,,,,,,,,,,,,,,,,,,,,,,,,,,,,,,,,,,,,,,,,,,,,,
161,19.0,15.0,41.0,57.0,0.0,11.0,19.0,38.0,30.0,24.0,7.0,0.0,0.0,159.0,0.0,177.0,54.0,46.0,26.0,12.0,7.0,18.0,46.0,0.0,7.0,0.0,0.0,0.0,0.0,0.0,0.0,0.0,0.0,0.0,24.0,0.0,38.0,0.0,0.0,1.0,18.0,0.0,0.0,0.0,0.0,,,,,,,,,,,,,,,,,,,,,,,,,,,,,,,,,,,,,,,,,,,,,,,,,,,,,,,,,
162,23.0,9.0,5.0,9.0,32.0,7.0,0.0,24.0,9.0,22.0,0.0,43.0,0.0,0.0,12.0,37.0,44.0,1.0,51.0,18.0,48.0,6.0,22.0,20.0,45.0,9.0,0.0,3.0,65.0,54.0,51.0,0.0,22.0,1.0,16.0,33.0,27.0,6.0,0.0,13.0,0.0,26.0,0.0,65.0,37.0,70.0,0.0,0.0,7.0,7.0,0.0,67.0,0.0,0.0,136.0,0.0,0.0,0.0,0.0,43.0,0.0,,,,,,,,,,,,,,,,,,,,,,,,,,,,,,,,,,,,,,,,,
163,3.0,16.0,10.0,35.0,66.0,0.0,13.0,22.0,3.0,38.0,6.0,21.0,1.0,5.0,45.0,18.0,10.0,0.0,0.0,0.0,0.0,0.0,0.0,0.0,97.0,21.0,23.0,25.0,36.0,0.0,16.0,92.0,15.0,81.0,0.0,192.0,0.0,256.0,0.0,26.0,47.0,50.0,55.0,594.0,0.0,202.0,56.0,82.0,12.0,0.0,108.0,0.0,0.0,0.0,0.0,0.0,22.0,11.0,34.0,28.0,17.0,10.0,4.0,5.0,4.0,10.0,0.0,3.0,,,,,,,,,,,,,,,,,,,,,,,,,,,,,,,,,,
164,18.0,11.0,0.0,0.0,0.0,13.0,40.0,16.0,32.0,130.0,0.0,4.0,0.0,60.0,13.0,36.0,5.0,7.0,3.0,2.0,23.0,11.0,20.0,0.0,13.0,0.0,6.0,0.0,0.0,18.0,,,,,,,,,,,,,,,,,,,,,,,,,,,,,,,,,,,,,,,,,,,,,,,,,,,,,,,,,,,,,,,,,,,,,,,,
165,11.0,4.0,39.0,29.0,4.0,33.0,24.0,24.0,83.0,0.0,43.0,0.0,0.0,24.0,36.0,49.0,42.0,70.0,119.0,68.0,0.0,21.0,51.0,48.0,64.0,45.0,0.0,0.0,68.0,221.0,0.0,0.0,41.0,113.0,94.0,0.0,5.0,71.0,24.0,26.0,16.0,18.0,138.0,10.0,0.0,7.0,0.0,20.0,5.0,10.0,0.0,66.0,195.0,408.0,24.0,0.0,0.0,332.0,0.0,0.0,0.0,0.0,0.0,0.0,,,,,,,,,,,,,,,,,,,,,,,,,,,,,,,,,,,,,,
166,12.0,0.0,6.0,0.0,15.0,2.0,36.0,18.0,13.0,16.0,33.0,73.0,0.0,73.0,0.0,0.0,11.0,20.0,37.0,136.0,19.0,9.0,97.0,7.0,12.0,9.0,0.0,0.0,40.0,36.0,45.0,33.0,0.0,39.0,20.0,0.0,0.0,0.0,0.0,0.0,16.0,24.0,65.0,4.0,0.0,9.0,21.0,0.0,42.0,8.0,37.0,0.0,26.0,0.0,0.0,0.0,0.0,0.0,0.0,0.0,0.0,0.0,0.0,0.0,,,,,,,,,,,,,,,,,,,,,,,,,,,,,,,,,,,,,,
167,6.0,0.0,20.0,25.0,6.0,21.0,6.0,9.0,19.0,0.0,26.0,16.0,0.0,12.0,0.0,170.0,23.0,19.0,48.0,15.0,13.0,17.0,0.0,2.0,0.0,27.0,29.0,21.0,0.0,,,,,,,,,,,,,,,,,,,,,,,,,,,,,,,,,,,,,,,,,,,,,,,,,,,,,,,,,,,,,,,,,,,,,,,,,
168,5.0,40.0,0.0,5.0,26.0,10.0,14.0,10.0,17.0,23.0,3.0,20.0,30.0,46.0,15.0,0.0,2.0,59.0,68.0,0.0,0.0,16.0,0.0,0.0,0.0,0.0,29.0,83.0,6.0,22.0,42.0,35.0,0.0,0.0,0.0,12.0,,,,,,,,,,,,,,,,,,,,,,,,,,,,,,,,,,,,,,,,,,,,,,,,,,,,,,,,,,,,,,,,,,
169,9.0,16.0,0.0,0.0,2.0,23.0,0.0,0.0,17.0,9.0,5.0,40.0,0.0,11.0,23.0,0.0,0.0,0.0,17.0,6.0,25.0,0.0,0.0,20.0,0.0,12.0,0.0,46.0,94.0,36.0,10.0,12.0,34.0,17.0,0.0,0.0,0.0,359.0,0.0,0.0,,,,,,,,,,,,,,,,,,,,,,,,,,,,,,,,,,,,,,,,,,,,,,,,,,,,,,,,,,,,,,
170,1.0,0.0,7.0,11.0,7.0,39.0,28.0,15.0,11.0,3.0,42.0,0.0,57.0,16.0,0.0,41.0,28.0,0.0,61.0,25.0,38.0,9.0,71.0,1.0,67.0,15.0,58.0,12.0,33.0,71.0,0.0,0.0,0.0,0.0,0.0,0.0,,,,,,,,,,,,,,,,,,,,,,,,,,,,,,,,,,,,,,,,,,,,,,,,,,,,,,,,,,,,,,,,,,
171,9.0,2.0,2.0,11.0,1.0,6.0,21.0,15.0,5.0,4.0,16.0,0.0,38.0,17.0,13.0,6.0,86.0,0.0,36.0,3.0,15.0,0.0,29.0,4.0,16.0,61.0,0.0,53.0,55.0,27.0,0.0,0.0,0.0,,,,,,,,,,,,,,,,,,,,,,,,,,,,,,,,,,,,,,,,,,,,,,,,,,,,,,,,,,,,,,,,,,,,,
172,0.0,3.0,17.0,11.0,38.0,0.0,5.0,36.0,0.0,1.0,4.0,1.0,0.0,0.0,14.0,10.0,90.0,0.0,18.0,42.0,51.0,15.0,0.0,29.0,5.0,7.0,13.0,1.0,12.0,14.0,10.0,17.0,3.0,19.0,30.0,55.0,,,,,,,,,,,,,,,,,,,,,,,,,,,,,,,,,,,,,,,,,,,,,,,,,,,,,,,,,,,,,,,,,,
173,18.0,11.0,8.0,13.0,4.0,32.0,20.0,26.0,0.0,5.0,98.0,0.0,18.0,169.0,0.0,0.0,0.0,90.0,0.0,11.0,126.0,20.0,9.0,71.0,0.0,72.0,43.0,243.0,177.0,0.0,7.0,0.0,0.0,85.0,70.0,0.0,66.0,10.0,78.0,,,,,,,,,,,,,,,,,,,,,,,,,,,,,,,,,,,,,,,,,,,,,,,,,,,,,,,,,,,,,,,
174,0.0,9.0,20.0,2.0,14.0,37.0,45.0,56.0,34.0,10.0,25.0,14.0,34.0,4.0,39.0,28.0,37.0,18.0,1.0,0.0,0.0,0.0,0.0,0.0,26.0,0.0,1.0,0.0,0.0,8.0,0.0,,,,,,,,,,,,,,,,,,,,,,,,,,,,,,,,,,,,,,,,,,,,,,,,,,,,,,,,,,,,,,,,,,,,,,,
175,0.0,2.0,0.0,0.0,20.0,11.0,0.0,0.0,15.0,28.0,1.0,25.0,4.0,13.0,45.0,18.0,0.0,43.0,39.0,57.0,19.0,11.0,0.0,41.0,52.0,169.0,139.0,21.0,166.0,52.0,4.0,58.0,13.0,0.0,172.0,0.0,7.0,0.0,139.0,0.0,9.0,6.0,153.0,43.0,0.0,1.0,0.0,16.0,0.0,0.0,0.0,,,,,,,,,,,,,,,,,,,,,,,,,,,,,,,,,,,,,,,,,,,,,,,,,,,
176,3.0,11.0,0.0,13.0,14.0,0.0,0.0,5.0,6.0,0.0,0.0,37.0,5.0,0.0,31.0,7.0,12.0,20.0,0.0,36.0,234.0,0.0,0.0,0.0,21.0,0.0,0.0,,,,,,,,,,,,,,,,,,,,,,,,,,,,,,,,,,,,,,,,,,,,,,,,,,,,,,,,,,,,,,,,,,,,,,,,,,,
177,25.0,5.0,10.0,3.0,11.0,17.0,13.0,30.0,95.0,26.0,11.0,0.0,20.0,27.0,71.0,60.0,16.0,0.0,47.0,6.0,0.0,0.0,12.0,32.0,0.0,2.0,109.0,33.0,74.0,51.0,19.0,64.0,199.0,0.0,448.0,483.0,0.0,30.0,17.0,13.0,0.0,0.0,0.0,,,,,,,,,,,,,,,,,,,,,,,,,,,,,,,,,,,,,,,,,,,,,,,,,,,,,,,,,,,
178,28.0,11.0,23.0,17.0,13.0,9.0,0.0,6.0,8.0,34.0,6.0,11.0,13.0,106.0,59.0,7.0,0.0,0.0,197.0,9.0,3.0,0.0,1.0,0.0,0.0,21.0,0.0,11.0,22.0,29.0,5.0,32.0,55.0,49.0,1.0,19.0,104.0,9.0,0.0,26.0,8.0,19.0,7.0,0.0,305.0,0.0,0.0,104.0,9.0,44.0,56.0,,,,,,,,,,,,,,,,,,,,,,,,,,,,,,,,,,,,,,,,,,,,,,,,,,,
179,8.0,0.0,33.0,0.0,0.0,2.0,19.0,27.0,33.0,74.0,0.0,0.0,91.0,0.0,116.0,24.0,9.0,72.0,0.0,0.0,0.0,0.0,0.0,107.0,0.0,0.0,,,,,,,,,,,,,,,,,,,,,,,,,,,,,,,,,,,,,,,,,,,,,,,,,,,,,,,,,,,,,,,,,,,,,,,,,,,,
180,29.0,6.0,24.0,7.0,41.0,14.0,52.0,31.0,18.0,46.0,17.0,25.0,0.0,15.0,8.0,13.0,74.0,15.0,1.0,58.0,88.0,19.0,96.0,16.0,14.0,9.0,79.0,0.0,10.0,19.0,41.0,0.0,14.0,13.0,3.0,192.0,26.0,39.0,73.0,36.0,67.0,6.0,281.0,0.0,118.0,107.0,104.0,112.0,75.0,12.0,0.0,53.0,4.0,21.0,9.0,75.0,65.0,132.0,65.0,35.0,0.0,38.0,39.0,,,,,,,,,,,,,,,,,,,,,,,,,,,,,,,,,,,,,,,
181,0.0,11.0,33.0,0.0,8.0,0.0,0.0,28.0,0.0,0.0,9.0,34.0,18.0,0.0,0.0,1.0,0.0,39.0,0.0,0.0,7.0,22.0,0.0,0.0,,,,,,,,,,,,,,,,,,,,,,,,,,,,,,,,,,,,,,,,,,,,,,,,,,,,,,,,,,,,,,,,,,,,,,,,,,,,,,
182,8.0,12.0,10.0,0.0,9.0,2.0,7.0,3.0,20.0,1.0,24.0,9.0,13.0,28.0,0.0,4.0,24.0,0.0,2.0,0.0,4.0,41.0,14.0,0.0,0.0,0.0,,,,,,,,,,,,,,,,,,,,,,,,,,,,,,,,,,,,,,,,,,,,,,,,,,,,,,,,,,,,,,,,,,,,,,,,,,,,
183,25.0,12.0,10.0,15.0,4.0,7.0,45.0,39.0,42.0,0.0,0.0,36.0,0.0,81.0,15.0,64.0,14.0,73.0,20.0,1.0,45.0,30.0,12.0,72.0,0.0,0.0,0.0,0.0,0.0,141.0,0.0,0.0,178.0,1.0,0.0,0.0,0.0,0.0,0.0,0.0,0.0,0.0,0.0,,,,,,,,,,,,,,,,,,,,,,,,,,,,,,,,,,,,,,,,,,,,,,,,,,,,,,,,,,,
184,15.0,10.0,0.0,10.0,30.0,23.0,3.0,3.0,0.0,4.0,6.0,17.0,0.0,5.0,0.0,10.0,30.0,32.0,7.0,36.0,11.0,138.0,5.0,66.0,0.0,8.0,52.0,12.0,0.0,,,,,,,,,,,,,,,,,,,,,,,,,,,,,,,,,,,,,,,,,,,,,,,,,,,,,,,,,,,,,,,,,,,,,,,,,
185,8.0,2.0,0.0,27.0,20.0,26.0,23.0,38.0,10.0,0.0,17.0,2.0,6.0,2.0,65.0,2.0,14.0,4.0,2.0,4.0,16.0,0.0,32.0,0.0,0.0,8.0,0.0,0.0,22.0,0.0,5.0,0.0,7.0,4.0,0.0,0.0,7.0,3.0,5.0,3.0,0.0,69.0,0.0,,,,,,,,,,,,,,,,,,,,,,,,,,,,,,,,,,,,,,,,,,,,,,,,,,,,,,,,,,,
186,15.0,10.0,12.0,9.0,27.0,16.0,4.0,21.0,6.0,16.0,2.0,10.0,8.0,42.0,40.0,11.0,36.0,34.0,34.0,0.0,20.0,0.0,0.0,25.0,0.0,4.0,71.0,7.0,31.0,59.0,21.0,1.0,20.0,59.0,23.0,0.0,6.0,37.0,4.0,3.0,0.0,0.0,0.0,0.0,0.0,0.0,0.0,130.0,0.0,0.0,46.0,0.0,0.0,0.0,0.0,0.0,0.0,0.0,,,,,,,,,,,,,,,,,,,,,,,,,,,,,,,,,,,,,,,,,,,,
187,15.0,2.0,8.0,10.0,52.0,24.0,29.0,23.0,13.0,0.0,16.0,38.0,15.0,45.0,0.0,13.0,47.0,2.0,0.0,3.0,22.0,33.0,121.0,13.0,28.0,0.0,0.0,5.0,0.0,0.0,82.0,119.0,1.0,1.0,7.0,0.0,110.0,84.0,0.0,0.0,22.0,10.0,34.0,28.0,0.0,33.0,61.0,0.0,182.0,7.0,95.0,22.0,10.0,91.0,18.0,0.0,35.0,0.0,0.0,0.0,,,,,,,,,,,,,,,,,,,,,,,,,,,,,,,,,,,,,,,,,,
188,26.0,18.0,12.0,10.0,3.0,0.0,21.0,36.0,17.0,11.0,16.0,0.0,0.0,0.0,18.0,88.0,1.0,61.0,21.0,16.0,71.0,0.0,85.0,17.0,61.0,118.0,13.0,94.0,0.0,103.0,0.0,367.0,0.0,0.0,59.0,,,,,,,,,,,,,,,,,,,,,,,,,,,,,,,,,,,,,,,,,,,,,,,,,,,,,,,,,,,,,,,,,,,
189,17.0,6.0,7.0,14.0,14.0,18.0,19.0,0.0,22.0,18.0,19.0,5.0,77.0,4.0,0.0,19.0,4.0,7.0,25.0,20.0,12.0,4.0,30.0,18.0,0.0,11.0,0.0,0.0,54.0,44.0,23.0,0.0,0.0,21.0,,,,,,,,,,,,,,,,,,,,,,,,,,,,,,,,,,,,,,,,,,,,,,,,,,,,,,,,,,,,,,,,,,,,
190,13.0,16.0,25.0,28.0,38.0,0.0,55.0,46.0,4.0,31.0,36.0,19.0,26.0,24.0,10.0,0.0,8.0,16.0,0.0,42.0,0.0,0.0,5.0,0.0,45.0,0.0,22.0,19.0,0.0,0.0,0.0,22.0,27.0,155.0,81.0,11.0,48.0,0.0,25.0,0.0,0.0,12.0,3.0,13.0,48.0,,,,,,,,,,,,,,,,,,,,,,,,,,,,,,,,,,,,,,,,,,,,,,,,,,,,,,,,,
191,19.0,6.0,13.0,7.0,13.0,6.0,19.0,0.0,19.0,29.0,41.0,24.0,27.0,0.0,71.0,2.0,7.0,56.0,0.0,0.0,26.0,0.0,,,,,,,,,,,,,,,,,,,,,,,,,,,,,,,,,,,,,,,,,,,,,,,,,,,,,,,,,,,,,,,,,,,,,,,,,,,,,,,,
192,5.0,8.0,18.0,0.0,5.0,14.0,0.0,0.0,13.0,23.0,4.0,120.0,29.0,1.0,13.0,0.0,29.0,0.0,0.0,8.0,0.0,9.0,0.0,0.0,0.0,13.0,0.0,4.0,0.0,0.0,0.0,0.0,,,,,,,,,,,,,,,,,,,,,,,,,,,,,,,,,,,,,,,,,,,,,,,,,,,,,,,,,,,,,,,,,,,,,,
193,7.0,26.0,7.0,30.0,16.0,23.0,39.0,38.0,27.0,62.0,30.0,5.0,10.0,0.0,0.0,43.0,3.0,31.0,0.0,22.0,9.0,31.0,139.0,17.0,13.0,4.0,0.0,27.0,61.0,104.0,83.0,96.0,307.0,120.0,0.0,9.0,392.0,276.0,117.0,0.0,74.0,0.0,25.0,0.0,0.0,0.0,17.0,0.0,0.0,0.0,0.0,0.0,0.0,0.0,0.0,,,,,,,,,,,,,,,,,,,,,,,,,,,,,,,,,,,,,,,,,,,,,,,
194,0.0,15.0,0.0,36.0,0.0,5.0,10.0,14.0,11.0,34.0,1.0,54.0,3.0,0.0,18.0,16.0,30.0,5.0,99.0,7.0,96.0,3.0,8.0,13.0,31.0,0.0,3.0,0.0,2.0,0.0,0.0,63.0,41.0,0.0,34.0,124.0,31.0,136.0,0.0,102.0,0.0,0.0,0.0,6.0,31.0,,,,,,,,,,,,,,,,,,,,,,,,,,,,,,,,,,,,,,,,,,,,,,,,,,,,,,,,,
195,12.0,24.0,22.0,38.0,2.0,12.0,9.0,1.0,13.0,15.0,3.0,21.0,30.0,0.0,0.0,10.0,26.0,13.0,86.0,0.0,3.0,26.0,0.0,0.0,5.0,14.0,21.0,0.0,7.0,13.0,11.0,170.0,0.0,175.0,269.0,973.0,0.0,,,,,,,,,,,,,,,,,,,,,,,,,,,,,,,,,,,,,,,,,,,,,,,,,,,,,,,,,,,,,,,,,
196,0.0,13.0,0.0,17.0,9.0,0.0,0.0,28.0,0.0,22.0,0.0,18.0,62.0,0.0,0.0,7.0,71.0,0.0,3.0,180.0,15.0,6.0,22.0,3.0,3.0,0.0,,,,,,,,,,,,,,,,,,,,,,,,,,,,,,,,,,,,,,,,,,,,,,,,,,,,,,,,,,,,,,,,,,,,,,,,,,,,
197,25.0,14.0,22.0,9.0,8.0,11.0,10.0,9.0,18.0,7.0,27.0,0.0,20.0,0.0,13.0,0.0,0.0,0.0,0.0,7.0,34.0,21.0,12.0,82.0,57.0,65.0,0.0,10.0,0.0,158.0,0.0,0.0,0.0,6.0,41.0,0.0,26.0,0.0,0.0,0.0,,,,,,,,,,,,,,,,,,,,,,,,,,,,,,,,,,,,,,,,,,,,,,,,,,,,,,,,,,,,,,
198,15.0,1.0,27.0,21.0,2.0,3.0,17.0,14.0,25.0,0.0,10.0,37.0,0.0,11.0,26.0,137.0,41.0,42.0,0.0,0.0,54.0,22.0,31.0,58.0,92.0,0.0,0.0,389.0,61.0,128.0,37.0,0.0,0.0,,,,,,,,,,,,,,,,,,,,,,,,,,,,,,,,,,,,,,,,,,,,,,,,,,,,,,,,,,,,,,,,,,,,,
199,12.0,9.0,4.0,16.0,0.0,20.0,15.0,0.0,49.0,76.0,26.0,35.0,12.0,28.0,23.0,4.0,0.0,0.0,0.0,0.0,,,,,,,,,,,,,,,,,,,,,,,,,,,,,,,,,,,,,,,,,,,,,,,,,,,,,,,,,,,,,,,,,,,,,,,,,,,,,,,,,,
200,12.0,22.0,0.0,10.0,7.0,1.0,4.0,16.0,0.0,0.0,18.0,13.0,12.0,34.0,22.0,11.0,56.0,59.0,21.0,9.0,21.0,19.0,0.0,40.0,0.0,32.0,,,,,,,,,,,,,,,,,,,,,,,,,,,,,,,,,,,,,,,,,,,,,,,,,,,,,,,,,,,,,,,,,,,,,,,,,,,,
201,9.0,15.0,8.0,14.0,14.0,26.0,26.0,0.0,6.0,1.0,57.0,30.0,0.0,0.0,0.0,42.0,14.0,48.0,18.0,110.0,0.0,86.0,5.0,170.0,45.0,30.0,0.0,0.0,0.0,0.0,0.0,76.0,34.0,41.0,31.0,12.0,95.0,0.0,35.0,3.0,,,,,,,,,,,,,,,,,,,,,,,,,,,,,,,,,,,,,,,,,,,,,,,,,,,,,,,,,,,,,,
202,14.0,17.0,31.0,31.0,33.0,32.0,11.0,13.0,11.0,72.0,162.0,0.0,14.0,17.0,8.0,57.0,0.0,12.0,0.0,0.0,96.0,70.0,0.0,34.0,7.0,15.0,0.0,,,,,,,,,,,,,,,,,,,,,,,,,,,,,,,,,,,,,,,,,,,,,,,,,,,,,,,,,,,,,,,,,,,,,,,,,,,
203,26.0,0.0,6.0,0.0,24.0,29.0,16.0,29.0,10.0,48.0,4.0,3.0,24.0,4.0,21.0,0.0,0.0,0.0,13.0,,,,,,,,,,,,,,,,,,,,,,,,,,,,,,,,,,,,,,,,,,,,,,,,,,,,,,,,,,,,,,,,,,,,,,,,,,,,,,,,,,,
204,44.0,0.0,1.0,56.0,27.0,30.0,0.0,27.0,4.0,64.0,19.0,0.0,23.0,20.0,20.0,11.0,39.0,10.0,55.0,41.0,37.0,0.0,49.0,0.0,24.0,,,,,,,,,,,,,,,,,,,,,,,,,,,,,,,,,,,,,,,,,,,,,,,,,,,,,,,,,,,,,,,,,,,,,,,,,,,,,
205,20.0,4.0,1.0,18.0,0.0,17.0,26.0,7.0,52.0,0.0,34.0,0.0,0.0,46.0,165.0,52.0,0.0,67.0,8.0,0.0,19.0,181.0,0.0,114.0,33.0,0.0,69.0,0.0,30.0,22.0,20.0,0.0,33.0,0.0,0.0,16.0,18.0,19.0,12.0,92.0,0.0,1.0,0.0,0.0,0.0,0.0,0.0,0.0,0.0,,,,,,,,,,,,,,,,,,,,,,,,,,,,,,,,,,,,,,,,,,,,,,,,,,,,,
206,0.0,0.0,16.0,0.0,15.0,36.0,1.0,1.0,6.0,11.0,28.0,2.0,85.0,1.0,0.0,0.0,11.0,0.0,75.0,0.0,4.0,162.0,6.0,1.0,60.0,0.0,82.0,0.0,20.0,0.0,17.0,0.0,87.0,54.0,0.0,0.0,261.0,0.0,0.0,157.0,7.0,0.0,0.0,27.0,18.0,48.0,252.0,0.0,,,,,,,,,,,,,,,,,,,,,,,,,,,,,,,,,,,,,,,,,,,,,,,,,,,,,,
207,6.0,0.0,4.0,26.0,5.0,39.0,46.0,32.0,58.0,50.0,25.0,5.0,0.0,4.0,110.0,31.0,82.0,21.0,120.0,0.0,10.0,136.0,0.0,63.0,18.0,3.0,,,,,,,,,,,,,,,,,,,,,,,,,,,,,,,,,,,,,,,,,,,,,,,,,,,,,,,,,,,,,,,,,,,,,,,,,,,,
208,0.0,17.0,4.0,9.0,0.0,13.0,69.0,0.0,0.0,3.0,17.0,8.0,11.0,45.0,0.0,53.0,32.0,23.0,27.0,79.0,42.0,122.0,0.0,22.0,0.0,0.0,0.0,0.0,0.0,0.0,,,,,,,,,,,,,,,,,,,,,,,,,,,,,,,,,,,,,,,,,,,,,,,,,,,,,,,,,,,,,,,,,,,,,,,,
209,0.0,22.0,7.0,30.0,24.0,0.0,25.0,0.0,10.0,17.0,13.0,0.0,0.0,3.0,0.0,194.0,0.0,138.0,0.0,0.0,10.0,0.0,0.0,,,,,,,,,,,,,,,,,,,,,,,,,,,,,,,,,,,,,,,,,,,,,,,,,,,,,,,,,,,,,,,,,,,,,,,,,,,,,,,
210,6.0,15.0,16.0,16.0,8.0,0.0,0.0,14.0,0.0,18.0,2.0,0.0,45.0,16.0,9.0,1.0,159.0,24.0,43.0,0.0,1.0,91.0,55.0,0.0,6.0,0.0,18.0,1.0,0.0,0.0,0.0,,,,,,,,,,,,,,,,,,,,,,,,,,,,,,,,,,,,,,,,,,,,,,,,,,,,,,,,,,,,,,,,,,,,,,,
211,7.0,18.0,33.0,23.0,3.0,0.0,43.0,35.0,0.0,36.0,40.0,30.0,74.0,29.0,20.0,92.0,40.0,24.0,124.0,193.0,26.0,0.0,33.0,35.0,28.0,33.0,57.0,35.0,0.0,26.0,38.0,0.0,0.0,0.0,7.0,142.0,0.0,0.0,0.0,380.0,27.0,0.0,0.0,0.0,,,,,,,,,,,,,,,,,,,,,,,,,,,,,,,,,,,,,,,,,,,,,,,,,,,,,,,,,,
212,15.0,1.0,2.0,19.0,8.0,6.0,18.0,19.0,12.0,4.0,0.0,11.0,7.0,20.0,18.0,32.0,17.0,0.0,15.0,29.0,0.0,25.0,109.0,0.0,60.0,44.0,90.0,27.0,72.0,0.0,0.0,0.0,26.0,28.0,0.0,0.0,6.0,14.0,107.0,2.0,0.0,0.0,23.0,0.0,0.0,338.0,0.0,31.0,0.0,0.0,50.0,0.0,0.0,0.0,0.0,0.0,0.0,206.0,0.0,34.0,9.0,0.0,26.0,0.0,0.0,0.0,0.0,0.0,0.0,0.0,0.0,,,,,,,,,,,,,,,,,,,,,,,,,,,,,,,
213,8.0,36.0,0.0,37.0,12.0,25.0,26.0,12.0,19.0,11.0,33.0,35.0,21.0,14.0,0.0,69.0,28.0,96.0,0.0,9.0,35.0,35.0,2.0,20.0,0.0,52.0,0.0,4.0,1.0,0.0,5.0,2.0,4.0,13.0,4.0,0.0,0.0,3.0,0.0,0.0,9.0,294.0,,,,,,,,,,,,,,,,,,,,,,,,,,,,,,,,,,,,,,,,,,,,,,,,,,,,,,,,,,,,
214,0.0,7.0,0.0,0.0,7.0,10.0,10.0,11.0,9.0,12.0,0.0,,,,,,,,,,,,,,,,,,,,,,,,,,,,,,,,,,,,,,,,,,,,,,,,,,,,,,,,,,,,,,,,,,,,,,,,,,,,,,,,,,,,,,,,,,,
215,10.0,0.0,5.0,12.0,7.0,3.0,15.0,15.0,18.0,24.0,9.0,21.0,43.0,2.0,66.0,0.0,3.0,37.0,17.0,128.0,34.0,0.0,32.0,59.0,0.0,27.0,5.0,0.0,28.0,0.0,0.0,0.0,172.0,127.0,1.0,0.0,0.0,0.0,0.0,4.0,113.0,36.0,0.0,0.0,38.0,35.0,27.0,0.0,63.0,0.0,63.0,6.0,,,,,,,,,,,,,,,,,,,,,,,,,,,,,,,,,,,,,,,,,,,,,,,,,,
216,26.0,13.0,0.0,57.0,15.0,39.0,73.0,2.0,8.0,13.0,29.0,6.0,19.0,27.0,47.0,18.0,8.0,0.0,68.0,0.0,45.0,30.0,2.0,8.0,0.0,0.0,25.0,0.0,0.0,47.0,0.0,81.0,0.0,367.0,0.0,,,,,,,,,,,,,,,,,,,,,,,,,,,,,,,,,,,,,,,,,,,,,,,,,,,,,,,,,,,,,,,,,,,
217,0.0,25.0,18.0,0.0,36.0,0.0,15.0,35.0,20.0,13.0,15.0,0.0,29.0,5.0,15.0,0.0,5.0,46.0,20.0,51.0,28.0,0.0,6.0,33.0,0.0,35.0,0.0,17.0,51.0,3.0,43.0,0.0,0.0,0.0,0.0,27.0,0.0,0.0,89.0,,,,,,,,,,,,,,,,,,,,,,,,,,,,,,,,,,,,,,,,,,,,,,,,,,,,,,,,,,,,,,,
218,13.0,20.0,2.0,38.0,36.0,2.0,30.0,3.0,13.0,4.0,17.0,11.0,19.0,0.0,28.0,5.0,40.0,50.0,45.0,60.0,53.0,0.0,19.0,50.0,26.0,29.0,28.0,15.0,27.0,16.0,0.0,13.0,19.0,1.0,0.0,24.0,0.0,0.0,97.0,4.0,0.0,40.0,0.0,0.0,0.0,0.0,,,,,,,,,,,,,,,,,,,,,,,,,,,,,,,,,,,,,,,,,,,,,,,,,,,,,,,,
219,12.0,11.0,23.0,0.0,5.0,0.0,36.0,11.0,15.0,1.0,39.0,28.0,55.0,12.0,5.0,0.0,7.0,37.0,0.0,0.0,0.0,3.0,1.0,0.0,0.0,0.0,4.0,0.0,0.0,,,,,,,,,,,,,,,,,,,,,,,,,,,,,,,,,,,,,,,,,,,,,,,,,,,,,,,,,,,,,,,,,,,,,,,,,
220,1.0,25.0,11.0,7.0,0.0,17.0,21.0,0.0,17.0,12.0,0.0,13.0,0.0,0.0,7.0,0.0,59.0,104.0,13.0,3.0,0.0,41.0,30.0,36.0,29.0,54.0,27.0,18.0,0.0,0.0,0.0,0.0,0.0,43.0,64.0,30.0,5.0,12.0,68.0,,,,,,,,,,,,,,,,,,,,,,,,,,,,,,,,,,,,,,,,,,,,,,,,,,,,,,,,,,,,,,,
221,5.0,2.0,0.0,18.0,9.0,30.0,2.0,13.0,20.0,64.0,22.0,0.0,9.0,20.0,73.0,14.0,25.0,101.0,0.0,45.0,55.0,31.0,19.0,68.0,63.0,155.0,132.0,195.0,,,,,,,,,,,,,,,,,,,,,,,,,,,,,,,,,,,,,,,,,,,,,,,,,,,,,,,,,,,,,,,,,,,,,,,,,,
222,0.0,14.0,19.0,19.0,0.0,0.0,40.0,13.0,26.0,38.0,2.0,0.0,21.0,61.0,29.0,23.0,5.0,12.0,7.0,17.0,163.0,17.0,7.0,0.0,0.0,21.0,0.0,0.0,0.0,19.0,0.0,7.0,32.0,18.0,23.0,9.0,9.0,23.0,13.0,0.0,0.0,0.0,32.0,1.0,0.0,4.0,2.0,19.0,0.0,4.0,8.0,0.0,3.0,0.0,0.0,9.0,,,,,,,,,,,,,,,,,,,,,,,,,,,,,,,,,,,,,,,,,,,,,,
223,3.0,0.0,8.0,12.0,55.0,14.0,50.0,0.0,0.0,0.0,0.0,28.0,87.0,0.0,22.0,0.0,58.0,23.0,75.0,0.0,74.0,33.0,25.0,3.0,0.0,0.0,23.0,9.0,42.0,34.0,64.0,5.0,7.0,18.0,4.0,3.0,27.0,2.0,55.0,28.0,32.0,43.0,37.0,21.0,0.0,0.0,1.0,137.0,118.0,19.0,0.0,3.0,22.0,0.0,0.0,0.0,0.0,0.0,0.0,0.0,0.0,0.0,0.0,0.0,0.0,0.0,0.0,,,,,,,,,,,,,,,,,,,,,,,,,,,,,,,,,,,
224,13.0,5.0,7.0,6.0,3.0,2.0,9.0,2.0,30.0,11.0,18.0,11.0,1.0,0.0,4.0,46.0,56.0,58.0,25.0,26.0,0.0,0.0,0.0,9.0,18.0,0.0,21.0,0.0,8.0,39.0,99.0,42.0,0.0,3.0,26.0,27.0,58.0,34.0,46.0,120.0,4.0,47.0,83.0,0.0,0.0,0.0,0.0,,,,,,,,,,,,,,,,,,,,,,,,,,,,,,,,,,,,,,,,,,,,,,,,,,,,,,,
225,0.0,25.0,17.0,4.0,6.0,14.0,10.0,3.0,11.0,20.0,5.0,0.0,8.0,27.0,27.0,1.0,0.0,0.0,23.0,34.0,0.0,6.0,18.0,70.0,,,,,,,,,,,,,,,,,,,,,,,,,,,,,,,,,,,,,,,,,,,,,,,,,,,,,,,,,,,,,,,,,,,,,,,,,,,,,,
226,26.0,3.0,0.0,16.0,0.0,27.0,13.0,8.0,18.0,103.0,7.0,0.0,6.0,0.0,49.0,18.0,12.0,0.0,40.0,0.0,54.0,8.0,9.0,7.0,0.0,74.0,33.0,4.0,92.0,0.0,0.0,0.0,0.0,3.0,0.0,0.0,0.0,28.0,109.0,0.0,14.0,0.0,0.0,0.0,0.0,76.0,18.0,272.0,147.0,7.0,0.0,0.0,152.0,9.0,6.0,4.0,0.0,0.0,69.0,0.0,0.0,0.0,0.0,,,,,,,,,,,,,,,,,,,,,,,,,,,,,,,,,,,,,,,
227,13.0,24.0,0.0,0.0,16.0,22.0,9.0,32.0,24.0,84.0,27.0,39.0,0.0,15.0,46.0,76.0,0.0,26.0,51.0,0.0,33.0,9.0,0.0,11.0,340.0,330.0,0.0,0.0,74.0,9.0,9.0,,,,,,,,,,,,,,,,,,,,,,,,,,,,,,,,,,,,,,,,,,,,,,,,,,,,,,,,,,,,,,,,,,,,,,,
228,11.0,0.0,0.0,32.0,37.0,22.0,11.0,0.0,84.0,51.0,0.0,26.0,22.0,7.0,31.0,0.0,2.0,0.0,60.0,0.0,,,,,,,,,,,,,,,,,,,,,,,,,,,,,,,,,,,,,,,,,,,,,,,,,,,,,,,,,,,,,,,,,,,,,,,,,,,,,,,,,,
229,34.0,0.0,36.0,0.0,33.0,15.0,36.0,26.0,12.0,6.0,19.0,0.0,0.0,7.0,37.0,7.0,14.0,52.0,19.0,43.0,0.0,0.0,42.0,20.0,14.0,117.0,0.0,35.0,22.0,0.0,0.0,4.0,0.0,39.0,79.0,48.0,34.0,60.0,,,,,,,,,,,,,,,,,,,,,,,,,,,,,,,,,,,,,,,,,,,,,,,,,,,,,,,,,,,,,,,,
230,0.0,3.0,14.0,56.0,23.0,5.0,25.0,31.0,17.0,51.0,22.0,0.0,17.0,20.0,0.0,50.0,74.0,8.0,0.0,49.0,68.0,3.0,0.0,37.0,27.0,7.0,0.0,0.0,36.0,80.0,32.0,30.0,0.0,0.0,3.0,0.0,0.0,0.0,0.0,4.0,0.0,0.0,4.0,0.0,0.0,0.0,0.0,5.0,4.0,0.0,0.0,0.0,0.0,0.0,0.0,0.0,1.0,0.0,0.0,0.0,0.0,0.0,0.0,,,,,,,,,,,,,,,,,,,,,,,,,,,,,,,,,,,,,,,
231,15.0,39.0,16.0,0.0,0.0,14.0,63.0,33.0,0.0,75.0,93.0,51.0,0.0,162.0,99.0,23.0,53.0,14.0,0.0,1.0,19.0,0.0,0.0,89.0,0.0,0.0,0.0,17.0,2.0,0.0,0.0,21.0,46.0,85.0,197.0,,,,,,,,,,,,,,,,,,,,,,,,,,,,,,,,,,,,,,,,,,,,,,,,,,,,,,,,,,,,,,,,,,,
232,29.0,43.0,8.0,5.0,12.0,3.0,2.0,106.0,26.0,30.0,2.0,26.0,0.0,33.0,4.0,28.0,8.0,13.0,31.0,20.0,2.0,0.0,0.0,0.0,0.0,4.0,5.0,0.0,0.0,0.0,33.0,0.0,0.0,0.0,,,,,,,,,,,,,,,,,,,,,,,,,,,,,,,,,,,,,,,,,,,,,,,,,,,,,,,,,,,,,,,,,,,,
233,2.0,16.0,19.0,1.0,0.0,19.0,0.0,45.0,0.0,4.0,52.0,13.0,0.0,25.0,9.0,95.0,165.0,0.0,3.0,29.0,32.0,7.0,38.0,16.0,14.0,59.0,0.0,156.0,9.0,80.0,139.0,29.0,0.0,2.0,0.0,81.0,5.0,1.0,17.0,0.0,6.0,0.0,21.0,0.0,0.0,0.0,0.0,0.0,0.0,4.0,3.0,5.0,1.0,,,,,,,,,,,,,,,,,,,,,,,,,,,,,,,,,,,,,,,,,,,,,,,,,
234,20.0,11.0,23.0,43.0,48.0,1.0,13.0,12.0,35.0,0.0,8.0,15.0,35.0,26.0,46.0,39.0,12.0,6.0,0.0,3.0,18.0,0.0,53.0,26.0,40.0,42.0,13.0,4.0,38.0,27.0,36.0,4.0,19.0,0.0,358.0,27.0,0.0,0.0,0.0,0.0,0.0,,,,,,,,,,,,,,,,,,,,,,,,,,,,,,,,,,,,,,,,,,,,,,,,,,,,,,,,,,,,,
235,0.0,14.0,32.0,37.0,31.0,26.0,12.0,0.0,20.0,0.0,15.0,6.0,28.0,0.0,4.0,34.0,26.0,0.0,17.0,7.0,32.0,16.0,0.0,20.0,2.0,0.0,21.0,22.0,3.0,0.0,0.0,0.0,187.0,137.0,32.0,0.0,0.0,2.0,,,,,,,,,,,,,,,,,,,,,,,,,,,,,,,,,,,,,,,,,,,,,,,,,,,,,,,,,,,,,,,,
236,24.0,13.0,0.0,20.0,15.0,27.0,0.0,5.0,11.0,18.0,70.0,1.0,15.0,21.0,22.0,36.0,1.0,28.0,58.0,37.0,57.0,3.0,0.0,0.0,28.0,0.0,0.0,0.0,102.0,,,,,,,,,,,,,,,,,,,,,,,,,,,,,,,,,,,,,,,,,,,,,,,,,,,,,,,,,,,,,,,,,,,,,,,,,
237,22.0,13.0,33.0,15.0,10.0,15.0,17.0,14.0,3.0,35.0,25.0,66.0,7.0,21.0,83.0,27.0,12.0,71.0,19.0,28.0,11.0,0.0,20.0,0.0,17.0,36.0,20.0,23.0,,,,,,,,,,,,,,,,,,,,,,,,,,,,,,,,,,,,,,,,,,,,,,,,,,,,,,,,,,,,,,,,,,,,,,,,,,
238,13.0,20.0,10.0,0.0,0.0,0.0,42.0,2.0,19.0,26.0,0.0,17.0,26.0,6.0,19.0,6.0,0.0,3.0,20.0,6.0,15.0,5.0,13.0,0.0,36.0,147.0,0.0,0.0,0.0,0.0,240.0,82.0,44.0,79.0,0.0,79.0,55.0,59.0,22.0,27.0,67.0,33.0,0.0,40.0,146.0,141.0,6.0,0.0,0.0,0.0,0.0,0.0,0.0,,,,,,,,,,,,,,,,,,,,,,,,,,,,,,,,,,,,,,,,,,,,,,,,,
239,2.0,6.0,2.0,0.0,23.0,39.0,14.0,12.0,4.0,0.0,6.0,6.0,24.0,9.0,0.0,7.0,1.0,32.0,21.0,13.0,20.0,12.0,13.0,11.0,28.0,7.0,4.0,2.0,13.0,25.0,77.0,19.0,0.0,24.0,0.0,3.0,18.0,40.0,0.0,34.0,65.0,13.0,25.0,102.0,3.0,0.0,61.0,28.0,0.0,0.0,0.0,,,,,,,,,,,,,,,,,,,,,,,,,,,,,,,,,,,,,,,,,,,,,,,,,,,
240,7.0,1.0,10.0,1.0,0.0,15.0,10.0,26.0,16.0,14.0,0.0,17.0,29.0,6.0,0.0,35.0,0.0,12.0,62.0,27.0,12.0,23.0,18.0,0.0,11.0,0.0,50.0,4.0,1.0,0.0,7.0,0.0,34.0,22.0,3.0,20.0,29.0,86.0,0.0,3.0,0.0,6.0,0.0,0.0,0.0,0.0,0.0,0.0,0.0,0.0,0.0,0.0,0.0,0.0,0.0,0.0,0.0,0.0,0.0,0.0,0.0,0.0,0.0,0.0,0.0,0.0,0.0,0.0,0.0,0.0,0.0,0.0,0.0,,,,,,,,,,,,,,,,,,,,,,,,,,,,,
241,7.0,14.0,19.0,51.0,12.0,11.0,62.0,1.0,10.0,42.0,9.0,12.0,7.0,49.0,27.0,63.0,3.0,9.0,0.0,0.0,63.0,62.0,28.0,26.0,10.0,0.0,51.0,0.0,0.0,0.0,162.0,23.0,2.0,0.0,,,,,,,,,,,,,,,,,,,,,,,,,,,,,,,,,,,,,,,,,,,,,,,,,,,,,,,,,,,,,,,,,,,,
242,9.0,0.0,10.0,14.0,0.0,16.0,77.0,52.0,20.0,6.0,6.0,0.0,9.0,12.0,0.0,30.0,5.0,19.0,0.0,6.0,3.0,80.0,2.0,0.0,73.0,0.0,104.0,57.0,45.0,0.0,0.0,67.0,0.0,121.0,14.0,104.0,31.0,0.0,,,,,,,,,,,,,,,,,,,,,,,,,,,,,,,,,,,,,,,,,,,,,,,,,,,,,,,,,,,,,,,,
243,9.0,8.0,1.0,9.0,7.0,10.0,0.0,50.0,11.0,35.0,42.0,153.0,11.0,110.0,38.0,79.0,33.0,41.0,85.0,0.0,15.0,200.0,0.0,63.0,0.0,16.0,12.0,0.0,109.0,195.0,7.0,0.0,0.0,0.0,342.0,20.0,0.0,0.0,0.0,0.0,0.0,,,,,,,,,,,,,,,,,,,,,,,,,,,,,,,,,,,,,,,,,,,,,,,,,,,,,,,,,,,,,
244,18.0,20.0,5.0,31.0,8.0,20.0,2.0,12.0,11.0,0.0,48.0,0.0,7.0,16.0,27.0,71.0,15.0,14.0,0.0,0.0,1.0,0.0,0.0,0.0,106.0,20.0,0.0,35.0,0.0,21.0,0.0,0.0,0.0,0.0,0.0,208.0,0.0,29.0,0.0,0.0,25.0,0.0,0.0,0.0,6.0,0.0,0.0,,,,,,,,,,,,,,,,,,,,,,,,,,,,,,,,,,,,,,,,,,,,,,,,,,,,,,,
245,12.0,0.0,9.0,6.0,0.0,0.0,7.0,58.0,24.0,18.0,0.0,0.0,0.0,0.0,0.0,0.0,0.0,0.0,,,,,,,,,,,,,,,,,,,,,,,,,,,,,,,,,,,,,,,,,,,,,,,,,,,,,,,,,,,,,,,,,,,,,,,,,,,,,,,,,,,,
246,12.0,3.0,8.0,0.0,28.0,5.0,0.0,10.0,23.0,7.0,0.0,41.0,2.0,31.0,26.0,40.0,3.0,7.0,14.0,10.0,24.0,6.0,112.0,48.0,9.0,40.0,15.0,99.0,55.0,40.0,0.0,80.0,121.0,38.0,5.0,13.0,44.0,0.0,0.0,0.0,0.0,10.0,0.0,143.0,0.0,0.0,0.0,0.0,0.0,,,,,,,,,,,,,,,,,,,,,,,,,,,,,,,,,,,,,,,,,,,,,,,,,,,,,
247,9.0,13.0,17.0,2.0,0.0,13.0,0.0,8.0,0.0,32.0,16.0,0.0,0.0,26.0,9.0,21.0,51.0,19.0,23.0,62.0,1.0,3.0,3.0,84.0,49.0,52.0,0.0,25.0,0.0,13.0,0.0,67.0,15.0,110.0,168.0,0.0,301.0,132.0,0.0,222.0,50.0,21.0,27.0,,,,,,,,,,,,,,,,,,,,,,,,,,,,,,,,,,,,,,,,,,,,,,,,,,,,,,,,,,,
248,10.0,1.0,5.0,2.0,26.0,8.0,20.0,0.0,9.0,0.0,10.0,74.0,10.0,0.0,6.0,0.0,0.0,9.0,0.0,15.0,0.0,0.0,61.0,9.0,0.0,15.0,38.0,75.0,68.0,112.0,151.0,0.0,0.0,0.0,0.0,92.0,0.0,0.0,0.0,20.0,0.0,42.0,19.0,0.0,0.0,12.0,22.0,0.0,0.0,1.0,1.0,17.0,0.0,0.0,0.0,0.0,0.0,0.0,0.0,0.0,0.0,0.0,0.0,0.0,0.0,0.0,0.0,,,,,,,,,,,,,,,,,,,,,,,,,,,,,,,,,,,
249,0.0,3.0,0.0,0.0,6.0,21.0,9.0,1.0,7.0,10.0,38.0,0.0,24.0,0.0,14.0,33.0,15.0,23.0,0.0,56.0,26.0,9.0,31.0,50.0,5.0,24.0,33.0,0.0,7.0,0.0,14.0,17.0,0.0,35.0,0.0,1.0,0.0,0.0,2.0,,,,,,,,,,,,,,,,,,,,,,,,,,,,,,,,,,,,,,,,,,,,,,,,,,,,,,,,,,,,,,,
250,3.0,5.0,23.0,0.0,4.0,28.0,18.0,13.0,14.0,0.0,39.0,11.0,7.0,6.0,24.0,0.0,58.0,76.0,0.0,92.0,61.0,25.0,0.0,0.0,4.0,0.0,22.0,27.0,27.0,21.0,0.0,119.0,57.0,7.0,0.0,28.0,8.0,0.0,20.0,47.0,0.0,14.0,24.0,34.0,38.0,9.0,11.0,43.0,29.0,103.0,129.0,141.0,117.0,162.0,43.0,26.0,,,,,,,,,,,,,,,,,,,,,,,,,,,,,,,,,,,,,,,,,,,,,,
251,15.0,32.0,24.0,14.0,26.0,19.0,30.0,23.0,40.0,145.0,1.0,52.0,0.0,80.0,48.0,62.0,116.0,138.0,18.0,47.0,4.0,26.0,29.0,82.0,26.0,26.0,3.0,25.0,0.0,12.0,12.0,18.0,1.0,0.0,15.0,0.0,0.0,0.0,0.0,0.0,0.0,,,,,,,,,,,,,,,,,,,,,,,,,,,,,,,,,,,,,,,,,,,,,,,,,,,,,,,,,,,,,
252,16.0,8.0,20.0,0.0,12.0,16.0,0.0,46.0,40.0,20.0,33.0,15.0,55.0,0.0,11.0,2.0,7.0,0.0,27.0,19.0,15.0,49.0,0.0,15.0,18.0,24.0,0.0,7.0,0.0,0.0,33.0,0.0,2.0,0.0,113.0,111.0,29.0,0.0,,,,,,,,,,,,,,,,,,,,,,,,,,,,,,,,,,,,,,,,,,,,,,,,,,,,,,,,,,,,,,,,
253,5.0,6.0,26.0,17.0,28.0,15.0,30.0,1.0,16.0,29.0,4.0,18.0,4.0,47.0,8.0,0.0,10.0,0.0,0.0,15.0,0.0,0.0,34.0,0.0,81.0,39.0,63.0,19.0,0.0,0.0,116.0,88.0,2.0,0.0,0.0,0.0,0.0,,,,,,,,,,,,,,,,,,,,,,,,,,,,,,,,,,,,,,,,,,,,,,,,,,,,,,,,,,,,,,,,,
254,2.0,1.0,29.0,8.0,13.0,57.0,0.0,18.0,10.0,11.0,5.0,22.0,24.0,9.0,22.0,0.0,0.0,20.0,32.0,17.0,26.0,34.0,0.0,0.0,0.0,64.0,64.0,0.0,0.0,222.0,0.0,0.0,0.0,,,,,,,,,,,,,,,,,,,,,,,,,,,,,,,,,,,,,,,,,,,,,,,,,,,,,,,,,,,,,,,,,,,,,
255,9.0,32.0,7.0,0.0,9.0,23.0,22.0,19.0,40.0,46.0,8.0,53.0,16.0,12.0,32.0,3.0,7.0,4.0,2.0,5.0,26.0,4.0,23.0,16.0,0.0,3.0,25.0,0.0,0.0,43.0,7.0,0.0,61.0,9.0,8.0,198.0,27.0,0.0,33.0,0.0,180.0,41.0,0.0,29.0,,,,,,,,,,,,,,,,,,,,,,,,,,,,,,,,,,,,,,,,,,,,,,,,,,,,,,,,,,
256,9.0,10.0,13.0,32.0,13.0,11.0,6.0,2.0,20.0,42.0,0.0,32.0,52.0,0.0,30.0,5.0,31.0,56.0,35.0,35.0,0.0,122.0,24.0,0.0,0.0,6.0,4.0,6.0,0.0,0.0,4.0,12.0,0.0,0.0,0.0,1.0,0.0,20.0,0.0,0.0,,,,,,,,,,,,,,,,,,,,,,,,,,,,,,,,,,,,,,,,,,,,,,,,,,,,,,,,,,,,,,
257,10.0,0.0,0.0,6.0,0.0,2.0,21.0,0.0,25.0,57.0,0.0,13.0,35.0,29.0,19.0,4.0,8.0,44.0,0.0,9.0,8.0,0.0,16.0,53.0,14.0,4.0,0.0,23.0,45.0,25.0,26.0,36.0,1.0,53.0,8.0,22.0,46.0,64.0,40.0,0.0,0.0,167.0,19.0,6.0,0.0,,,,,,,,,,,,,,,,,,,,,,,,,,,,,,,,,,,,,,,,,,,,,,,,,,,,,,,,,
258,13.0,19.0,3.0,5.0,25.0,28.0,5.0,11.0,13.0,39.0,51.0,0.0,0.0,45.0,17.0,76.0,35.0,31.0,19.0,0.0,35.0,26.0,37.0,59.0,9.0,45.0,39.0,14.0,44.0,19.0,0.0,0.0,0.0,0.0,159.0,34.0,7.0,43.0,0.0,0.0,2.0,0.0,0.0,0.0,0.0,,,,,,,,,,,,,,,,,,,,,,,,,,,,,,,,,,,,,,,,,,,,,,,,,,,,,,,,,
259,3.0,13.0,6.0,22.0,5.0,46.0,15.0,0.0,23.0,8.0,11.0,18.0,18.0,0.0,24.0,10.0,0.0,0.0,0.0,0.0,11.0,29.0,51.0,5.0,10.0,7.0,0.0,0.0,5.0,5.0,12.0,3.0,0.0,,,,,,,,,,,,,,,,,,,,,,,,,,,,,,,,,,,,,,,,,,,,,,,,,,,,,,,,,,,,,,,,,,,,,
260,10.0,13.0,15.0,7.0,36.0,0.0,13.0,0.0,11.0,15.0,51.0,0.0,27.0,28.0,13.0,15.0,0.0,28.0,0.0,2.0,40.0,0.0,0.0,0.0,0.0,41.0,246.0,0.0,0.0,86.0,0.0,51.0,91.0,6.0,13.0,0.0,0.0,0.0,0.0,99.0,202.0,9.0,147.0,156.0,0.0,113.0,0.0,29.0,0.0,0.0,0.0,0.0,0.0,0.0,0.0,16.0,0.0,0.0,0.0,0.0,0.0,105.0,0.0,0.0,0.0,17.0,113.0,17.0,0.0,24.0,679.0,,,,,,,,,,,,,,,,,,,,,,,,,,,,,,,
261,2.0,26.0,9.0,21.0,1.0,3.0,10.0,0.0,0.0,56.0,0.0,4.0,5.0,8.0,0.0,9.0,15.0,0.0,3.0,0.0,0.0,0.0,0.0,0.0,0.0,1.0,0.0,2.0,1.0,10.0,4.0,0.0,0.0,1.0,0.0,0.0,0.0,0.0,8.0,0.0,0.0,0.0,2.0,20.0,5.0,0.0,6.0,0.0,0.0,0.0,0.0,1.0,8.0,6.0,0.0,0.0,0.0,4.0,15.0,0.0,0.0,2.0,0.0,11.0,0.0,0.0,0.0,0.0,0.0,0.0,0.0,0.0,0.0,0.0,,,,,,,,,,,,,,,,,,,,,,,,,,,,
262,15.0,21.0,0.0,12.0,1.0,7.0,7.0,7.0,22.0,20.0,24.0,0.0,0.0,10.0,0.0,0.0,9.0,28.0,7.0,6.0,1.0,47.0,32.0,34.0,85.0,6.0,5.0,11.0,48.0,156.0,8.0,14.0,0.0,0.0,301.0,0.0,6.0,42.0,89.0,0.0,0.0,0.0,0.0,0.0,2.0,0.0,0.0,0.0,0.0,0.0,,,,,,,,,,,,,,,,,,,,,,,,,,,,,,,,,,,,,,,,,,,,,,,,,,,,
263,7.0,3.0,24.0,11.0,29.0,21.0,16.0,4.0,8.0,23.0,11.0,39.0,73.0,17.0,11.0,29.0,0.0,1.0,60.0,16.0,0.0,37.0,15.0,5.0,7.0,0.0,0.0,0.0,0.0,,,,,,,,,,,,,,,,,,,,,,,,,,,,,,,,,,,,,,,,,,,,,,,,,,,,,,,,,,,,,,,,,,,,,,,,,
264,7.0,11.0,6.0,32.0,5.0,0.0,6.0,26.0,0.0,26.0,45.0,23.0,2.0,0.0,10.0,0.0,0.0,0.0,12.0,19.0,18.0,192.0,20.0,29.0,0.0,25.0,20.0,86.0,50.0,0.0,87.0,5.0,38.0,42.0,31.0,22.0,5.0,278.0,242.0,0.0,,,,,,,,,,,,,,,,,,,,,,,,,,,,,,,,,,,,,,,,,,,,,,,,,,,,,,,,,,,,,,
265,6.0,21.0,29.0,28.0,0.0,26.0,0.0,35.0,20.0,15.0,19.0,32.0,21.0,19.0,0.0,23.0,10.0,0.0,38.0,62.0,0.0,0.0,38.0,160.0,170.0,17.0,11.0,0.0,17.0,12.0,350.0,0.0,186.0,19.0,87.0,28.0,3.0,18.0,41.0,116.0,58.0,0.0,10.0,137.0,0.0,117.0,14.0,,,,,,,,,,,,,,,,,,,,,,,,,,,,,,,,,,,,,,,,,,,,,,,,,,,,,,,
266,18.0,20.0,19.0,27.0,19.0,16.0,62.0,57.0,2.0,23.0,101.0,0.0,40.0,82.0,46.0,0.0,180.0,0.0,0.0,135.0,175.0,1.0,8.0,31.0,37.0,33.0,43.0,15.0,,,,,,,,,,,,,,,,,,,,,,,,,,,,,,,,,,,,,,,,,,,,,,,,,,,,,,,,,,,,,,,,,,,,,,,,,,
267,5.0,37.0,21.0,11.0,13.0,14.0,14.0,0.0,0.0,22.0,0.0,16.0,31.0,69.0,0.0,10.0,48.0,120.0,75.0,31.0,68.0,4.0,160.0,21.0,37.0,41.0,0.0,0.0,28.0,35.0,32.0,0.0,0.0,425.0,168.0,0.0,1.0,0.0,13.0,0.0,,,,,,,,,,,,,,,,,,,,,,,,,,,,,,,,,,,,,,,,,,,,,,,,,,,,,,,,,,,,,,
268,5.0,16.0,27.0,36.0,0.0,48.0,34.0,0.0,0.0,11.0,12.0,5.0,25.0,49.0,50.0,9.0,0.0,58.0,20.0,8.0,93.0,61.0,0.0,238.0,16.0,0.0,23.0,0.0,143.0,80.0,23.0,5.0,14.0,21.0,0.0,0.0,0.0,0.0,0.0,0.0,0.0,0.0,,,,,,,,,,,,,,,,,,,,,,,,,,,,,,,,,,,,,,,,,,,,,,,,,,,,,,,,,,,,
269,3.0,30.0,7.0,21.0,21.0,46.0,5.0,29.0,26.0,4.0,20.0,0.0,12.0,40.0,53.0,50.0,21.0,124.0,47.0,35.0,10.0,16.0,4.0,20.0,78.0,31.0,0.0,194.0,0.0,11.0,30.0,0.0,16.0,0.0,0.0,76.0,,,,,,,,,,,,,,,,,,,,,,,,,,,,,,,,,,,,,,,,,,,,,,,,,,,,,,,,,,,,,,,,,,
270,8.0,29.0,11.0,1.0,2.0,25.0,12.0,0.0,54.0,17.0,13.0,52.0,14.0,6.0,47.0,75.0,1.0,0.0,50.0,91.0,0.0,113.0,25.0,0.0,27.0,60.0,0.0,5.0,54.0,18.0,0.0,8.0,24.0,62.0,0.0,0.0,0.0,18.0,0.0,0.0,0.0,0.0,0.0,0.0,6.0,15.0,9.0,16.0,0.0,9.0,0.0,0.0,0.0,0.0,0.0,0.0,,,,,,,,,,,,,,,,,,,,,,,,,,,,,,,,,,,,,,,,,,,,,,
271,8.0,15.0,28.0,16.0,0.0,8.0,0.0,36.0,18.0,6.0,21.0,51.0,38.0,12.0,8.0,41.0,13.0,0.0,50.0,11.0,22.0,22.0,0.0,0.0,0.0,0.0,0.0,0.0,0.0,,,,,,,,,,,,,,,,,,,,,,,,,,,,,,,,,,,,,,,,,,,,,,,,,,,,,,,,,,,,,,,,,,,,,,,,,
272,18.0,26.0,7.0,34.0,44.0,18.0,9.0,8.0,2.0,7.0,56.0,30.0,60.0,71.0,1.0,39.0,42.0,45.0,21.0,85.0,6.0,0.0,0.0,80.0,12.0,27.0,23.0,69.0,3.0,0.0,0.0,0.0,55.0,83.0,0.0,0.0,214.0,6.0,18.0,,,,,,,,,,,,,,,,,,,,,,,,,,,,,,,,,,,,,,,,,,,,,,,,,,,,,,,,,,,,,,,
273,14.0,0.0,9.0,55.0,36.0,2.0,10.0,0.0,15.0,25.0,16.0,19.0,0.0,19.0,57.0,15.0,23.0,10.0,0.0,0.0,23.0,0.0,21.0,29.0,10.0,46.0,16.0,0.0,0.0,,,,,,,,,,,,,,,,,,,,,,,,,,,,,,,,,,,,,,,,,,,,,,,,,,,,,,,,,,,,,,,,,,,,,,,,,
274,18.0,14.0,10.0,18.0,16.0,23.0,0.0,23.0,94.0,0.0,35.0,12.0,21.0,0.0,28.0,18.0,71.0,10.0,0.0,52.0,81.0,76.0,18.0,0.0,18.0,0.0,83.0,0.0,65.0,,,,,,,,,,,,,,,,,,,,,,,,,,,,,,,,,,,,,,,,,,,,,,,,,,,,,,,,,,,,,,,,,,,,,,,,,
275,2.0,1.0,41.0,0.0,1.0,0.0,19.0,0.0,7.0,0.0,33.0,0.0,105.0,14.0,10.0,12.0,25.0,11.0,0.0,14.0,25.0,0.0,44.0,0.0,0.0,32.0,0.0,35.0,20.0,46.0,0.0,35.0,64.0,74.0,22.0,12.0,8.0,67.0,73.0,4.0,42.0,49.0,0.0,26.0,80.0,0.0,25.0,0.0,90.0,0.0,0.0,0.0,0.0,0.0,0.0,0.0,,,,,,,,,,,,,,,,,,,,,,,,,,,,,,,,,,,,,,,,,,,,,,
276,13.0,27.0,0.0,14.0,47.0,0.0,21.0,15.0,0.0,0.0,7.0,15.0,86.0,38.0,16.0,172.0,16.0,32.0,52.0,13.0,41.0,0.0,188.0,62.0,47.0,27.0,65.0,19.0,194.0,38.0,196.0,45.0,95.0,30.0,0.0,39.0,0.0,110.0,,,,,,,,,,,,,,,,,,,,,,,,,,,,,,,,,,,,,,,,,,,,,,,,,,,,,,,,,,,,,,,,
277,0.0,10.0,13.0,37.0,30.0,0.0,17.0,26.0,6.0,0.0,14.0,6.0,11.0,27.0,0.0,23.0,0.0,26.0,0.0,9.0,0.0,23.0,27.0,36.0,0.0,10.0,0.0,10.0,8.0,0.0,,,,,,,,,,,,,,,,,,,,,,,,,,,,,,,,,,,,,,,,,,,,,,,,,,,,,,,,,,,,,,,,,,,,,,,,
278,2.0,16.0,13.0,7.0,0.0,55.0,0.0,0.0,4.0,0.0,8.0,8.0,26.0,6.0,4.0,0.0,8.0,8.0,23.0,5.0,5.0,2.0,5.0,38.0,0.0,9.0,1.0,14.0,28.0,0.0,16.0,3.0,12.0,1.0,9.0,112.0,1.0,64.0,9.0,1.0,11.0,15.0,32.0,10.0,25.0,98.0,0.0,325.0,4.0,1.0,0.0,12.0,134.0,0.0,0.0,0.0,0.0,0.0,0.0,0.0,0.0,0.0,0.0,0.0,,,,,,,,,,,,,,,,,,,,,,,,,,,,,,,,,,,,,,
