,0,1,2,3,4,5,6,7,8,9,10,11,12,13,14,15,16,17,18,19,20,21,22,23,24,25,26,27,28,29,30,31,32,33,34,35,36,37,38,39,40,41,42,43,44,45,46,47,48,49,50,51,52,53,54,55,56,57,58,59,60,61,62,63,64,65,66,67,68,69,70,71,72,73,74,75,76,77,78,79,80,81,82,83,84,85,86,87,88,89,90,91,92,93,94,95,96,97,98
0,,,,,,,,,,,,,,,,,,,,,,,,,,,,,,,,,,,,,,,,,,,,,,,,,,,,,,,,,,,,,,,,,,,,,,,,,,,,,,,,,,,,,,,,,,,,,,,,,,,
1,0.0,0.0,0.0,13.0,0.0,0.0,0.0,0.0,2.0,0.0,0.0,0.0,0.0,0.0,14.0,0.0,0.0,0.0,0.0,0.0,0.0,0.0,0.0,0.0,2.0,0.0,5.0,0.0,8.0,0.0,0.0,0.0,0.0,6.0,0.0,0.0,0.0,7.0,0.0,0.0,0.0,,,,,,,,,,,,,,,,,,,,,,,,,,,,,,,,,,,,,,,,,,,,,,,,,,,,,,,,,,
2,5.0,1.0,7.0,40.0,28.0,0.0,24.0,32.0,11.0,9.0,58.0,30.0,58.0,13.0,46.0,19.0,0.0,56.0,74.0,0.0,41.0,24.0,54.0,4.0,0.0,9.0,5.0,57.0,34.0,3.0,0.0,0.0,0.0,75.0,236.0,0.0,102.0,2.0,58.0,78.0,21.0,75.0,44.0,77.0,19.0,62.0,3.0,24.0,0.0,21.0,0.0,14.0,0.0,194.0,0.0,3.0,0.0,4.0,0.0,28.0,0.0,75.0,0.0,0.0,,,,,,,,,,,,,,,,,,,,,,,,,,,,,,,,,,,
3,10.0,0.0,24.0,1.0,0.0,15.0,25.0,11.0,58.0,19.0,2.0,31.0,17.0,18.0,10.0,10.0,10.0,14.0,4.0,28.0,8.0,7.0,124.0,55.0,0.0,4.0,94.0,4.0,8.0,0.0,47.0,20.0,90.0,17.0,0.0,3.0,70.0,0.0,4.0,9.0,167.0,214.0,0.0,14.0,49.0,20.0,10.0,0.0,36.0,0.0,0.0,0.0,3.0,77.0,0.0,11.0,393.0,0.0,3.0,0.0,0.0,48.0,0.0,3.0,360.0,6.0,161.0,0.0,0.0,0.0,0.0,,,,,,,,,,,,,,,,,,,,,,,,,,,,
4,45.0,51.0,3.0,0.0,33.0,0.0,4.0,15.0,21.0,50.0,1.0,26.0,3.0,81.0,8.0,1.0,0.0,21.0,0.0,27.0,0.0,0.0,16.0,11.0,352.0,13.0,70.0,0.0,0.0,31.0,0.0,,,,,,,,,,,,,,,,,,,,,,,,,,,,,,,,,,,,,,,,,,,,,,,,,,,,,,,,,,,,,,,,,,,,
5,27.0,0.0,36.0,19.0,33.0,0.0,76.0,37.0,0.0,48.0,56.0,188.0,81.0,26.0,55.0,2.0,40.0,60.0,67.0,134.0,188.0,474.0,0.0,0.0,0.0,75.0,4.0,,,,,,,,,,,,,,,,,,,,,,,,,,,,,,,,,,,,,,,,,,,,,,,,,,,,,,,,,,,,,,,,,,,,,,,,
6,3.0,30.0,2.0,6.0,2.0,23.0,0.0,6.0,0.0,3.0,4.0,9.0,8.0,20.0,54.0,35.0,15.0,0.0,66.0,52.0,146.0,124.0,35.0,36.0,40.0,27.0,15.0,54.0,3.0,0.0,19.0,86.0,21.0,91.0,4.0,144.0,144.0,0.0,19.0,301.0,230.0,11.0,202.0,28.0,0.0,,,,,,,,,,,,,,,,,,,,,,,,,,,,,,,,,,,,,,,,,,,,,,,,,,,,,,
7,39.0,0.0,27.0,31.0,13.0,71.0,42.0,0.0,26.0,54.0,39.0,0.0,6.0,44.0,0.0,0.0,42.0,315.0,0.0,0.0,0.0,0.0,,,,,,,,,,,,,,,,,,,,,,,,,,,,,,,,,,,,,,,,,,,,,,,,,,,,,,,,,,,,,,,,,,,,,,,,,,,,,
8,9.0,12.0,16.0,0.0,0.0,8.0,0.0,,,,,,,,,,,,,,,,,,,,,,,,,,,,,,,,,,,,,,,,,,,,,,,,,,,,,,,,,,,,,,,,,,,,,,,,,,,,,,,,,,,,,,,,,,,,
9,15.0,60.0,8.0,2.0,5.0,8.0,54.0,20.0,71.0,0.0,13.0,20.0,0.0,9.0,0.0,28.0,7.0,35.0,32.0,0.0,44.0,9.0,23.0,42.0,1.0,208.0,0.0,13.0,161.0,42.0,80.0,0.0,26.0,0.0,99.0,30.0,0.0,0.0,0.0,0.0,23.0,0.0,0.0,0.0,0.0,,,,,,,,,,,,,,,,,,,,,,,,,,,,,,,,,,,,,,,,,,,,,,,,,,,,,,
10,24.0,36.0,41.0,0.0,9.0,7.0,0.0,0.0,9.0,16.0,1.0,2.0,0.0,0.0,0.0,47.0,0.0,10.0,0.0,0.0,133.0,53.0,0.0,0.0,0.0,0.0,,,,,,,,,,,,,,,,,,,,,,,,,,,,,,,,,,,,,,,,,,,,,,,,,,,,,,,,,,,,,,,,,,,,,,,,,
11,28.0,0.0,46.0,23.0,7.0,9.0,9.0,23.0,54.0,17.0,25.0,5.0,14.0,15.0,0.0,15.0,51.0,66.0,0.0,95.0,4.0,9.0,13.0,0.0,0.0,15.0,0.0,0.0,85.0,1.0,1.0,0.0,0.0,30.0,0.0,16.0,1.0,0.0,0.0,0.0,7.0,2.0,5.0,0.0,3.0,1.0,0.0,2.0,0.0,1.0,7.0,11.0,0.0,0.0,1.0,0.0,0.0,0.0,0.0,1.0,0.0,0.0,0.0,0.0,0.0,0.0,18.0,19.0,17.0,19.0,18.0,7.0,2.0,0.0,0.0,21.0,20.0,6.0,11.0,0.0,0.0,0.0,0.0,0.0,0.0,0.0,13.0,0.0,0.0,0.0,0.0,,,,,,,,
12,5.0,13.0,28.0,32.0,2.0,64.0,56.0,17.0,3.0,16.0,0.0,18.0,81.0,2.0,79.0,9.0,0.0,0.0,0.0,0.0,0.0,11.0,37.0,0.0,13.0,4.0,3.0,73.0,50.0,39.0,,,,,,,,,,,,,,,,,,,,,,,,,,,,,,,,,,,,,,,,,,,,,,,,,,,,,,,,,,,,,,,,,,,,,
13,20.0,2.0,25.0,70.0,51.0,40.0,25.0,48.0,2.0,7.0,0.0,12.0,0.0,60.0,10.0,1.0,35.0,28.0,0.0,0.0,49.0,30.0,22.0,61.0,0.0,4.0,18.0,1.0,0.0,14.0,1.0,0.0,0.0,21.0,3.0,69.0,73.0,1.0,6.0,12.0,15.0,6.0,0.0,1.0,0.0,0.0,0.0,0.0,0.0,0.0,,,,,,,,,,,,,,,,,,,,,,,,,,,,,,,,,,,,,,,,,,,,,,,,,
14,0.0,11.0,6.0,35.0,1.0,25.0,0.0,15.0,3.0,0.0,27.0,14.0,3.0,50.0,71.0,33.0,34.0,19.0,27.0,16.0,47.0,0.0,0.0,16.0,10.0,15.0,16.0,0.0,76.0,1.0,4.0,0.0,62.0,69.0,0.0,0.0,114.0,18.0,13.0,2.0,62.0,0.0,27.0,21.0,2.0,0.0,0.0,0.0,16.0,,,,,,,,,,,,,,,,,,,,,,,,,,,,,,,,,,,,,,,,,,,,,,,,,,
15,24.0,4.0,13.0,12.0,36.0,0.0,35.0,54.0,10.0,32.0,17.0,11.0,23.0,32.0,18.0,30.0,41.0,0.0,23.0,50.0,13.0,0.0,0.0,25.0,0.0,0.0,0.0,0.0,,,,,,,,,,,,,,,,,,,,,,,,,,,,,,,,,,,,,,,,,,,,,,,,,,,,,,,,,,,,,,,,,,,,,,,
16,11.0,31.0,10.0,21.0,0.0,,,,,,,,,,,,,,,,,,,,,,,,,,,,,,,,,,,,,,,,,,,,,,,,,,,,,,,,,,,,,,,,,,,,,,,,,,,,,,,,,,,,,,,,,,,,,,
17,17.0,0.0,3.0,12.0,31.0,2.0,40.0,3.0,0.0,4.0,31.0,19.0,18.0,67.0,0.0,3.0,9.0,23.0,0.0,0.0,0.0,109.0,0.0,44.0,80.0,18.0,24.0,0.0,0.0,5.0,19.0,14.0,56.0,29.0,2.0,0.0,15.0,21.0,0.0,53.0,13.0,0.0,0.0,0.0,0.0,0.0,0.0,0.0,0.0,0.0,0.0,0.0,0.0,0.0,0.0,0.0,,,,,,,,,,,,,,,,,,,,,,,,,,,,,,,,,,,,,,,,,,,
18,1.0,6.0,11.0,17.0,0.0,,,,,,,,,,,,,,,,,,,,,,,,,,,,,,,,,,,,,,,,,,,,,,,,,,,,,,,,,,,,,,,,,,,,,,,,,,,,,,,,,,,,,,,,,,,,,,
19,0.0,10.0,0.0,16.0,0.0,8.0,10.0,0.0,9.0,26.0,42.0,10.0,10.0,17.0,31.0,32.0,61.0,37.0,0.0,0.0,9.0,16.0,0.0,0.0,0.0,46.0,0.0,,,,,,,,,,,,,,,,,,,,,,,,,,,,,,,,,,,,,,,,,,,,,,,,,,,,,,,,,,,,,,,,,,,,,,,,
20,25.0,21.0,18.0,6.0,31.0,59.0,16.0,16.0,22.0,24.0,4.0,5.0,71.0,0.0,47.0,12.0,0.0,90.0,6.0,11.0,14.0,19.0,15.0,37.0,37.0,0.0,57.0,52.0,96.0,0.0,0.0,74.0,12.0,3.0,37.0,16.0,42.0,0.0,0.0,0.0,0.0,0.0,11.0,6.0,,,,,,,,,,,,,,,,,,,,,,,,,,,,,,,,,,,,,,,,,,,,,,,,,,,,,,,
21,0.0,35.0,32.0,0.0,28.0,10.0,0.0,12.0,4.0,32.0,0.0,56.0,4.0,54.0,46.0,0.0,7.0,9.0,0.0,2.0,55.0,30.0,3.0,33.0,41.0,31.0,19.0,44.0,9.0,46.0,0.0,12.0,10.0,12.0,12.0,55.0,34.0,0.0,0.0,52.0,205.0,0.0,94.0,0.0,0.0,34.0,26.0,171.0,25.0,,,,,,,,,,,,,,,,,,,,,,,,,,,,,,,,,,,,,,,,,,,,,,,,,,
22,35.0,31.0,0.0,14.0,23.0,6.0,74.0,12.0,13.0,0.0,0.0,29.0,14.0,140.0,64.0,83.0,22.0,34.0,174.0,24.0,84.0,0.0,63.0,28.0,21.0,23.0,97.0,32.0,0.0,130.0,0.0,0.0,0.0,0.0,67.0,46.0,0.0,0.0,0.0,0.0,,,,,,,,,,,,,,,,,,,,,,,,,,,,,,,,,,,,,,,,,,,,,,,,,,,,,,,,,,,
23,2.0,20.0,25.0,31.0,36.0,22.0,3.0,23.0,0.0,12.0,53.0,18.0,66.0,51.0,0.0,35.0,44.0,20.0,18.0,28.0,13.0,9.0,4.0,20.0,89.0,22.0,0.0,0.0,28.0,0.0,0.0,8.0,0.0,35.0,0.0,5.0,0.0,17.0,0.0,0.0,,,,,,,,,,,,,,,,,,,,,,,,,,,,,,,,,,,,,,,,,,,,,,,,,,,,,,,,,,,
24,25.0,22.0,0.0,0.0,12.0,0.0,85.0,27.0,33.0,58.0,15.0,0.0,0.0,19.0,0.0,96.0,3.0,22.0,8.0,11.0,0.0,0.0,0.0,12.0,0.0,0.0,12.0,31.0,19.0,74.0,14.0,47.0,6.0,5.0,15.0,15.0,11.0,54.0,20.0,0.0,187.0,18.0,9.0,5.0,9.0,69.0,46.0,55.0,36.0,118.0,0.0,0.0,20.0,55.0,39.0,5.0,60.0,37.0,21.0,25.0,36.0,73.0,17.0,44.0,46.0,38.0,10.0,0.0,44.0,0.0,0.0,0.0,0.0,0.0,0.0,8.0,0.0,176.0,698.0,6.0,2.0,10.0,0.0,0.0,,,,,,,,,,,,,,,
25,2.0,0.0,14.0,0.0,35.0,0.0,0.0,0.0,23.0,0.0,0.0,5.0,4.0,28.0,49.0,27.0,0.0,7.0,0.0,11.0,0.0,33.0,254.0,20.0,0.0,10.0,51.0,0.0,26.0,13.0,23.0,16.0,178.0,0.0,0.0,15.0,13.0,0.0,0.0,0.0,,,,,,,,,,,,,,,,,,,,,,,,,,,,,,,,,,,,,,,,,,,,,,,,,,,,,,,,,,,
26,0.0,31.0,24.0,0.0,46.0,7.0,62.0,0.0,0.0,8.0,140.0,2.0,33.0,4.0,16.0,0.0,26.0,0.0,129.0,38.0,14.0,89.0,96.0,16.0,54.0,130.0,72.0,0.0,68.0,0.0,425.0,0.0,35.0,173.0,118.0,0.0,16.0,0.0,,,,,,,,,,,,,,,,,,,,,,,,,,,,,,,,,,,,,,,,,,,,,,,,,,,,,,,,,,,,,
27,15.0,10.0,17.0,9.0,2.0,27.0,18.0,3.0,7.0,4.0,22.0,0.0,15.0,15.0,9.0,2.0,1.0,86.0,0.0,4.0,96.0,58.0,56.0,109.0,0.0,26.0,27.0,0.0,0.0,39.0,35.0,11.0,36.0,0.0,30.0,27.0,0.0,124.0,64.0,0.0,13.0,162.0,29.0,217.0,0.0,0.0,17.0,26.0,9.0,0.0,0.0,0.0,63.0,38.0,0.0,96.0,18.0,28.0,0.0,0.0,0.0,0.0,15.0,19.0,152.0,18.0,0.0,43.0,11.0,11.0,13.0,0.0,13.0,0.0,0.0,209.0,29.0,0.0,10.0,0.0,253.0,150.0,66.0,190.0,0.0,0.0,0.0,0.0,0.0,0.0,0.0,0.0,31.0,51.0,745.0,,,,
28,31.0,0.0,50.0,15.0,6.0,31.0,9.0,35.0,3.0,25.0,25.0,11.0,27.0,40.0,42.0,58.0,2.0,12.0,19.0,25.0,37.0,0.0,8.0,8.0,31.0,26.0,0.0,1.0,56.0,46.0,51.0,2.0,49.0,181.0,0.0,155.0,32.0,0.0,29.0,25.0,19.0,69.0,82.0,30.0,0.0,9.0,107.0,30.0,0.0,12.0,1.0,33.0,0.0,315.0,7.0,9.0,0.0,0.0,0.0,,,,,,,,,,,,,,,,,,,,,,,,,,,,,,,,,,,,,,,,
29,69.0,0.0,0.0,0.0,38.0,0.0,8.0,25.0,25.0,39.0,39.0,134.0,124.0,18.0,42.0,28.0,74.0,56.0,16.0,31.0,12.0,135.0,169.0,456.0,96.0,,,,,,,,,,,,,,,,,,,,,,,,,,,,,,,,,,,,,,,,,,,,,,,,,,,,,,,,,,,,,,,,,,,,,,,,,,
30,20.0,22.0,21.0,0.0,9.0,0.0,24.0,48.0,46.0,90.0,12.0,56.0,0.0,0.0,0.0,234.0,0.0,75.0,82.0,220.0,0.0,0.0,43.0,27.0,44.0,0.0,0.0,76.0,13.0,132.0,54.0,136.0,0.0,15.0,0.0,82.0,0.0,31.0,1.0,0.0,18.0,36.0,73.0,25.0,41.0,99.0,122.0,221.0,31.0,24.0,125.0,54.0,0.0,26.0,36.0,0.0,339.0,167.0,4.0,2.0,8.0,13.0,25.0,0.0,0.0,0.0,0.0,12.0,0.0,0.0,0.0,0.0,0.0,0.0,0.0,21.0,1.0,0.0,0.0,0.0,0.0,1.0,34.0,0.0,4.0,35.0,,,,,,,,,,,,,
31,19.0,21.0,14.0,2.0,21.0,7.0,13.0,0.0,35.0,0.0,33.0,43.0,4.0,115.0,114.0,25.0,9.0,119.0,0.0,0.0,51.0,0.0,0.0,0.0,,,,,,,,,,,,,,,,,,,,,,,,,,,,,,,,,,,,,,,,,,,,,,,,,,,,,,,,,,,,,,,,,,,,,,,,,,,
32,33.0,22.0,3.0,16.0,24.0,0.0,10.0,10.0,6.0,58.0,17.0,12.0,7.0,35.0,2.0,51.0,5.0,26.0,31.0,0.0,39.0,0.0,0.0,64.0,42.0,58.0,30.0,0.0,22.0,10.0,0.0,89.0,325.0,303.0,0.0,1.0,0.0,0.0,0.0,0.0,0.0,0.0,0.0,0.0,,,,,,,,,,,,,,,,,,,,,,,,,,,,,,,,,,,,,,,,,,,,,,,,,,,,,,,
33,3.0,9.0,14.0,22.0,21.0,0.0,0.0,27.0,5.0,5.0,29.0,7.0,9.0,2.0,0.0,102.0,0.0,50.0,39.0,12.0,50.0,0.0,24.0,27.0,92.0,0.0,182.0,139.0,22.0,0.0,0.0,126.0,2.0,0.0,69.0,0.0,0.0,23.0,0.0,89.0,18.0,28.0,35.0,0.0,87.0,0.0,10.0,205.0,63.0,0.0,199.0,419.0,0.0,0.0,0.0,0.0,0.0,0.0,0.0,,,,,,,,,,,,,,,,,,,,,,,,,,,,,,,,,,,,,,,,
34,40.0,17.0,0.0,4.0,38.0,18.0,68.0,43.0,26.0,27.0,5.0,8.0,45.0,109.0,0.0,68.0,0.0,30.0,4.0,60.0,19.0,27.0,0.0,157.0,93.0,0.0,54.0,40.0,33.0,31.0,0.0,111.0,23.0,35.0,34.0,273.0,80.0,0.0,,,,,,,,,,,,,,,,,,,,,,,,,,,,,,,,,,,,,,,,,,,,,,,,,,,,,,,,,,,,,
35,11.0,18.0,24.0,25.0,20.0,12.0,0.0,11.0,0.0,13.0,8.0,38.0,17.0,0.0,33.0,10.0,26.0,3.0,3.0,48.0,37.0,72.0,1.0,9.0,0.0,5.0,5.0,13.0,24.0,0.0,0.0,33.0,42.0,0.0,199.0,21.0,43.0,10.0,0.0,0.0,167.0,44.0,0.0,0.0,55.0,0.0,0.0,0.0,0.0,0.0,0.0,0.0,0.0,0.0,0.0,0.0,0.0,0.0,0.0,0.0,,,,,,,,,,,,,,,,,,,,,,,,,,,,,,,,,,,,,,,
36,33.0,15.0,38.0,31.0,29.0,21.0,0.0,4.0,2.0,42.0,16.0,15.0,16.0,15.0,8.0,7.0,11.0,0.0,35.0,0.0,26.0,14.0,7.0,82.0,57.0,0.0,0.0,0.0,0.0,0.0,22.0,60.0,11.0,50.0,0.0,0.0,0.0,0.0,0.0,66.0,54.0,80.0,26.0,88.0,104.0,0.0,31.0,0.0,,,,,,,,,,,,,,,,,,,,,,,,,,,,,,,,,,,,,,,,,,,,,,,,,,,
37,6.0,11.0,26.0,8.0,36.0,9.0,12.0,11.0,23.0,0.0,13.0,30.0,25.0,1.0,0.0,43.0,121.0,56.0,7.0,6.0,51.0,0.0,17.0,0.0,95.0,0.0,0.0,0.0,12.0,36.0,0.0,1.0,0.0,17.0,0.0,,,,,,,,,,,,,,,,,,,,,,,,,,,,,,,,,,,,,,,,,,,,,,,,,,,,,,,,,,,,,,,,
38,8.0,34.0,9.0,6.0,0.0,11.0,8.0,14.0,0.0,9.0,0.0,76.0,25.0,22.0,0.0,11.0,62.0,84.0,0.0,0.0,44.0,5.0,32.0,23.0,11.0,0.0,1.0,26.0,0.0,1.0,29.0,0.0,9.0,66.0,0.0,3.0,0.0,31.0,0.0,89.0,19.0,19.0,42.0,15.0,182.0,45.0,0.0,0.0,33.0,26.0,5.0,0.0,0.0,0.0,0.0,0.0,,,,,,,,,,,,,,,,,,,,,,,,,,,,,,,,,,,,,,,,,,,
39,4.0,20.0,14.0,0.0,42.0,24.0,127.0,24.0,49.0,76.0,0.0,23.0,16.0,21.0,81.0,66.0,26.0,14.0,12.0,7.0,8.0,176.0,25.0,63.0,39.0,165.0,41.0,23.0,0.0,34.0,,,,,,,,,,,,,,,,,,,,,,,,,,,,,,,,,,,,,,,,,,,,,,,,,,,,,,,,,,,,,,,,,,,,,
40,10.0,3.0,0.0,0.0,0.0,23.0,13.0,26.0,36.0,4.0,14.0,18.0,2.0,0.0,0.0,0.0,66.0,0.0,33.0,33.0,37.0,71.0,29.0,31.0,0.0,0.0,0.0,8.0,4.0,6.0,,,,,,,,,,,,,,,,,,,,,,,,,,,,,,,,,,,,,,,,,,,,,,,,,,,,,,,,,,,,,,,,,,,,,
41,17.0,22.0,11.0,24.0,0.0,26.0,6.0,0.0,5.0,0.0,28.0,11.0,34.0,4.0,6.0,0.0,47.0,18.0,46.0,21.0,0.0,7.0,8.0,1.0,23.0,0.0,6.0,31.0,51.0,96.0,3.0,37.0,87.0,81.0,10.0,0.0,0.0,22.0,10.0,10.0,256.0,69.0,117.0,15.0,0.0,0.0,18.0,0.0,0.0,4.0,12.0,0.0,15.0,14.0,,,,,,,,,,,,,,,,,,,,,,,,,,,,,,,,,,,,,,,,,,,,,
42,15.0,22.0,12.0,25.0,3.0,0.0,5.0,7.0,17.0,67.0,6.0,38.0,54.0,0.0,0.0,43.0,3.0,0.0,1.0,0.0,44.0,105.0,24.0,26.0,19.0,0.0,54.0,0.0,64.0,54.0,14.0,123.0,0.0,318.0,21.0,237.0,19.0,23.0,0.0,0.0,417.0,97.0,13.0,0.0,0.0,0.0,0.0,0.0,125.0,0.0,0.0,,,,,,,,,,,,,,,,,,,,,,,,,,,,,,,,,,,,,,,,,,,,,,,,
43,14.0,10.0,13.0,6.0,4.0,6.0,3.0,0.0,7.0,12.0,18.0,5.0,0.0,15.0,6.0,6.0,33.0,25.0,17.0,66.0,50.0,0.0,18.0,0.0,74.0,45.0,34.0,45.0,6.0,0.0,3.0,47.0,83.0,3.0,18.0,19.0,34.0,36.0,113.0,2.0,0.0,0.0,79.0,216.0,2.0,16.0,0.0,28.0,0.0,38.0,21.0,38.0,0.0,45.0,8.0,0.0,0.0,0.0,0.0,0.0,0.0,10.0,133.0,180.0,51.0,0.0,48.0,5.0,11.0,32.0,37.0,1.0,5.0,82.0,0.0,89.0,1.0,1.0,0.0,0.0,0.0,1.0,0.0,0.0,46.0,39.0,55.0,3.0,0.0,0.0,0.0,0.0,301.0,,,,,,
44,17.0,19.0,29.0,2.0,22.0,0.0,21.0,14.0,0.0,7.0,28.0,18.0,18.0,10.0,0.0,32.0,2.0,26.0,52.0,6.0,5.0,,,,,,,,,,,,,,,,,,,,,,,,,,,,,,,,,,,,,,,,,,,,,,,,,,,,,,,,,,,,,,,,,,,,,,,,,,,,,,
45,37.0,9.0,15.0,17.0,49.0,17.0,20.0,0.0,25.0,18.0,25.0,0.0,0.0,6.0,84.0,9.0,17.0,0.0,0.0,30.0,8.0,6.0,0.0,2.0,13.0,8.0,0.0,33.0,0.0,0.0,0.0,0.0,26.0,204.0,24.0,20.0,0.0,87.0,22.0,104.0,10.0,17.0,40.0,30.0,42.0,51.0,8.0,0.0,0.0,23.0,7.0,0.0,8.0,42.0,0.0,0.0,0.0,27.0,0.0,651.0,88.0,300.0,0.0,,,,,,,,,,,,,,,,,,,,,,,,,,,,,,,,,,,,
46,37.0,12.0,7.0,2.0,28.0,166.0,44.0,0.0,2.0,6.0,0.0,104.0,214.0,26.0,154.0,20.0,16.0,15.0,0.0,129.0,27.0,49.0,0.0,1.0,0.0,0.0,0.0,21.0,4.0,0.0,0.0,3.0,6.0,0.0,0.0,0.0,0.0,0.0,1.0,0.0,0.0,0.0,0.0,0.0,0.0,0.0,0.0,0.0,,,,,,,,,,,,,,,,,,,,,,,,,,,,,,,,,,,,,,,,,,,,,,,,,,,
47,9.0,24.0,6.0,10.0,0.0,35.0,7.0,24.0,42.0,25.0,20.0,31.0,13.0,135.0,39.0,234.0,66.0,33.0,4.0,0.0,64.0,0.0,0.0,0.0,,,,,,,,,,,,,,,,,,,,,,,,,,,,,,,,,,,,,,,,,,,,,,,,,,,,,,,,,,,,,,,,,,,,,,,,,,,
48,38.0,5.0,10.0,7.0,22.0,8.0,0.0,16.0,20.0,5.0,93.0,18.0,6.0,0.0,19.0,26.0,0.0,0.0,22.0,25.0,12.0,15.0,11.0,43.0,25.0,18.0,73.0,21.0,0.0,1.0,30.0,20.0,47.0,32.0,0.0,0.0,77.0,41.0,0.0,14.0,0.0,0.0,2.0,,,,,,,,,,,,,,,,,,,,,,,,,,,,,,,,,,,,,,,,,,,,,,,,,,,,,,,,
49,40.0,19.0,13.0,31.0,17.0,7.0,12.0,56.0,8.0,53.0,60.0,36.0,49.0,0.0,47.0,7.0,0.0,9.0,25.0,15.0,16.0,75.0,12.0,18.0,9.0,256.0,0.0,0.0,11.0,0.0,48.0,57.0,0.0,0.0,0.0,90.0,117.0,149.0,0.0,14.0,0.0,0.0,85.0,0.0,0.0,0.0,0.0,0.0,0.0,0.0,0.0,,,,,,,,,,,,,,,,,,,,,,,,,,,,,,,,,,,,,,,,,,,,,,,,
50,12.0,0.0,29.0,10.0,7.0,15.0,12.0,8.0,0.0,0.0,0.0,61.0,,,,,,,,,,,,,,,,,,,,,,,,,,,,,,,,,,,,,,,,,,,,,,,,,,,,,,,,,,,,,,,,,,,,,,,,,,,,,,,,,,,,,,,
51,2.0,12.0,0.0,0.0,3.0,5.0,0.0,0.0,0.0,168.0,0.0,35.0,21.0,63.0,12.0,2.0,0.0,8.0,19.0,0.0,26.0,22.0,5.0,9.0,0.0,0.0,0.0,0.0,40.0,275.0,5.0,170.0,0.0,1.0,0.0,0.0,0.0,,,,,,,,,,,,,,,,,,,,,,,,,,,,,,,,,,,,,,,,,,,,,,,,,,,,,,,,,,,,,,
52,17.0,20.0,0.0,32.0,4.0,9.0,56.0,13.0,11.0,4.0,5.0,67.0,7.0,10.0,0.0,0.0,27.0,37.0,26.0,12.0,83.0,41.0,0.0,14.0,5.0,0.0,6.0,23.0,26.0,0.0,0.0,9.0,22.0,8.0,0.0,13.0,11.0,11.0,39.0,15.0,37.0,147.0,115.0,111.0,248.0,0.0,13.0,4.0,107.0,0.0,258.0,0.0,0.0,,,,,,,,,,,,,,,,,,,,,,,,,,,,,,,,,,,,,,,,,,,,,,
53,25.0,0.0,22.0,40.0,8.0,17.0,0.0,8.0,17.0,0.0,11.0,32.0,18.0,50.0,31.0,28.0,0.0,50.0,0.0,10.0,16.0,24.0,0.0,17.0,0.0,0.0,0.0,10.0,4.0,3.0,,,,,,,,,,,,,,,,,,,,,,,,,,,,,,,,,,,,,,,,,,,,,,,,,,,,,,,,,,,,,,,,,,,,,
54,5.0,14.0,14.0,16.0,27.0,30.0,44.0,16.0,36.0,0.0,5.0,70.0,19.0,74.0,50.0,47.0,14.0,152.0,287.0,19.0,0.0,0.0,34.0,20.0,22.0,10.0,30.0,0.0,84.0,51.0,57.0,0.0,84.0,164.0,247.0,126.0,3.0,15.0,13.0,28.0,24.0,0.0,2.0,0.0,8.0,9.0,3.0,0.0,5.0,5.0,0.0,4.0,,,,,,,,,,,,,,,,,,,,,,,,,,,,,,,,,,,,,,,,,,,,,,,
55,3.0,9.0,29.0,4.0,15.0,54.0,43.0,16.0,21.0,11.0,11.0,26.0,19.0,19.0,73.0,0.0,33.0,0.0,55.0,0.0,23.0,21.0,68.0,22.0,22.0,0.0,39.0,16.0,95.0,137.0,3.0,13.0,11.0,0.0,28.0,740.0,0.0,0.0,0.0,0.0,0.0,204.0,0.0,0.0,0.0,0.0,0.0,0.0,,,,,,,,,,,,,,,,,,,,,,,,,,,,,,,,,,,,,,,,,,,,,,,,,,,
56,11.0,9.0,32.0,0.0,45.0,24.0,10.0,5.0,29.0,9.0,22.0,23.0,77.0,40.0,68.0,11.0,11.0,77.0,48.0,51.0,12.0,44.0,20.0,43.0,0.0,,,,,,,,,,,,,,,,,,,,,,,,,,,,,,,,,,,,,,,,,,,,,,,,,,,,,,,,,,,,,,,,,,,,,,,,,,
57,11.0,4.0,4.0,33.0,0.0,2.0,18.0,29.0,32.0,26.0,71.0,1.0,112.0,2.0,30.0,1.0,0.0,37.0,59.0,9.0,203.0,0.0,,,,,,,,,,,,,,,,,,,,,,,,,,,,,,,,,,,,,,,,,,,,,,,,,,,,,,,,,,,,,,,,,,,,,,,,,,,,,
58,17.0,22.0,6.0,3.0,15.0,16.0,15.0,5.0,32.0,30.0,2.0,6.0,27.0,8.0,47.0,29.0,0.0,73.0,37.0,0.0,0.0,66.0,0.0,109.0,0.0,297.0,,,,,,,,,,,,,,,,,,,,,,,,,,,,,,,,,,,,,,,,,,,,,,,,,,,,,,,,,,,,,,,,,,,,,,,,,
59,22.0,5.0,28.0,39.0,14.0,18.0,19.0,10.0,4.0,13.0,3.0,49.0,0.0,1.0,26.0,0.0,8.0,17.0,6.0,0.0,0.0,0.0,0.0,15.0,24.0,33.0,0.0,0.0,0.0,64.0,0.0,0.0,2.0,0.0,198.0,21.0,35.0,0.0,0.0,93.0,0.0,0.0,0.0,0.0,84.0,14.0,40.0,11.0,,,,,,,,,,,,,,,,,,,,,,,,,,,,,,,,,,,,,,,,,,,,,,,,,,,
60,0.0,9.0,0.0,4.0,25.0,49.0,21.0,9.0,11.0,0.0,47.0,6.0,8.0,18.0,0.0,8.0,186.0,0.0,0.0,0.0,41.0,41.0,66.0,61.0,0.0,0.0,13.0,189.0,0.0,25.0,0.0,,,,,,,,,,,,,,,,,,,,,,,,,,,,,,,,,,,,,,,,,,,,,,,,,,,,,,,,,,,,,,,,,,,,
61,20.0,19.0,18.0,25.0,13.0,26.0,0.0,26.0,0.0,0.0,14.0,26.0,12.0,0.0,31.0,3.0,0.0,79.0,0.0,109.0,6.0,68.0,6.0,82.0,47.0,17.0,0.0,0.0,0.0,0.0,103.0,14.0,0.0,185.0,235.0,5.0,55.0,0.0,0.0,0.0,0.0,0.0,0.0,0.0,0.0,0.0,3.0,0.0,0.0,22.0,2.0,0.0,0.0,0.0,32.0,0.0,0.0,0.0,0.0,0.0,0.0,0.0,0.0,0.0,0.0,0.0,0.0,0.0,0.0,0.0,0.0,,,,,,,,,,,,,,,,,,,,,,,,,,,,
62,2.0,4.0,19.0,7.0,14.0,1.0,23.0,26.0,16.0,12.0,30.0,0.0,51.0,0.0,0.0,55.0,30.0,1.0,11.0,0.0,22.0,0.0,26.0,0.0,0.0,0.0,0.0,99.0,0.0,0.0,0.0,,,,,,,,,,,,,,,,,,,,,,,,,,,,,,,,,,,,,,,,,,,,,,,,,,,,,,,,,,,,,,,,,,,,
63,11.0,10.0,0.0,11.0,0.0,122.0,35.0,8.0,88.0,40.0,14.0,39.0,45.0,54.0,63.0,124.0,89.0,0.0,6.0,15.0,0.0,90.0,0.0,57.0,57.0,122.0,43.0,3.0,0.0,57.0,35.0,81.0,53.0,0.0,17.0,528.0,15.0,70.0,153.0,0.0,28.0,141.0,63.0,1.0,0.0,10.0,8.0,9.0,0.0,0.0,4.0,0.0,28.0,14.0,20.0,30.0,8.0,20.0,,,,,,,,,,,,,,,,,,,,,,,,,,,,,,,,,,,,,,,,,
64,21.0,18.0,12.0,1.0,23.0,19.0,20.0,57.0,8.0,0.0,11.0,15.0,11.0,17.0,13.0,9.0,20.0,0.0,50.0,90.0,68.0,24.0,28.0,0.0,0.0,7.0,65.0,27.0,5.0,33.0,30.0,27.0,110.0,76.0,0.0,4.0,0.0,0.0,282.0,0.0,35.0,0.0,0.0,0.0,0.0,24.0,7.0,8.0,48.0,0.0,0.0,,,,,,,,,,,,,,,,,,,,,,,,,,,,,,,,,,,,,,,,,,,,,,,,
65,20.0,9.0,45.0,24.0,12.0,26.0,0.0,12.0,9.0,12.0,39.0,0.0,0.0,28.0,11.0,,,,,,,,,,,,,,,,,,,,,,,,,,,,,,,,,,,,,,,,,,,,,,,,,,,,,,,,,,,,,,,,,,,,,,,,,,,,,,,,,,,,
66,11.0,20.0,19.0,35.0,6.0,46.0,23.0,7.0,26.0,180.0,148.0,18.0,40.0,86.0,53.0,0.0,9.0,26.0,15.0,1.0,14.0,0.0,6.0,22.0,0.0,0.0,66.0,0.0,22.0,38.0,4.0,3.0,26.0,19.0,35.0,16.0,62.0,5.0,152.0,61.0,52.0,0.0,181.0,4.0,0.0,18.0,0.0,0.0,0.0,4.0,0.0,0.0,5.0,10.0,31.0,0.0,15.0,0.0,2.0,0.0,0.0,0.0,7.0,0.0,11.0,3.0,9.0,0.0,0.0,64.0,384.0,48.0,15.0,19.0,0.0,46.0,79.0,139.0,0.0,220.0,,,,,,,,,,,,,,,,,,,
67,21.0,23.0,30.0,15.0,29.0,21.0,0.0,0.0,2.0,0.0,4.0,0.0,0.0,4.0,19.0,53.0,13.0,2.0,88.0,24.0,24.0,0.0,58.0,0.0,0.0,1.0,0.0,0.0,0.0,,,,,,,,,,,,,,,,,,,,,,,,,,,,,,,,,,,,,,,,,,,,,,,,,,,,,,,,,,,,,,,,,,,,,,
68,15.0,43.0,0.0,8.0,18.0,6.0,17.0,16.0,1.0,29.0,10.0,17.0,7.0,34.0,14.0,18.0,3.0,22.0,14.0,0.0,41.0,9.0,64.0,0.0,0.0,29.0,0.0,17.0,93.0,28.0,39.0,175.0,331.0,,,,,,,,,,,,,,,,,,,,,,,,,,,,,,,,,,,,,,,,,,,,,,,,,,,,,,,,,,,,,,,,,,
69,0.0,8.0,8.0,14.0,64.0,0.0,14.0,61.0,20.0,9.0,1.0,29.0,10.0,61.0,8.0,109.0,16.0,14.0,30.0,43.0,6.0,5.0,3.0,40.0,0.0,16.0,5.0,4.0,5.0,6.0,5.0,18.0,31.0,14.0,13.0,0.0,0.0,12.0,0.0,2.0,4.0,28.0,31.0,34.0,,,,,,,,,,,,,,,,,,,,,,,,,,,,,,,,,,,,,,,,,,,,,,,,,,,,,,,
70,0.0,9.0,0.0,0.0,8.0,5.0,22.0,17.0,19.0,0.0,14.0,20.0,17.0,21.0,32.0,0.0,52.0,50.0,0.0,68.0,0.0,35.0,17.0,0.0,51.0,0.0,15.0,23.0,0.0,0.0,0.0,,,,,,,,,,,,,,,,,,,,,,,,,,,,,,,,,,,,,,,,,,,,,,,,,,,,,,,,,,,,,,,,,,,,
71,24.0,18.0,18.0,0.0,3.0,21.0,9.0,21.0,59.0,12.0,73.0,0.0,0.0,15.0,109.0,37.0,0.0,23.0,11.0,8.0,47.0,10.0,5.0,12.0,16.0,37.0,20.0,0.0,4.0,19.0,32.0,3.0,20.0,3.0,0.0,7.0,0.0,4.0,21.0,4.0,3.0,23.0,16.0,0.0,54.0,0.0,0.0,0.0,0.0,0.0,0.0,0.0,0.0,0.0,0.0,0.0,0.0,0.0,0.0,0.0,26.0,1.0,5.0,0.0,,,,,,,,,,,,,,,,,,,,,,,,,,,,,,,,,,,
72,1.0,40.0,20.0,20.0,0.0,3.0,39.0,7.0,0.0,6.0,5.0,8.0,2.0,27.0,24.0,69.0,0.0,88.0,18.0,92.0,18.0,4.0,9.0,16.0,12.0,44.0,0.0,71.0,23.0,39.0,50.0,84.0,187.0,0.0,94.0,88.0,50.0,23.0,53.0,29.0,125.0,121.0,7.0,96.0,12.0,0.0,180.0,125.0,0.0,41.0,0.0,117.0,51.0,14.0,4.0,78.0,91.0,20.0,285.0,445.0,0.0,0.0,0.0,,,,,,,,,,,,,,,,,,,,,,,,,,,,,,,,,,,,
73,20.0,1.0,0.0,36.0,10.0,0.0,12.0,25.0,12.0,24.0,87.0,33.0,108.0,15.0,159.0,48.0,188.0,81.0,61.0,70.0,93.0,9.0,8.0,7.0,0.0,62.0,224.0,76.0,144.0,131.0,5.0,132.0,0.0,43.0,9.0,2.0,16.0,7.0,0.0,0.0,,,,,,,,,,,,,,,,,,,,,,,,,,,,,,,,,,,,,,,,,,,,,,,,,,,,,,,,,,,
74,0.0,23.0,9.0,0.0,19.0,44.0,27.0,37.0,52.0,0.0,14.0,67.0,24.0,36.0,11.0,39.0,64.0,9.0,138.0,23.0,83.0,0.0,0.0,,,,,,,,,,,,,,,,,,,,,,,,,,,,,,,,,,,,,,,,,,,,,,,,,,,,,,,,,,,,,,,,,,,,,,,,,,,,
75,9.0,11.0,0.0,25.0,7.0,0.0,23.0,0.0,17.0,17.0,19.0,29.0,10.0,13.0,59.0,7.0,0.0,0.0,62.0,53.0,101.0,0.0,25.0,28.0,62.0,163.0,0.0,0.0,19.0,0.0,18.0,0.0,42.0,0.0,0.0,81.0,34.0,100.0,36.0,67.0,20.0,0.0,0.0,16.0,0.0,0.0,0.0,0.0,,,,,,,,,,,,,,,,,,,,,,,,,,,,,,,,,,,,,,,,,,,,,,,,,,,
76,15.0,1.0,16.0,9.0,15.0,32.0,8.0,0.0,0.0,21.0,88.0,23.0,312.0,264.0,297.0,281.0,3.0,38.0,28.0,80.0,21.0,68.0,,,,,,,,,,,,,,,,,,,,,,,,,,,,,,,,,,,,,,,,,,,,,,,,,,,,,,,,,,,,,,,,,,,,,,,,,,,,,
77,0.0,0.0,0.0,5.0,17.0,30.0,4.0,0.0,22.0,0.0,23.0,5.0,0.0,13.0,0.0,0.0,13.0,47.0,12.0,26.0,0.0,13.0,14.0,0.0,18.0,25.0,0.0,5.0,14.0,0.0,0.0,8.0,12.0,2.0,0.0,0.0,0.0,0.0,0.0,0.0,0.0,0.0,0.0,0.0,0.0,0.0,0.0,0.0,4.0,2.0,1.0,1.0,0.0,0.0,0.0,0.0,,,,,,,,,,,,,,,,,,,,,,,,,,,,,,,,,,,,,,,,,,,
78,13.0,11.0,3.0,12.0,33.0,1.0,5.0,12.0,3.0,0.0,26.0,21.0,93.0,35.0,23.0,46.0,18.0,10.0,20.0,9.0,10.0,6.0,2.0,54.0,52.0,0.0,62.0,23.0,0.0,0.0,0.0,0.0,0.0,8.0,147.0,,,,,,,,,,,,,,,,,,,,,,,,,,,,,,,,,,,,,,,,,,,,,,,,,,,,,,,,,,,,,,,,
79,6.0,10.0,5.0,16.0,76.0,9.0,2.0,32.0,10.0,6.0,0.0,41.0,13.0,26.0,1.0,39.0,47.0,38.0,16.0,49.0,39.0,50.0,26.0,37.0,5.0,52.0,24.0,0.0,0.0,0.0,12.0,13.0,0.0,0.0,26.0,13.0,24.0,94.0,0.0,85.0,0.0,171.0,0.0,28.0,286.0,74.0,0.0,132.0,0.0,6.0,0.0,0.0,0.0,0.0,0.0,0.0,0.0,0.0,0.0,0.0,0.0,0.0,0.0,0.0,0.0,,,,,,,,,,,,,,,,,,,,,,,,,,,,,,,,,,
80,12.0,7.0,12.0,0.0,15.0,9.0,10.0,27.0,67.0,0.0,84.0,13.0,40.0,19.0,1.0,33.0,17.0,,,,,,,,,,,,,,,,,,,,,,,,,,,,,,,,,,,,,,,,,,,,,,,,,,,,,,,,,,,,,,,,,,,,,,,,,,,,,,,,,,
81,0.0,0.0,3.0,10.0,17.0,1.0,37.0,69.0,50.0,21.0,29.0,38.0,16.0,27.0,75.0,22.0,48.0,10.0,8.0,46.0,7.0,41.0,125.0,2.0,40.0,0.0,38.0,57.0,0.0,9.0,0.0,,,,,,,,,,,,,,,,,,,,,,,,,,,,,,,,,,,,,,,,,,,,,,,,,,,,,,,,,,,,,,,,,,,,
82,24.0,13.0,7.0,0.0,45.0,0.0,24.0,,,,,,,,,,,,,,,,,,,,,,,,,,,,,,,,,,,,,,,,,,,,,,,,,,,,,,,,,,,,,,,,,,,,,,,,,,,,,,,,,,,,,,,,,,,,
83,15.0,5.0,7.0,11.0,5.0,0.0,35.0,5.0,21.0,0.0,12.0,8.0,14.0,15.0,0.0,51.0,,,,,,,,,,,,,,,,,,,,,,,,,,,,,,,,,,,,,,,,,,,,,,,,,,,,,,,,,,,,,,,,,,,,,,,,,,,,,,,,,,,
84,12.0,12.0,16.0,0.0,16.0,26.0,1.0,0.0,16.0,19.0,46.0,,,,,,,,,,,,,,,,,,,,,,,,,,,,,,,,,,,,,,,,,,,,,,,,,,,,,,,,,,,,,,,,,,,,,,,,,,,,,,,,,,,,,,,,
85,6.0,0.0,15.0,11.0,14.0,13.0,42.0,27.0,0.0,8.0,0.0,14.0,0.0,7.0,4.0,0.0,10.0,35.0,3.0,26.0,12.0,2.0,45.0,47.0,0.0,80.0,38.0,0.0,6.0,0.0,0.0,0.0,34.0,0.0,15.0,8.0,,,,,,,,,,,,,,,,,,,,,,,,,,,,,,,,,,,,,,,,,,,,,,,,,,,,,,,,,,,,,,,
86,5.0,40.0,8.0,4.0,41.0,21.0,87.0,0.0,48.0,6.0,16.0,78.0,17.0,25.0,15.0,65.0,19.0,34.0,158.0,0.0,17.0,29.0,0.0,6.0,0.0,24.0,0.0,138.0,22.0,58.0,15.0,0.0,66.0,0.0,5.0,0.0,0.0,,,,,,,,,,,,,,,,,,,,,,,,,,,,,,,,,,,,,,,,,,,,,,,,,,,,,,,,,,,,,,
87,5.0,5.0,7.0,0.0,11.0,9.0,15.0,45.0,17.0,61.0,6.0,22.0,11.0,25.0,77.0,0.0,18.0,33.0,0.0,67.0,29.0,20.0,25.0,57.0,79.0,31.0,98.0,98.0,47.0,64.0,38.0,13.0,0.0,4.0,0.0,0.0,0.0,,,,,,,,,,,,,,,,,,,,,,,,,,,,,,,,,,,,,,,,,,,,,,,,,,,,,,,,,,,,,,
88,0.0,12.0,37.0,3.0,22.0,0.0,12.0,27.0,10.0,0.0,27.0,5.0,0.0,16.0,20.0,12.0,0.0,8.0,12.0,27.0,0.0,0.0,10.0,3.0,9.0,14.0,10.0,0.0,17.0,13.0,11.0,14.0,3.0,0.0,0.0,5.0,0.0,0.0,4.0,40.0,6.0,8.0,2.0,33.0,0.0,0.0,0.0,0.0,0.0,0.0,0.0,0.0,0.0,0.0,0.0,0.0,0.0,0.0,0.0,0.0,0.0,0.0,0.0,0.0,0.0,0.0,0.0,0.0,0.0,0.0,0.0,0.0,0.0,0.0,0.0,0.0,0.0,0.0,2.0,0.0,0.0,6.0,11.0,0.0,0.0,0.0,,,,,,,,,,,,,
89,33.0,15.0,0.0,0.0,39.0,0.0,21.0,1.0,47.0,0.0,7.0,17.0,18.0,50.0,5.0,9.0,24.0,34.0,0.0,79.0,0.0,0.0,30.0,1.0,0.0,6.0,40.0,0.0,1.0,0.0,51.0,0.0,8.0,0.0,20.0,0.0,13.0,0.0,0.0,0.0,0.0,55.0,32.0,21.0,13.0,0.0,0.0,0.0,0.0,10.0,,,,,,,,,,,,,,,,,,,,,,,,,,,,,,,,,,,,,,,,,,,,,,,,,
90,3.0,20.0,27.0,25.0,2.0,6.0,42.0,69.0,25.0,16.0,0.0,0.0,0.0,0.0,0.0,0.0,40.0,0.0,139.0,0.0,345.0,36.0,0.0,141.0,12.0,0.0,0.0,35.0,0.0,47.0,8.0,34.0,0.0,18.0,0.0,14.0,219.0,172.0,36.0,8.0,0.0,34.0,0.0,44.0,0.0,10.0,26.0,21.0,9.0,14.0,21.0,0.0,120.0,32.0,35.0,14.0,4.0,13.0,160.0,0.0,0.0,,,,,,,,,,,,,,,,,,,,,,,,,,,,,,,,,,,,,,
91,14.0,0.0,2.0,22.0,2.0,5.0,16.0,20.0,14.0,0.0,0.0,0.0,9.0,34.0,12.0,39.0,25.0,0.0,0.0,11.0,33.0,39.0,0.0,20.0,10.0,2.0,10.0,0.0,26.0,81.0,601.0,18.0,5.0,20.0,,,,,,,,,,,,,,,,,,,,,,,,,,,,,,,,,,,,,,,,,,,,,,,,,,,,,,,,,,,,,,,,,
92,57.0,8.0,19.0,16.0,5.0,17.0,0.0,12.0,3.0,56.0,179.0,55.0,11.0,48.0,69.0,110.0,3.0,0.0,0.0,15.0,7.0,146.0,190.0,93.0,,,,,,,,,,,,,,,,,,,,,,,,,,,,,,,,,,,,,,,,,,,,,,,,,,,,,,,,,,,,,,,,,,,,,,,,,,,
93,7.0,15.0,10.0,19.0,26.0,4.0,0.0,36.0,0.0,16.0,0.0,2.0,0.0,41.0,33.0,22.0,0.0,57.0,0.0,43.0,3.0,9.0,8.0,36.0,17.0,31.0,62.0,0.0,37.0,0.0,111.0,0.0,78.0,9.0,48.0,39.0,27.0,11.0,0.0,0.0,99.0,0.0,0.0,7.0,0.0,0.0,0.0,0.0,0.0,225.0,0.0,3.0,48.0,0.0,31.0,430.0,296.0,0.0,23.0,55.0,43.0,35.0,,,,,,,,,,,,,,,,,,,,,,,,,,,,,,,,,,,,,
94,2.0,9.0,14.0,0.0,5.0,17.0,0.0,0.0,0.0,50.0,0.0,27.0,41.0,10.0,19.0,31.0,34.0,36.0,19.0,52.0,51.0,7.0,15.0,50.0,44.0,79.0,32.0,112.0,32.0,0.0,45.0,2.0,0.0,13.0,53.0,0.0,32.0,0.0,,,,,,,,,,,,,,,,,,,,,,,,,,,,,,,,,,,,,,,,,,,,,,,,,,,,,,,,,,,,,
95,28.0,16.0,1.0,5.0,0.0,20.0,0.0,0.0,14.0,13.0,3.0,5.0,8.0,0.0,0.0,83.0,15.0,46.0,81.0,69.0,18.0,122.0,43.0,37.0,31.0,86.0,17.0,25.0,0.0,0.0,90.0,46.0,70.0,37.0,21.0,31.0,0.0,29.0,96.0,214.0,0.0,0.0,27.0,0.0,0.0,,,,,,,,,,,,,,,,,,,,,,,,,,,,,,,,,,,,,,,,,,,,,,,,,,,,,,
96,18.0,4.0,4.0,24.0,41.0,30.0,22.0,13.0,14.0,0.0,0.0,0.0,16.0,4.0,95.0,20.0,0.0,47.0,9.0,11.0,0.0,18.0,26.0,6.0,85.0,7.0,0.0,0.0,0.0,7.0,99.0,0.0,155.0,44.0,165.0,0.0,0.0,0.0,,,,,,,,,,,,,,,,,,,,,,,,,,,,,,,,,,,,,,,,,,,,,,,,,,,,,,,,,,,,,
97,0.0,22.0,21.0,11.0,5.0,39.0,2.0,6.0,17.0,8.0,34.0,33.0,0.0,21.0,6.0,26.0,10.0,4.0,8.0,0.0,78.0,0.0,26.0,33.0,283.0,596.0,0.0,33.0,37.0,0.0,0.0,,,,,,,,,,,,,,,,,,,,,,,,,,,,,,,,,,,,,,,,,,,,,,,,,,,,,,,,,,,,,,,,,,,,
98,0.0,15.0,20.0,14.0,0.0,7.0,1.0,23.0,0.0,10.0,43.0,46.0,34.0,7.0,15.0,0.0,16.0,132.0,111.0,0.0,35.0,0.0,16.0,12.0,0.0,14.0,0.0,0.0,0.0,6.0,0.0,,,,,,,,,,,,,,,,,,,,,,,,,,,,,,,,,,,,,,,,,,,,,,,,,,,,,,,,,,,,,,,,,,,,
99,22.0,3.0,27.0,31.0,26.0,45.0,62.0,17.0,0.0,14.0,0.0,8.0,0.0,62.0,29.0,14.0,4.0,114.0,5.0,14.0,0.0,100.0,28.0,12.0,0.0,37.0,0.0,0.0,276.0,0.0,0.0,88.0,5.0,1.0,2.0,29.0,0.0,0.0,0.0,0.0,29.0,0.0,19.0,0.0,35.0,,,,,,,,,,,,,,,,,,,,,,,,,,,,,,,,,,,,,,,,,,,,,,,,,,,,,,
100,6.0,0.0,28.0,14.0,7.0,12.0,21.0,14.0,19.0,0.0,45.0,18.0,8.0,52.0,37.0,79.0,35.0,7.0,11.0,19.0,10.0,22.0,8.0,27.0,0.0,28.0,0.0,0.0,13.0,14.0,60.0,8.0,189.0,0.0,113.0,18.0,16.0,2.0,104.0,24.0,,,,,,,,,,,,,,,,,,,,,,,,,,,,,,,,,,,,,,,,,,,,,,,,,,,,,,,,,,,
101,13.0,10.0,5.0,9.0,5.0,16.0,31.0,24.0,35.0,5.0,31.0,4.0,50.0,33.0,35.0,0.0,127.0,14.0,4.0,35.0,0.0,0.0,146.0,0.0,34.0,30.0,0.0,2.0,0.0,0.0,0.0,,,,,,,,,,,,,,,,,,,,,,,,,,,,,,,,,,,,,,,,,,,,,,,,,,,,,,,,,,,,,,,,,,,,
102,19.0,21.0,13.0,22.0,27.0,13.0,21.0,29.0,0.0,0.0,0.0,9.0,20.0,0.0,0.0,16.0,11.0,32.0,60.0,0.0,0.0,68.0,0.0,21.0,51.0,0.0,0.0,0.0,54.0,1.0,0.0,355.0,0.0,0.0,0.0,1.0,0.0,0.0,0.0,,,,,,,,,,,,,,,,,,,,,,,,,,,,,,,,,,,,,,,,,,,,,,,,,,,,,,,,,,,,
103,12.0,5.0,39.0,0.0,25.0,2.0,37.0,7.0,13.0,11.0,63.0,0.0,0.0,71.0,13.0,26.0,0.0,26.0,0.0,0.0,12.0,0.0,0.0,0.0,0.0,0.0,7.0,0.0,,,,,,,,,,,,,,,,,,,,,,,,,,,,,,,,,,,,,,,,,,,,,,,,,,,,,,,,,,,,,,,,,,,,,,,
104,14.0,20.0,0.0,0.0,34.0,0.0,28.0,55.0,30.0,13.0,34.0,13.0,0.0,38.0,1.0,0.0,4.0,2.0,9.0,60.0,26.0,26.0,14.0,0.0,10.0,0.0,0.0,25.0,0.0,0.0,,,,,,,,,,,,,,,,,,,,,,,,,,,,,,,,,,,,,,,,,,,,,,,,,,,,,,,,,,,,,,,,,,,,,
105,53.0,28.0,5.0,19.0,0.0,107.0,21.0,24.0,62.0,0.0,29.0,42.0,115.0,72.0,122.0,102.0,0.0,43.0,0.0,17.0,17.0,19.0,7.0,42.0,5.0,26.0,117.0,49.0,8.0,107.0,0.0,78.0,17.0,71.0,104.0,66.0,12.0,67.0,148.0,207.0,40.0,0.0,0.0,0.0,0.0,,,,,,,,,,,,,,,,,,,,,,,,,,,,,,,,,,,,,,,,,,,,,,,,,,,,,,
106,31.0,0.0,11.0,17.0,2.0,49.0,16.0,21.0,11.0,18.0,64.0,27.0,204.0,320.0,323.0,68.0,61.0,59.0,0.0,108.0,138.0,16.0,397.0,56.0,46.0,105.0,0.0,59.0,0.0,0.0,0.0,0.0,0.0,0.0,,,,,,,,,,,,,,,,,,,,,,,,,,,,,,,,,,,,,,,,,,,,,,,,,,,,,,,,,,,,,,,,,
107,38.0,13.0,14.0,11.0,54.0,5.0,5.0,7.0,11.0,42.0,40.0,10.0,125.0,7.0,76.0,44.0,0.0,26.0,,,,,,,,,,,,,,,,,,,,,,,,,,,,,,,,,,,,,,,,,,,,,,,,,,,,,,,,,,,,,,,,,,,,,,,,,,,,,,,,,
108,1.0,11.0,22.0,14.0,1.0,12.0,0.0,31.0,0.0,6.0,38.0,22.0,28.0,64.0,30.0,16.0,44.0,45.0,0.0,52.0,40.0,197.0,0.0,36.0,7.0,0.0,129.0,0.0,2.0,,,,,,,,,,,,,,,,,,,,,,,,,,,,,,,,,,,,,,,,,,,,,,,,,,,,,,,,,,,,,,,,,,,,,,
109,10.0,24.0,0.0,19.0,0.0,21.0,12.0,0.0,30.0,16.0,20.0,79.0,0.0,20.0,11.0,5.0,29.0,13.0,12.0,24.0,0.0,0.0,10.0,168.0,2.0,52.0,11.0,17.0,4.0,77.0,0.0,0.0,0.0,0.0,,,,,,,,,,,,,,,,,,,,,,,,,,,,,,,,,,,,,,,,,,,,,,,,,,,,,,,,,,,,,,,,,
110,24.0,50.0,24.0,142.0,10.0,13.0,0.0,0.0,27.0,59.0,14.0,75.0,7.0,7.0,0.0,66.0,20.0,61.0,35.0,101.0,19.0,20.0,81.0,4.0,425.0,27.0,285.0,18.0,48.0,7.0,31.0,152.0,28.0,211.0,24.0,5.0,141.0,40.0,37.0,,,,,,,,,,,,,,,,,,,,,,,,,,,,,,,,,,,,,,,,,,,,,,,,,,,,,,,,,,,,
111,22.0,14.0,10.0,10.0,0.0,0.0,3.0,15.0,10.0,0.0,0.0,42.0,31.0,76.0,22.0,26.0,7.0,5.0,7.0,18.0,8.0,0.0,0.0,25.0,8.0,12.0,1.0,0.0,24.0,11.0,0.0,0.0,0.0,6.0,292.0,71.0,0.0,0.0,0.0,538.0,172.0,146.0,7.0,83.0,0.0,0.0,0.0,0.0,0.0,0.0,0.0,0.0,,,,,,,,,,,,,,,,,,,,,,,,,,,,,,,,,,,,,,,,,,,,,,,
112,28.0,2.0,2.0,0.0,0.0,0.0,3.0,0.0,13.0,35.0,22.0,23.0,5.0,0.0,29.0,92.0,0.0,2.0,14.0,16.0,10.0,0.0,17.0,79.0,0.0,0.0,0.0,,,,,,,,,,,,,,,,,,,,,,,,,,,,,,,,,,,,,,,,,,,,,,,,,,,,,,,,,,,,,,,,,,,,,,,,
113,10.0,0.0,12.0,6.0,10.0,27.0,17.0,0.0,4.0,0.0,11.0,15.0,22.0,85.0,40.0,0.0,15.0,38.0,32.0,0.0,81.0,15.0,39.0,50.0,1.0,1.0,6.0,37.0,43.0,2.0,41.0,11.0,8.0,0.0,1.0,61.0,38.0,0.0,23.0,0.0,11.0,28.0,0.0,36.0,0.0,0.0,0.0,0.0,0.0,2.0,0.0,0.0,41.0,68.0,0.0,0.0,0.0,0.0,0.0,0.0,,,,,,,,,,,,,,,,,,,,,,,,,,,,,,,,,,,,,,,
114,0.0,18.0,0.0,22.0,2.0,22.0,14.0,23.0,1.0,9.0,13.0,10.0,0.0,2.0,9.0,0.0,54.0,31.0,31.0,27.0,36.0,54.0,52.0,20.0,44.0,5.0,16.0,28.0,176.0,14.0,0.0,21.0,0.0,38.0,0.0,59.0,0.0,0.0,6.0,3.0,24.0,103.0,128.0,26.0,4.0,84.0,5.0,0.0,178.0,0.0,29.0,0.0,0.0,7.0,7.0,26.0,12.0,0.0,0.0,51.0,1.0,17.0,0.0,6.0,7.0,,,,,,,,,,,,,,,,,,,,,,,,,,,,,,,,,,
115,18.0,16.0,0.0,2.0,0.0,0.0,3.0,2.0,31.0,0.0,182.0,16.0,28.0,23.0,30.0,11.0,17.0,24.0,40.0,50.0,90.0,52.0,18.0,380.0,0.0,8.0,48.0,0.0,0.0,190.0,0.0,63.0,186.0,68.0,0.0,0.0,,,,,,,,,,,,,,,,,,,,,,,,,,,,,,,,,,,,,,,,,,,,,,,,,,,,,,,,,,,,,,,
116,76.0,21.0,2.0,0.0,11.0,16.0,23.0,26.0,0.0,45.0,44.0,33.0,0.0,55.0,59.0,64.0,0.0,68.0,1.0,26.0,0.0,0.0,80.0,0.0,0.0,14.0,0.0,0.0,7.0,0.0,1.0,2.0,0.0,13.0,14.0,0.0,82.0,0.0,17.0,120.0,330.0,5.0,146.0,91.0,1.0,10.0,50.0,42.0,84.0,44.0,0.0,125.0,48.0,84.0,45.0,52.0,3.0,54.0,,,,,,,,,,,,,,,,,,,,,,,,,,,,,,,,,,,,,,,,,
117,27.0,6.0,1.0,11.0,39.0,41.0,3.0,3.0,13.0,27.0,30.0,1.0,0.0,67.0,15.0,12.0,6.0,144.0,0.0,0.0,108.0,0.0,25.0,74.0,15.0,0.0,25.0,24.0,28.0,,,,,,,,,,,,,,,,,,,,,,,,,,,,,,,,,,,,,,,,,,,,,,,,,,,,,,,,,,,,,,,,,,,,,,
118,27.0,8.0,56.0,7.0,33.0,9.0,40.0,4.0,19.0,0.0,67.0,41.0,49.0,69.0,17.0,24.0,0.0,0.0,4.0,0.0,0.0,7.0,25.0,58.0,76.0,0.0,7.0,2.0,11.0,0.0,15.0,53.0,14.0,3.0,0.0,0.0,13.0,14.0,0.0,14.0,107.0,111.0,0.0,91.0,5.0,45.0,132.0,0.0,234.0,0.0,172.0,26.0,0.0,18.0,52.0,8.0,13.0,0.0,142.0,0.0,4.0,0.0,0.0,17.0,5.0,8.0,0.0,,,,,,,,,,,,,,,,,,,,,,,,,,,,,,,,
119,15.0,22.0,18.0,25.0,8.0,10.0,25.0,15.0,5.0,4.0,63.0,12.0,7.0,58.0,23.0,14.0,0.0,3.0,26.0,103.0,0.0,106.0,119.0,0.0,0.0,0.0,0.0,0.0,0.0,,,,,,,,,,,,,,,,,,,,,,,,,,,,,,,,,,,,,,,,,,,,,,,,,,,,,,,,,,,,,,,,,,,,,,
120,18.0,24.0,25.0,0.0,20.0,6.0,4.0,1.0,11.0,7.0,5.0,,,,,,,,,,,,,,,,,,,,,,,,,,,,,,,,,,,,,,,,,,,,,,,,,,,,,,,,,,,,,,,,,,,,,,,,,,,,,,,,,,,,,,,,
121,0.0,0.0,4.0,6.0,14.0,68.0,18.0,4.0,0.0,0.0,12.0,14.0,4.0,7.0,0.0,1.0,16.0,6.0,15.0,10.0,14.0,50.0,49.0,12.0,56.0,19.0,22.0,34.0,64.0,0.0,23.0,14.0,4.0,19.0,11.0,18.0,9.0,0.0,7.0,0.0,0.0,12.0,8.0,0.0,0.0,2.0,0.0,0.0,0.0,0.0,1.0,5.0,5.0,11.0,20.0,8.0,0.0,7.0,0.0,0.0,0.0,,,,,,,,,,,,,,,,,,,,,,,,,,,,,,,,,,,,,,
122,16.0,24.0,8.0,0.0,18.0,9.0,0.0,35.0,11.0,0.0,11.0,17.0,3.0,62.0,0.0,0.0,20.0,10.0,23.0,0.0,0.0,12.0,73.0,0.0,53.0,0.0,60.0,0.0,2.0,0.0,95.0,5.0,62.0,0.0,0.0,20.0,0.0,0.0,0.0,0.0,0.0,0.0,0.0,0.0,0.0,0.0,0.0,0.0,0.0,0.0,,,,,,,,,,,,,,,,,,,,,,,,,,,,,,,,,,,,,,,,,,,,,,,,,
123,26.0,14.0,24.0,29.0,24.0,19.0,14.0,25.0,51.0,0.0,19.0,0.0,11.0,46.0,6.0,133.0,95.0,62.0,14.0,43.0,0.0,51.0,1.0,11.0,0.0,13.0,110.0,,,,,,,,,,,,,,,,,,,,,,,,,,,,,,,,,,,,,,,,,,,,,,,,,,,,,,,,,,,,,,,,,,,,,,,,
124,0.0,8.0,0.0,19.0,41.0,3.0,13.0,0.0,0.0,18.0,10.0,32.0,3.0,40.0,16.0,44.0,0.0,0.0,127.0,142.0,58.0,17.0,20.0,23.0,0.0,45.0,46.0,0.0,0.0,118.0,73.0,0.0,179.0,0.0,99.0,0.0,18.0,0.0,0.0,4.0,6.0,0.0,0.0,0.0,0.0,0.0,0.0,0.0,0.0,5.0,1.0,6.0,0.0,0.0,0.0,0.0,1.0,,,,,,,,,,,,,,,,,,,,,,,,,,,,,,,,,,,,,,,,,,
125,28.0,10.0,18.0,10.0,7.0,5.0,17.0,2.0,31.0,66.0,32.0,164.0,22.0,49.0,16.0,29.0,22.0,90.0,19.0,0.0,22.0,0.0,44.0,60.0,0.0,20.0,23.0,14.0,23.0,0.0,0.0,3.0,601.0,9.0,30.0,0.0,125.0,100.0,202.0,54.0,,,,,,,,,,,,,,,,,,,,,,,,,,,,,,,,,,,,,,,,,,,,,,,,,,,,,,,,,,,
126,36.0,4.0,57.0,10.0,29.0,16.0,28.0,31.0,1.0,4.0,24.0,8.0,18.0,21.0,34.0,53.0,0.0,0.0,19.0,309.0,0.0,0.0,0.0,,,,,,,,,,,,,,,,,,,,,,,,,,,,,,,,,,,,,,,,,,,,,,,,,,,,,,,,,,,,,,,,,,,,,,,,,,,,
127,0.0,11.0,14.0,0.0,37.0,5.0,1.0,23.0,12.0,0.0,108.0,4.0,15.0,107.0,39.0,0.0,16.0,20.0,10.0,24.0,15.0,23.0,36.0,37.0,37.0,0.0,2.0,2.0,54.0,37.0,33.0,0.0,38.0,0.0,44.0,0.0,,,,,,,,,,,,,,,,,,,,,,,,,,,,,,,,,,,,,,,,,,,,,,,,,,,,,,,,,,,,,,,
128,0.0,29.0,7.0,37.0,42.0,28.0,110.0,6.0,23.0,13.0,49.0,0.0,1.0,91.0,92.0,52.0,8.0,56.0,4.0,0.0,66.0,590.0,5.0,33.0,34.0,17.0,8.0,9.0,22.0,201.0,35.0,32.0,59.0,67.0,362.0,413.0,226.0,273.0,651.0,,,,,,,,,,,,,,,,,,,,,,,,,,,,,,,,,,,,,,,,,,,,,,,,,,,,,,,,,,,,
129,7.0,5.0,15.0,15.0,11.0,3.0,29.0,31.0,31.0,16.0,36.0,37.0,46.0,24.0,23.0,25.0,0.0,12.0,37.0,6.0,1.0,2.0,15.0,2.0,0.0,0.0,19.0,59.0,168.0,9.0,26.0,22.0,0.0,35.0,65.0,18.0,0.0,89.0,39.0,56.0,0.0,0.0,0.0,192.0,49.0,140.0,352.0,8.0,140.0,49.0,59.0,0.0,6.0,0.0,0.0,0.0,0.0,0.0,0.0,0.0,15.0,0.0,0.0,0.0,0.0,0.0,0.0,0.0,0.0,0.0,0.0,0.0,0.0,0.0,0.0,0.0,0.0,0.0,2.0,0.0,0.0,0.0,0.0,0.0,0.0,,,,,,,,,,,,,,
130,20.0,53.0,0.0,17.0,19.0,26.0,17.0,26.0,48.0,6.0,11.0,25.0,22.0,13.0,38.0,0.0,16.0,31.0,54.0,30.0,46.0,28.0,12.0,104.0,13.0,146.0,0.0,0.0,0.0,137.0,0.0,0.0,0.0,,,,,,,,,,,,,,,,,,,,,,,,,,,,,,,,,,,,,,,,,,,,,,,,,,,,,,,,,,,,,,,,,,
131,23.0,14.0,15.0,0.0,17.0,30.0,22.0,0.0,9.0,3.0,65.0,41.0,4.0,0.0,156.0,0.0,0.0,29.0,28.0,39.0,0.0,8.0,90.0,0.0,5.0,12.0,69.0,1.0,0.0,31.0,14.0,0.0,18.0,137.0,12.0,0.0,0.0,0.0,0.0,,,,,,,,,,,,,,,,,,,,,,,,,,,,,,,,,,,,,,,,,,,,,,,,,,,,,,,,,,,,
132,5.0,20.0,13.0,34.0,20.0,0.0,45.0,11.0,42.0,13.0,29.0,0.0,49.0,16.0,0.0,8.0,14.0,16.0,0.0,14.0,36.0,108.0,0.0,88.0,12.0,24.0,8.0,0.0,50.0,20.0,0.0,0.0,0.0,0.0,0.0,,,,,,,,,,,,,,,,,,,,,,,,,,,,,,,,,,,,,,,,,,,,,,,,,,,,,,,,,,,,,,,,
133,14.0,7.0,9.0,8.0,19.0,10.0,76.0,14.0,18.0,7.0,62.0,0.0,10.0,26.0,22.0,9.0,7.0,14.0,8.0,63.0,0.0,3.0,0.0,6.0,12.0,,,,,,,,,,,,,,,,,,,,,,,,,,,,,,,,,,,,,,,,,,,,,,,,,,,,,,,,,,,,,,,,,,,,,,,,,,
134,7.0,0.0,16.0,31.0,27.0,23.0,21.0,16.0,71.0,53.0,4.0,14.0,0.0,10.0,49.0,115.0,0.0,11.0,96.0,30.0,0.0,3.0,15.0,23.0,28.0,102.0,99.0,0.0,0.0,0.0,14.0,396.0,5.0,0.0,63.0,43.0,14.0,0.0,0.0,0.0,0.0,25.0,41.0,17.0,0.0,150.0,0.0,0.0,298.0,50.0,76.0,4.0,0.0,0.0,1.0,1.0,4.0,0.0,0.0,11.0,15.0,0.0,63.0,,,,,,,,,,,,,,,,,,,,,,,,,,,,,,,,,,,,
135,0.0,15.0,28.0,32.0,10.0,59.0,12.0,61.0,121.0,15.0,7.0,0.0,80.0,31.0,9.0,33.0,35.0,12.0,1.0,0.0,37.0,12.0,69.0,36.0,0.0,12.0,35.0,0.0,0.0,63.0,,,,,,,,,,,,,,,,,,,,,,,,,,,,,,,,,,,,,,,,,,,,,,,,,,,,,,,,,,,,,,,,,,,,,
136,7.0,25.0,27.0,4.0,40.0,5.0,6.0,38.0,41.0,0.0,5.0,84.0,11.0,1.0,0.0,11.0,0.0,0.0,0.0,9.0,0.0,9.0,44.0,20.0,15.0,93.0,0.0,0.0,175.0,57.0,48.0,78.0,22.0,0.0,0.0,0.0,329.0,225.0,119.0,14.0,93.0,0.0,21.0,39.0,0.0,39.0,0.0,0.0,0.0,0.0,,,,,,,,,,,,,,,,,,,,,,,,,,,,,,,,,,,,,,,,,,,,,,,,,
137,26.0,16.0,7.0,6.0,0.0,12.0,47.0,0.0,71.0,13.0,7.0,19.0,17.0,5.0,15.0,37.0,24.0,22.0,68.0,0.0,0.0,37.0,0.0,20.0,0.0,51.0,13.0,18.0,56.0,0.0,0.0,11.0,40.0,0.0,15.0,22.0,0.0,16.0,7.0,37.0,7.0,0.0,0.0,190.0,0.0,0.0,0.0,0.0,0.0,0.0,44.0,0.0,0.0,,,,,,,,,,,,,,,,,,,,,,,,,,,,,,,,,,,,,,,,,,,,,,
138,5.0,23.0,16.0,20.0,8.0,88.0,14.0,33.0,8.0,31.0,51.0,8.0,2.0,0.0,23.0,0.0,38.0,33.0,80.0,102.0,0.0,24.0,0.0,1.0,45.0,91.0,84.0,0.0,28.0,131.0,117.0,19.0,99.0,0.0,0.0,2.0,0.0,0.0,,,,,,,,,,,,,,,,,,,,,,,,,,,,,,,,,,,,,,,,,,,,,,,,,,,,,,,,,,,,,
139,18.0,0.0,2.0,14.0,10.0,21.0,48.0,0.0,23.0,11.0,2.0,0.0,81.0,4.0,0.0,53.0,1.0,10.0,0.0,336.0,13.0,0.0,61.0,26.0,0.0,42.0,0.0,9.0,0.0,20.0,0.0,27.0,0.0,7.0,108.0,0.0,0.0,58.0,128.0,0.0,0.0,53.0,186.0,29.0,33.0,0.0,3.0,30.0,281.0,0.0,0.0,101.0,0.0,0.0,57.0,27.0,0.0,0.0,0.0,0.0,0.0,0.0,0.0,,,,,,,,,,,,,,,,,,,,,,,,,,,,,,,,,,,,
140,27.0,16.0,11.0,0.0,14.0,27.0,41.0,7.0,3.0,0.0,17.0,6.0,23.0,8.0,24.0,3.0,129.0,100.0,16.0,19.0,49.0,0.0,92.0,0.0,94.0,18.0,19.0,11.0,3.0,10.0,8.0,0.0,1.0,0.0,30.0,16.0,2.0,0.0,0.0,4.0,40.0,0.0,1.0,,,,,,,,,,,,,,,,,,,,,,,,,,,,,,,,,,,,,,,,,,,,,,,,,,,,,,,,
141,35.0,0.0,4.0,31.0,31.0,8.0,38.0,6.0,29.0,3.0,0.0,43.0,23.0,1.0,71.0,0.0,4.0,23.0,132.0,6.0,0.0,40.0,0.0,0.0,158.0,30.0,62.0,552.0,195.0,38.0,7.0,31.0,72.0,0.0,7.0,0.0,12.0,0.0,0.0,0.0,0.0,0.0,2.0,62.0,0.0,0.0,0.0,0.0,0.0,0.0,,,,,,,,,,,,,,,,,,,,,,,,,,,,,,,,,,,,,,,,,,,,,,,,,
142,25.0,21.0,0.0,18.0,6.0,0.0,0.0,29.0,26.0,0.0,6.0,210.0,11.0,8.0,34.0,13.0,15.0,2.0,12.0,18.0,9.0,79.0,30.0,7.0,39.0,0.0,16.0,97.0,0.0,38.0,41.0,8.0,0.0,137.0,137.0,44.0,620.0,28.0,0.0,7.0,47.0,39.0,0.0,0.0,0.0,0.0,0.0,0.0,0.0,0.0,0.0,0.0,0.0,0.0,0.0,0.0,0.0,0.0,,,,,,,,,,,,,,,,,,,,,,,,,,,,,,,,,,,,,,,,,
143,3.0,7.0,51.0,28.0,5.0,0.0,70.0,27.0,0.0,36.0,13.0,15.0,0.0,8.0,13.0,50.0,8.0,19.0,28.0,11.0,4.0,23.0,182.0,23.0,53.0,37.0,32.0,111.0,0.0,49.0,35.0,32.0,23.0,20.0,0.0,0.0,0.0,0.0,0.0,,,,,,,,,,,,,,,,,,,,,,,,,,,,,,,,,,,,,,,,,,,,,,,,,,,,,,,,,,,,
144,5.0,14.0,2.0,0.0,12.0,28.0,18.0,0.0,31.0,31.0,1.0,135.0,51.0,1.0,11.0,0.0,76.0,55.0,22.0,107.0,57.0,48.0,59.0,0.0,13.0,58.0,0.0,29.0,99.0,27.0,53.0,75.0,16.0,231.0,168.0,0.0,24.0,468.0,23.0,10.0,17.0,0.0,0.0,0.0,77.0,0.0,4.0,10.0,0.0,0.0,0.0,462.0,0.0,0.0,0.0,0.0,0.0,0.0,0.0,12.0,8.0,20.0,18.0,0.0,0.0,0.0,0.0,0.0,0.0,0.0,0.0,0.0,0.0,0.0,,,,,,,,,,,,,,,,,,,,,,,,,
145,5.0,17.0,0.0,5.0,10.0,8.0,20.0,12.0,5.0,18.0,20.0,5.0,36.0,7.0,2.0,0.0,54.0,55.0,14.0,29.0,0.0,55.0,8.0,16.0,50.0,0.0,111.0,52.0,58.0,0.0,24.0,28.0,0.0,0.0,0.0,0.0,0.0,0.0,0.0,,,,,,,,,,,,,,,,,,,,,,,,,,,,,,,,,,,,,,,,,,,,,,,,,,,,,,,,,,,,
146,18.0,6.0,20.0,0.0,11.0,7.0,17.0,12.0,16.0,22.0,74.0,49.0,0.0,151.0,0.0,9.0,13.0,7.0,11.0,10.0,34.0,0.0,0.0,13.0,5.0,22.0,0.0,12.0,0.0,0.0,0.0,9.0,0.0,36.0,3.0,0.0,10.0,227.0,18.0,62.0,44.0,11.0,0.0,3.0,9.0,18.0,40.0,22.0,102.0,23.0,22.0,41.0,0.0,45.0,6.0,59.0,23.0,16.0,0.0,0.0,0.0,60.0,103.0,15.0,10.0,0.0,1.0,5.0,3.0,,,,,,,,,,,,,,,,,,,,,,,,,,,,,,
147,14.0,5.0,0.0,0.0,12.0,10.0,54.0,17.0,4.0,9.0,0.0,57.0,0.0,89.0,56.0,68.0,6.0,102.0,19.0,0.0,3.0,0.0,11.0,138.0,0.0,0.0,14.0,18.0,26.0,8.0,26.0,0.0,18.0,0.0,0.0,0.0,0.0,233.0,39.0,2.0,0.0,0.0,23.0,2.0,0.0,0.0,165.0,0.0,0.0,0.0,0.0,0.0,0.0,0.0,0.0,,,,,,,,,,,,,,,,,,,,,,,,,,,,,,,,,,,,,,,,,,,,
148,9.0,8.0,0.0,12.0,15.0,1.0,0.0,10.0,7.0,0.0,0.0,18.0,31.0,0.0,14.0,17.0,27.0,0.0,58.0,38.0,5.0,8.0,59.0,62.0,8.0,0.0,46.0,23.0,2.0,0.0,6.0,0.0,0.0,2.0,10.0,11.0,0.0,0.0,0.0,0.0,,,,,,,,,,,,,,,,,,,,,,,,,,,,,,,,,,,,,,,,,,,,,,,,,,,,,,,,,,,
149,23.0,32.0,17.0,10.0,0.0,6.0,0.0,8.0,14.0,20.0,40.0,0.0,0.0,8.0,0.0,18.0,0.0,0.0,0.0,20.0,,,,,,,,,,,,,,,,,,,,,,,,,,,,,,,,,,,,,,,,,,,,,,,,,,,,,,,,,,,,,,,,,,,,,,,,,,,,,,,
150,40.0,34.0,24.0,15.0,3.0,20.0,48.0,19.0,30.0,7.0,117.0,34.0,6.0,5.0,0.0,57.0,3.0,82.0,72.0,31.0,25.0,104.0,54.0,0.0,0.0,21.0,29.0,32.0,220.0,438.0,0.0,10.0,18.0,19.0,0.0,26.0,0.0,28.0,0.0,18.0,0.0,0.0,0.0,0.0,0.0,0.0,0.0,10.0,0.0,0.0,0.0,11.0,0.0,88.0,0.0,0.0,2.0,12.0,0.0,,,,,,,,,,,,,,,,,,,,,,,,,,,,,,,,,,,,,,,,
151,5.0,0.0,0.0,18.0,7.0,24.0,31.0,24.0,8.0,37.0,45.0,12.0,21.0,13.0,15.0,0.0,20.0,15.0,0.0,0.0,5.0,114.0,0.0,117.0,0.0,0.0,0.0,0.0,0.0,,,,,,,,,,,,,,,,,,,,,,,,,,,,,,,,,,,,,,,,,,,,,,,,,,,,,,,,,,,,,,,,,,,,,,
152,13.0,19.0,0.0,34.0,0.0,0.0,3.0,0.0,24.0,17.0,0.0,42.0,1.0,60.0,45.0,0.0,20.0,41.0,2.0,8.0,9.0,41.0,10.0,0.0,24.0,2.0,18.0,0.0,1.0,4.0,69.0,152.0,264.0,0.0,31.0,53.0,4.0,105.0,0.0,108.0,12.0,40.0,0.0,164.0,30.0,51.0,38.0,50.0,,,,,,,,,,,,,,,,,,,,,,,,,,,,,,,,,,,,,,,,,,,,,,,,,,,
153,3.0,32.0,11.0,0.0,8.0,5.0,18.0,4.0,36.0,1.0,26.0,17.0,14.0,0.0,1.0,0.0,0.0,76.0,28.0,77.0,0.0,6.0,13.0,20.0,0.0,33.0,1.0,21.0,0.0,5.0,33.0,67.0,1.0,80.0,5.0,32.0,66.0,24.0,0.0,12.0,16.0,8.0,12.0,18.0,0.0,0.0,131.0,0.0,88.0,35.0,18.0,17.0,0.0,50.0,0.0,0.0,9.0,0.0,44.0,0.0,0.0,0.0,0.0,0.0,0.0,0.0,,,,,,,,,,,,,,,,,,,,,,,,,,,,,,,,,
154,10.0,13.0,48.0,1.0,0.0,6.0,48.0,0.0,1.0,10.0,7.0,0.0,46.0,17.0,7.0,0.0,28.0,0.0,9.0,155.0,26.0,58.0,48.0,91.0,44.0,16.0,0.0,7.0,35.0,96.0,117.0,9.0,6.0,17.0,5.0,0.0,0.0,0.0,0.0,0.0,,,,,,,,,,,,,,,,,,,,,,,,,,,,,,,,,,,,,,,,,,,,,,,,,,,,,,,,,,,
155,11.0,15.0,7.0,1.0,30.0,3.0,0.0,10.0,6.0,0.0,2.0,0.0,76.0,54.0,224.0,9.0,202.0,14.0,34.0,11.0,0.0,138.0,0.0,0.0,4.0,12.0,57.0,63.0,600.0,0.0,275.0,0.0,9.0,,,,,,,,,,,,,,,,,,,,,,,,,,,,,,,,,,,,,,,,,,,,,,,,,,,,,,,,,,,,,,,,,,
156,23.0,0.0,0.0,0.0,33.0,12.0,28.0,7.0,24.0,7.0,12.0,75.0,0.0,7.0,17.0,30.0,1.0,0.0,26.0,16.0,79.0,18.0,46.0,49.0,11.0,0.0,0.0,0.0,0.0,0.0,0.0,66.0,0.0,10.0,136.0,29.0,14.0,53.0,0.0,1.0,0.0,0.0,0.0,0.0,0.0,0.0,0.0,,,,,,,,,,,,,,,,,,,,,,,,,,,,,,,,,,,,,,,,,,,,,,,,,,,,
157,3.0,19.0,16.0,19.0,18.0,11.0,0.0,3.0,5.0,19.0,23.0,12.0,8.0,23.0,101.0,10.0,0.0,13.0,60.0,0.0,0.0,28.0,33.0,14.0,5.0,7.0,1.0,0.0,47.0,46.0,33.0,30.0,0.0,0.0,0.0,16.0,0.0,0.0,12.0,0.0,0.0,0.0,35.0,117.0,0.0,26.0,49.0,0.0,9.0,0.0,0.0,30.0,1.0,0.0,1.0,1.0,0.0,0.0,0.0,0.0,0.0,0.0,0.0,0.0,0.0,0.0,0.0,0.0,0.0,0.0,0.0,0.0,,,,,,,,,,,,,,,,,,,,,,,,,,,
158,22.0,2.0,19.0,1.0,19.0,9.0,5.0,21.0,49.0,10.0,0.0,21.0,0.0,28.0,0.0,0.0,0.0,7.0,0.0,35.0,129.0,2.0,10.0,25.0,2.0,36.0,0.0,0.0,0.0,0.0,29.0,0.0,23.0,12.0,5.0,0.0,14.0,0.0,55.0,364.0,55.0,0.0,87.0,0.0,16.0,0.0,0.0,0.0,,,,,,,,,,,,,,,,,,,,,,,,,,,,,,,,,,,,,,,,,,,,,,,,,,,
159,11.0,13.0,4.0,6.0,16.0,11.0,15.0,6.0,46.0,101.0,4.0,46.0,40.0,0.0,19.0,82.0,20.0,0.0,0.0,34.0,22.0,67.0,34.0,0.0,0.0,0.0,35.0,0.0,85.0,4.0,0.0,24.0,0.0,63.0,0.0,4.0,89.0,0.0,0.0,64.0,0.0,0.0,0.0,725.0,0.0,0.0,0.0,0.0,,,,,,,,,,,,,,,,,,,,,,,,,,,,,,,,,,,,,,,,,,,,,,,,,,,
160,17.0,0.0,22.0,0.0,0.0,0.0,27.0,34.0,18.0,14.0,7.0,3.0,13.0,18.0,0.0,30.0,21.0,0.0,21.0,6.0,74.0,20.0,10.0,20.0,49.0,3.0,0.0,51.0,46.0,8.0,50.0,38.0,27.0,8.0,9.0,84.0,1.0,0.0,0.0,9.0,0.0,0.0,,,,,,,,,,,,,,,,,,,,,,,,,,,,,,,,,,,,,,,,,,,,,,,,,,,,,,,,,
161,24.0,0.0,0.0,10.0,31.0,13.0,61.0,0.0,20.0,14.0,22.0,17.0,40.0,136.0,53.0,107.0,179.0,11.0,18.0,47.0,0.0,59.0,195.0,0.0,207.0,72.0,150.0,84.0,124.0,,,,,,,,,,,,,,,,,,,,,,,,,,,,,,,,,,,,,,,,,,,,,,,,,,,,,,,,,,,,,,,,,,,,,,
162,31.0,32.0,27.0,21.0,17.0,0.0,24.0,19.0,47.0,2.0,0.0,0.0,3.0,49.0,27.0,0.0,0.0,0.0,25.0,24.0,24.0,135.0,89.0,81.0,24.0,12.0,96.0,0.0,0.0,0.0,71.0,0.0,0.0,0.0,,,,,,,,,,,,,,,,,,,,,,,,,,,,,,,,,,,,,,,,,,,,,,,,,,,,,,,,,,,,,,,,,
163,13.0,29.0,11.0,7.0,26.0,43.0,66.0,87.0,34.0,0.0,104.0,30.0,0.0,0.0,0.0,99.0,50.0,2.0,15.0,31.0,6.0,31.0,37.0,18.0,41.0,202.0,196.0,196.0,15.0,,,,,,,,,,,,,,,,,,,,,,,,,,,,,,,,,,,,,,,,,,,,,,,,,,,,,,,,,,,,,,,,,,,,,,
164,13.0,11.0,19.0,61.0,12.0,47.0,25.0,75.0,36.0,36.0,31.0,61.0,52.0,11.0,0.0,0.0,144.0,0.0,36.0,0.0,14.0,59.0,0.0,0.0,0.0,0.0,0.0,0.0,16.0,0.0,,,,,,,,,,,,,,,,,,,,,,,,,,,,,,,,,,,,,,,,,,,,,,,,,,,,,,,,,,,,,,,,,,,,,
165,7.0,22.0,13.0,17.0,16.0,19.0,17.0,16.0,3.0,26.0,32.0,4.0,17.0,3.0,12.0,56.0,0.0,0.0,11.0,0.0,0.0,53.0,36.0,22.0,5.0,176.0,14.0,0.0,0.0,0.0,133.0,0.0,0.0,0.0,0.0,1.0,0.0,,,,,,,,,,,,,,,,,,,,,,,,,,,,,,,,,,,,,,,,,,,,,,,,,,,,,,,,,,,,,,
166,0.0,18.0,33.0,0.0,3.0,27.0,19.0,24.0,12.0,20.0,38.0,64.0,29.0,39.0,7.0,15.0,20.0,21.0,58.0,90.0,0.0,27.0,0.0,0.0,65.0,46.0,0.0,0.0,0.0,0.0,176.0,0.0,0.0,,,,,,,,,,,,,,,,,,,,,,,,,,,,,,,,,,,,,,,,,,,,,,,,,,,,,,,,,,,,,,,,,,
167,8.0,8.0,1.0,21.0,36.0,94.0,35.0,104.0,6.0,15.0,0.0,0.0,27.0,0.0,0.0,0.0,3.0,0.0,0.0,236.0,12.0,0.0,180.0,0.0,31.0,13.0,18.0,0.0,0.0,0.0,0.0,17.0,0.0,,,,,,,,,,,,,,,,,,,,,,,,,,,,,,,,,,,,,,,,,,,,,,,,,,,,,,,,,,,,,,,,,,
168,8.0,16.0,9.0,20.0,15.0,37.0,12.0,13.0,25.0,3.0,44.0,9.0,0.0,86.0,48.0,32.0,17.0,12.0,89.0,,,,,,,,,,,,,,,,,,,,,,,,,,,,,,,,,,,,,,,,,,,,,,,,,,,,,,,,,,,,,,,,,,,,,,,,,,,,,,,,
169,13.0,10.0,20.0,7.0,0.0,21.0,16.0,10.0,0.0,4.0,45.0,13.0,50.0,50.0,0.0,0.0,46.0,10.0,45.0,37.0,39.0,33.0,0.0,13.0,20.0,61.0,3.0,42.0,0.0,14.0,7.0,0.0,0.0,0.0,3.0,0.0,38.0,23.0,4.0,13.0,0.0,0.0,0.0,,,,,,,,,,,,,,,,,,,,,,,,,,,,,,,,,,,,,,,,,,,,,,,,,,,,,,,,
170,3.0,11.0,26.0,12.0,30.0,1.0,9.0,17.0,33.0,0.0,7.0,27.0,0.0,31.0,5.0,18.0,0.0,20.0,2.0,12.0,0.0,10.0,0.0,11.0,0.0,0.0,0.0,0.0,,,,,,,,,,,,,,,,,,,,,,,,,,,,,,,,,,,,,,,,,,,,,,,,,,,,,,,,,,,,,,,,,,,,,,,
171,9.0,0.0,8.0,0.0,10.0,0.0,18.0,3.0,20.0,0.0,0.0,0.0,39.0,58.0,8.0,11.0,50.0,0.0,0.0,0.0,0.0,32.0,76.0,70.0,0.0,0.0,193.0,0.0,0.0,40.0,0.0,113.0,0.0,0.0,0.0,0.0,31.0,80.0,20.0,0.0,0.0,0.0,0.0,0.0,0.0,0.0,0.0,0.0,0.0,0.0,,,,,,,,,,,,,,,,,,,,,,,,,,,,,,,,,,,,,,,,,,,,,,,,,
172,0.0,0.0,13.0,11.0,15.0,2.0,0.0,25.0,20.0,0.0,6.0,10.0,8.0,20.0,4.0,30.0,0.0,59.0,19.0,1.0,20.0,38.0,57.0,4.0,8.0,0.0,0.0,33.0,30.0,68.0,56.0,3.0,12.0,40.0,18.0,93.0,13.0,12.0,0.0,27.0,0.0,0.0,0.0,0.0,0.0,33.0,22.0,0.0,0.0,184.0,376.0,4.0,0.0,0.0,0.0,0.0,,,,,,,,,,,,,,,,,,,,,,,,,,,,,,,,,,,,,,,,,,,
173,25.0,9.0,40.0,8.0,0.0,58.0,8.0,44.0,58.0,0.0,76.0,0.0,19.0,36.0,20.0,11.0,0.0,0.0,42.0,0.0,,,,,,,,,,,,,,,,,,,,,,,,,,,,,,,,,,,,,,,,,,,,,,,,,,,,,,,,,,,,,,,,,,,,,,,,,,,,,,,
174,8.0,21.0,11.0,0.0,8.0,8.0,8.0,4.0,21.0,29.0,0.0,5.0,55.0,7.0,8.0,0.0,20.0,4.0,14.0,0.0,50.0,21.0,0.0,15.0,13.0,16.0,0.0,37.0,57.0,18.0,14.0,27.0,33.0,0.0,0.0,16.0,0.0,15.0,18.0,7.0,12.0,25.0,0.0,63.0,1.0,0.0,0.0,19.0,48.0,7.0,0.0,0.0,87.0,31.0,295.0,62.0,52.0,44.0,8.0,101.0,0.0,0.0,0.0,,,,,,,,,,,,,,,,,,,,,,,,,,,,,,,,,,,,
175,7.0,3.0,15.0,24.0,20.0,6.0,41.0,17.0,36.0,35.0,35.0,36.0,18.0,22.0,9.0,9.0,2.0,0.0,13.0,15.0,58.0,10.0,9.0,0.0,0.0,22.0,0.0,97.0,63.0,24.0,0.0,15.0,0.0,0.0,0.0,0.0,0.0,9.0,42.0,41.0,0.0,27.0,135.0,41.0,43.0,8.0,9.0,97.0,10.0,0.0,33.0,0.0,0.0,0.0,264.0,,,,,,,,,,,,,,,,,,,,,,,,,,,,,,,,,,,,,,,,,,,,
176,39.0,2.0,21.0,4.0,4.0,0.0,31.0,7.0,2.0,6.0,4.0,40.0,17.0,9.0,26.0,3.0,0.0,15.0,7.0,0.0,51.0,18.0,48.0,0.0,62.0,0.0,28.0,215.0,6.0,19.0,0.0,0.0,41.0,16.0,21.0,78.0,55.0,30.0,140.0,0.0,0.0,11.0,4.0,0.0,0.0,96.0,100.0,7.0,,,,,,,,,,,,,,,,,,,,,,,,,,,,,,,,,,,,,,,,,,,,,,,,,,,
177,0.0,20.0,5.0,4.0,24.0,0.0,10.0,0.0,2.0,10.0,26.0,28.0,0.0,0.0,12.0,17.0,52.0,29.0,25.0,0.0,5.0,19.0,31.0,0.0,52.0,48.0,9.0,0.0,0.0,7.0,4.0,0.0,68.0,0.0,8.0,0.0,24.0,0.0,0.0,0.0,38.0,115.0,81.0,0.0,38.0,76.0,34.0,0.0,0.0,0.0,0.0,0.0,0.0,0.0,180.0,6.0,0.0,,,,,,,,,,,,,,,,,,,,,,,,,,,,,,,,,,,,,,,,,,
178,20.0,0.0,5.0,13.0,15.0,5.0,15.0,28.0,12.0,28.0,67.0,2.0,15.0,0.0,83.0,14.0,16.0,12.0,37.0,12.0,39.0,0.0,23.0,17.0,24.0,14.0,33.0,7.0,9.0,2.0,0.0,0.0,0.0,0.0,43.0,33.0,55.0,34.0,7.0,0.0,0.0,124.0,3.0,0.0,0.0,23.0,10.0,15.0,23.0,16.0,30.0,57.0,0.0,2.0,0.0,0.0,0.0,0.0,0.0,0.0,0.0,0.0,0.0,0.0,0.0,,,,,,,,,,,,,,,,,,,,,,,,,,,,,,,,,,
179,31.0,0.0,4.0,0.0,0.0,0.0,84.0,17.0,8.0,56.0,72.0,0.0,107.0,69.0,16.0,0.0,3.0,9.0,3.0,72.0,11.0,25.0,17.0,0.0,10.0,0.0,95.0,0.0,59.0,171.0,12.0,47.0,81.0,0.0,110.0,14.0,106.0,38.0,0.0,0.0,0.0,0.0,0.0,0.0,0.0,0.0,0.0,,,,,,,,,,,,,,,,,,,,,,,,,,,,,,,,,,,,,,,,,,,,,,,,,,,,
180,27.0,0.0,13.0,39.0,10.0,9.0,30.0,15.0,0.0,10.0,9.0,31.0,62.0,57.0,104.0,12.0,0.0,0.0,44.0,0.0,0.0,0.0,64.0,0.0,12.0,5.0,0.0,7.0,0.0,0.0,3.0,0.0,0.0,5.0,3.0,0.0,0.0,0.0,0.0,0.0,0.0,0.0,,,,,,,,,,,,,,,,,,,,,,,,,,,,,,,,,,,,,,,,,,,,,,,,,,,,,,,,,
181,6.0,0.0,38.0,24.0,21.0,17.0,13.0,22.0,8.0,0.0,0.0,142.0,28.0,63.0,23.0,38.0,33.0,6.0,23.0,0.0,0.0,86.0,32.0,0.0,28.0,0.0,0.0,0.0,0.0,0.0,0.0,0.0,0.0,0.0,281.0,0.0,71.0,449.0,84.0,13.0,0.0,0.0,186.0,0.0,0.0,0.0,0.0,0.0,0.0,0.0,,,,,,,,,,,,,,,,,,,,,,,,,,,,,,,,,,,,,,,,,,,,,,,,,
182,0.0,24.0,9.0,0.0,8.0,0.0,0.0,9.0,0.0,0.0,20.0,12.0,32.0,0.0,0.0,18.0,20.0,0.0,0.0,20.0,19.0,25.0,0.0,0.0,28.0,13.0,0.0,12.0,12.0,,,,,,,,,,,,,,,,,,,,,,,,,,,,,,,,,,,,,,,,,,,,,,,,,,,,,,,,,,,,,,,,,,,,,,
183,40.0,16.0,32.0,10.0,0.0,27.0,8.0,17.0,36.0,30.0,1.0,0.0,0.0,0.0,17.0,0.0,43.0,2.0,3.0,58.0,4.0,6.0,25.0,34.0,0.0,0.0,0.0,43.0,14.0,0.0,0.0,0.0,25.0,78.0,105.0,22.0,0.0,0.0,51.0,38.0,0.0,50.0,106.0,1.0,,,,,,,,,,,,,,,,,,,,,,,,,,,,,,,,,,,,,,,,,,,,,,,,,,,,,,,
184,27.0,17.0,19.0,46.0,63.0,1.0,0.0,0.0,12.0,25.0,15.0,4.0,79.0,0.0,22.0,14.0,0.0,0.0,0.0,0.0,0.0,1.0,29.0,105.0,0.0,2.0,0.0,0.0,5.0,0.0,7.0,,,,,,,,,,,,,,,,,,,,,,,,,,,,,,,,,,,,,,,,,,,,,,,,,,,,,,,,,,,,,,,,,,,,
185,13.0,4.0,25.0,32.0,0.0,16.0,3.0,9.0,22.0,0.0,0.0,0.0,0.0,9.0,0.0,0.0,10.0,0.0,7.0,2.0,30.0,39.0,0.0,0.0,14.0,0.0,0.0,0.0,0.0,0.0,0.0,0.0,0.0,0.0,,,,,,,,,,,,,,,,,,,,,,,,,,,,,,,,,,,,,,,,,,,,,,,,,,,,,,,,,,,,,,,,,
186,14.0,9.0,25.0,4.0,1.0,44.0,5.0,43.0,31.0,1.0,6.0,14.0,0.0,0.0,0.0,24.0,109.0,0.0,178.0,69.0,0.0,0.0,55.0,46.0,27.0,23.0,0.0,0.0,0.0,7.0,5.0,0.0,0.0,0.0,0.0,13.0,96.0,1.0,6.0,1.0,0.0,0.0,0.0,0.0,1.0,3.0,0.0,1.0,0.0,0.0,0.0,,,,,,,,,,,,,,,,,,,,,,,,,,,,,,,,,,,,,,,,,,,,,,,,
187,9.0,22.0,22.0,0.0,63.0,24.0,0.0,0.0,53.0,15.0,63.0,17.0,22.0,0.0,34.0,26.0,12.0,0.0,13.0,16.0,4.0,1.0,0.0,0.0,0.0,12.0,0.0,29.0,23.0,5.0,14.0,0.0,27.0,0.0,62.0,28.0,95.0,29.0,116.0,26.0,43.0,145.0,62.0,9.0,27.0,0.0,294.0,41.0,51.0,26.0,15.0,30.0,77.0,,,,,,,,,,,,,,,,,,,,,,,,,,,,,,,,,,,,,,,,,,,,,,
188,0.0,12.0,12.0,9.0,0.0,46.0,14.0,23.0,20.0,64.0,0.0,30.0,8.0,14.0,20.0,8.0,0.0,0.0,0.0,11.0,0.0,0.0,97.0,33.0,159.0,13.0,11.0,0.0,32.0,0.0,0.0,3.0,6.0,28.0,69.0,0.0,95.0,10.0,35.0,129.0,2.0,0.0,0.0,5.0,0.0,41.0,24.0,35.0,36.0,0.0,0.0,0.0,0.0,0.0,0.0,0.0,7.0,0.0,0.0,0.0,0.0,0.0,0.0,0.0,0.0,0.0,0.0,0.0,0.0,0.0,,,,,,,,,,,,,,,,,,,,,,,,,,,,,
189,7.0,19.0,13.0,19.0,93.0,81.0,23.0,0.0,0.0,0.0,17.0,0.0,7.0,3.0,7.0,13.0,10.0,2.0,64.0,10.0,0.0,0.0,41.0,10.0,0.0,5.0,0.0,0.0,76.0,33.0,0.0,11.0,81.0,0.0,0.0,0.0,0.0,1.0,0.0,45.0,0.0,0.0,7.0,7.0,106.0,0.0,0.0,,,,,,,,,,,,,,,,,,,,,,,,,,,,,,,,,,,,,,,,,,,,,,,,,,,,
190,0.0,26.0,20.0,7.0,15.0,2.0,17.0,38.0,51.0,10.0,31.0,0.0,0.0,76.0,0.0,7.0,24.0,149.0,6.0,15.0,4.0,35.0,33.0,77.0,3.0,74.0,0.0,4.0,11.0,0.0,32.0,0.0,0.0,27.0,0.0,27.0,43.0,0.0,27.0,23.0,25.0,0.0,13.0,73.0,73.0,0.0,0.0,,,,,,,,,,,,,,,,,,,,,,,,,,,,,,,,,,,,,,,,,,,,,,,,,,,,
191,15.0,0.0,12.0,0.0,0.0,4.0,11.0,40.0,0.0,0.0,85.0,20.0,11.0,48.0,45.0,0.0,120.0,56.0,230.0,46.0,137.0,0.0,0.0,43.0,150.0,0.0,0.0,19.0,0.0,0.0,0.0,,,,,,,,,,,,,,,,,,,,,,,,,,,,,,,,,,,,,,,,,,,,,,,,,,,,,,,,,,,,,,,,,,,,
192,1.0,15.0,12.0,6.0,0.0,25.0,30.0,19.0,12.0,13.0,0.0,12.0,0.0,22.0,26.0,21.0,94.0,8.0,29.0,95.0,41.0,0.0,15.0,0.0,20.0,19.0,32.0,0.0,0.0,0.0,,,,,,,,,,,,,,,,,,,,,,,,,,,,,,,,,,,,,,,,,,,,,,,,,,,,,,,,,,,,,,,,,,,,,
193,9.0,0.0,21.0,0.0,10.0,0.0,14.0,11.0,17.0,65.0,5.0,21.0,63.0,35.0,12.0,39.0,31.0,8.0,29.0,23.0,9.0,14.0,24.0,0.0,0.0,68.0,55.0,0.0,16.0,221.0,0.0,0.0,21.0,0.0,21.0,7.0,0.0,0.0,0.0,0.0,0.0,,,,,,,,,,,,,,,,,,,,,,,,,,,,,,,,,,,,,,,,,,,,,,,,,,,,,,,,,,
194,11.0,21.0,11.0,0.0,0.0,1.0,42.0,0.0,18.0,6.0,45.0,24.0,16.0,6.0,13.0,7.0,8.0,59.0,18.0,17.0,70.0,66.0,19.0,3.0,0.0,0.0,749.0,55.0,,,,,,,,,,,,,,,,,,,,,,,,,,,,,,,,,,,,,,,,,,,,,,,,,,,,,,,,,,,,,,,,,,,,,,,
195,12.0,20.0,9.0,29.0,9.0,4.0,11.0,27.0,23.0,21.0,9.0,11.0,9.0,0.0,60.0,46.0,71.0,24.0,0.0,1.0,35.0,7.0,67.0,0.0,15.0,0.0,60.0,0.0,101.0,,,,,,,,,,,,,,,,,,,,,,,,,,,,,,,,,,,,,,,,,,,,,,,,,,,,,,,,,,,,,,,,,,,,,,
196,9.0,21.0,15.0,12.0,34.0,17.0,0.0,20.0,16.0,34.0,0.0,8.0,27.0,8.0,12.0,12.0,0.0,0.0,52.0,20.0,0.0,51.0,25.0,133.0,35.0,0.0,24.0,8.0,0.0,126.0,0.0,0.0,0.0,0.0,138.0,0.0,0.0,,,,,,,,,,,,,,,,,,,,,,,,,,,,,,,,,,,,,,,,,,,,,,,,,,,,,,,,,,,,,,
197,12.0,9.0,0.0,27.0,0.0,15.0,27.0,23.0,8.0,0.0,0.0,30.0,10.0,10.0,44.0,0.0,14.0,54.0,0.0,0.0,0.0,12.0,0.0,64.0,20.0,26.0,58.0,0.0,48.0,0.0,0.0,28.0,39.0,49.0,0.0,44.0,0.0,81.0,0.0,2.0,0.0,0.0,,,,,,,,,,,,,,,,,,,,,,,,,,,,,,,,,,,,,,,,,,,,,,,,,,,,,,,,,
198,11.0,17.0,20.0,28.0,0.0,35.0,32.0,25.0,6.0,25.0,33.0,0.0,112.0,17.0,22.0,0.0,15.0,64.0,20.0,8.0,24.0,47.0,32.0,144.0,34.0,41.0,8.0,0.0,0.0,0.0,23.0,0.0,24.0,28.0,2.0,5.0,430.0,3.0,0.0,0.0,0.0,0.0,0.0,0.0,0.0,0.0,,,,,,,,,,,,,,,,,,,,,,,,,,,,,,,,,,,,,,,,,,,,,,,,,,,,,
199,13.0,23.0,0.0,18.0,16.0,11.0,15.0,6.0,24.0,0.0,26.0,1.0,22.0,0.0,1.0,4.0,17.0,14.0,0.0,17.0,21.0,5.0,8.0,0.0,0.0,0.0,0.0,23.0,4.0,7.0,0.0,22.0,0.0,5.0,13.0,0.0,0.0,0.0,3.0,1.0,9.0,0.0,0.0,0.0,0.0,3.0,0.0,7.0,10.0,0.0,7.0,14.0,0.0,0.0,0.0,17.0,28.0,9.0,1.0,11.0,0.0,0.0,0.0,124.0,145.0,8.0,168.0,0.0,21.0,6.0,0.0,156.0,0.0,0.0,,,,,,,,,,,,,,,,,,,,,,,,,
200,23.0,14.0,16.0,18.0,28.0,8.0,14.0,22.0,4.0,0.0,64.0,1.0,33.0,33.0,38.0,0.0,33.0,0.0,0.0,41.0,0.0,0.0,0.0,0.0,68.0,33.0,18.0,12.0,6.0,0.0,8.0,25.0,29.0,0.0,0.0,16.0,20.0,0.0,3.0,0.0,6.0,182.0,92.0,0.0,0.0,0.0,0.0,0.0,0.0,0.0,,,,,,,,,,,,,,,,,,,,,,,,,,,,,,,,,,,,,,,,,,,,,,,,,
201,0.0,19.0,22.0,35.0,17.0,5.0,0.0,39.0,17.0,26.0,16.0,0.0,0.0,6.0,13.0,11.0,0.0,15.0,0.0,7.0,0.0,0.0,0.0,29.0,0.0,108.0,8.0,64.0,0.0,0.0,0.0,50.0,0.0,0.0,0.0,0.0,0.0,,,,,,,,,,,,,,,,,,,,,,,,,,,,,,,,,,,,,,,,,,,,,,,,,,,,,,,,,,,,,,
202,2.0,0.0,0.0,0.0,0.0,13.0,17.0,38.0,2.0,32.0,29.0,14.0,0.0,91.0,17.0,17.0,92.0,40.0,7.0,103.0,104.0,28.0,1.0,34.0,29.0,29.0,0.0,0.0,15.0,45.0,6.0,7.0,34.0,9.0,1.0,5.0,21.0,0.0,22.0,0.0,0.0,6.0,1.0,0.0,3.0,0.0,0.0,4.0,5.0,0.0,13.0,0.0,0.0,0.0,0.0,0.0,5.0,0.0,6.0,12.0,0.0,0.0,0.0,0.0,0.0,0.0,0.0,0.0,0.0,0.0,0.0,0.0,0.0,0.0,0.0,,,,,,,,,,,,,,,,,,,,,,,,
203,12.0,33.0,28.0,0.0,16.0,0.0,52.0,27.0,43.0,10.0,7.0,1.0,10.0,0.0,33.0,31.0,55.0,6.0,75.0,12.0,6.0,44.0,75.0,0.0,0.0,49.0,0.0,2.0,122.0,19.0,8.0,0.0,0.0,0.0,18.0,29.0,24.0,3.0,17.0,0.0,0.0,60.0,232.0,22.0,0.0,0.0,0.0,0.0,203.0,0.0,0.0,0.0,0.0,0.0,0.0,0.0,0.0,,,,,,,,,,,,,,,,,,,,,,,,,,,,,,,,,,,,,,,,,,
204,1.0,4.0,15.0,3.0,12.0,0.0,4.0,41.0,46.0,12.0,19.0,9.0,41.0,106.0,20.0,38.0,21.0,25.0,0.0,,,,,,,,,,,,,,,,,,,,,,,,,,,,,,,,,,,,,,,,,,,,,,,,,,,,,,,,,,,,,,,,,,,,,,,,,,,,,,,,
205,0.0,5.0,3.0,6.0,4.0,18.0,6.0,94.0,17.0,54.0,61.0,88.0,213.0,9.0,42.0,80.0,7.0,100.0,0.0,38.0,0.0,7.0,139.0,23.0,105.0,0.0,0.0,128.0,0.0,,,,,,,,,,,,,,,,,,,,,,,,,,,,,,,,,,,,,,,,,,,,,,,,,,,,,,,,,,,,,,,,,,,,,,
206,27.0,11.0,14.0,29.0,14.0,10.0,68.0,14.0,0.0,19.0,35.0,40.0,0.0,0.0,26.0,5.0,0.0,0.0,81.0,19.0,92.0,58.0,16.0,112.0,0.0,0.0,0.0,0.0,1000.0,0.0,0.0,42.0,0.0,124.0,0.0,80.0,0.0,0.0,0.0,0.0,13.0,0.0,0.0,0.0,,,,,,,,,,,,,,,,,,,,,,,,,,,,,,,,,,,,,,,,,,,,,,,,,,,,,,,
207,14.0,36.0,12.0,3.0,44.0,31.0,17.0,6.0,0.0,18.0,5.0,54.0,46.0,4.0,0.0,8.0,0.0,2.0,27.0,24.0,28.0,31.0,63.0,39.0,0.0,0.0,0.0,17.0,19.0,0.0,1.0,0.0,0.0,0.0,0.0,,,,,,,,,,,,,,,,,,,,,,,,,,,,,,,,,,,,,,,,,,,,,,,,,,,,,,,,,,,,,,,,
208,14.0,37.0,0.0,38.0,11.0,12.0,20.0,19.0,0.0,33.0,68.0,19.0,15.0,0.0,34.0,8.0,172.0,0.0,98.0,0.0,2.0,0.0,157.0,66.0,0.0,8.0,56.0,85.0,180.0,76.0,0.0,109.0,0.0,264.0,175.0,191.0,0.0,60.0,0.0,163.0,0.0,0.0,0.0,0.0,0.0,,,,,,,,,,,,,,,,,,,,,,,,,,,,,,,,,,,,,,,,,,,,,,,,,,,,,,
209,20.0,7.0,6.0,15.0,28.0,14.0,23.0,20.0,30.0,20.0,16.0,0.0,12.0,5.0,57.0,40.0,38.0,11.0,10.0,67.0,35.0,3.0,67.0,0.0,89.0,48.0,66.0,0.0,0.0,57.0,93.0,37.0,38.0,0.0,104.0,15.0,41.0,110.0,77.0,0.0,0.0,56.0,77.0,105.0,99.0,23.0,0.0,3.0,0.0,12.0,12.0,0.0,0.0,0.0,0.0,2.0,27.0,0.0,0.0,0.0,751.0,0.0,0.0,0.0,0.0,0.0,0.0,0.0,0.0,0.0,0.0,0.0,2.0,14.0,3.0,,,,,,,,,,,,,,,,,,,,,,,,
210,16.0,30.0,10.0,22.0,36.0,10.0,9.0,17.0,98.0,48.0,22.0,3.0,13.0,34.0,29.0,13.0,100.0,24.0,45.0,40.0,48.0,11.0,49.0,27.0,11.0,28.0,36.0,7.0,0.0,2.0,13.0,54.0,4.0,0.0,0.0,9.0,56.0,0.0,0.0,0.0,283.0,19.0,0.0,0.0,,,,,,,,,,,,,,,,,,,,,,,,,,,,,,,,,,,,,,,,,,,,,,,,,,,,,,,
211,3.0,9.0,3.0,25.0,18.0,16.0,1.0,0.0,0.0,0.0,0.0,20.0,16.0,0.0,7.0,21.0,18.0,9.0,25.0,9.0,62.0,1.0,10.0,53.0,62.0,9.0,6.0,0.0,25.0,11.0,8.0,7.0,7.0,2.0,25.0,0.0,16.0,0.0,0.0,5.0,11.0,12.0,2.0,0.0,41.0,42.0,9.0,0.0,9.0,0.0,13.0,19.0,0.0,0.0,0.0,4.0,2.0,0.0,1.0,5.0,0.0,29.0,0.0,0.0,0.0,52.0,14.0,50.0,0.0,6.0,5.0,2.0,0.0,17.0,0.0,37.0,0.0,11.0,0.0,0.0,45.0,19.0,19.0,83.0,6.0,6.0,0.0,0.0,22.0,0.0,0.0,,,,,,,,
212,7.0,7.0,38.0,3.0,28.0,24.0,73.0,34.0,0.0,15.0,1.0,26.0,43.0,37.0,53.0,69.0,0.0,5.0,7.0,0.0,16.0,0.0,3.0,12.0,13.0,2.0,37.0,16.0,0.0,0.0,0.0,34.0,60.0,44.0,0.0,27.0,81.0,158.0,0.0,0.0,25.0,171.0,47.0,0.0,0.0,0.0,,,,,,,,,,,,,,,,,,,,,,,,,,,,,,,,,,,,,,,,,,,,,,,,,,,,,
213,0.0,10.0,9.0,6.0,21.0,31.0,35.0,3.0,17.0,0.0,21.0,0.0,23.0,0.0,10.0,221.0,0.0,18.0,13.0,0.0,0.0,245.0,0.0,44.0,12.0,0.0,0.0,0.0,75.0,0.0,0.0,0.0,0.0,,,,,,,,,,,,,,,,,,,,,,,,,,,,,,,,,,,,,,,,,,,,,,,,,,,,,,,,,,,,,,,,,,
214,0.0,37.0,20.0,63.0,0.0,0.0,0.0,77.0,34.0,35.0,5.0,40.0,15.0,34.0,18.0,309.0,28.0,13.0,74.0,31.0,93.0,58.0,105.0,0.0,35.0,8.0,0.0,30.0,0.0,53.0,128.0,48.0,0.0,252.0,0.0,0.0,,,,,,,,,,,,,,,,,,,,,,,,,,,,,,,,,,,,,,,,,,,,,,,,,,,,,,,,,,,,,,,
215,0.0,18.0,25.0,28.0,16.0,7.0,11.0,3.0,1.0,32.0,0.0,23.0,2.0,10.0,19.0,38.0,13.0,0.0,24.0,5.0,0.0,18.0,65.0,2.0,96.0,10.0,28.0,376.0,111.0,19.0,0.0,491.0,51.0,5.0,,,,,,,,,,,,,,,,,,,,,,,,,,,,,,,,,,,,,,,,,,,,,,,,,,,,,,,,,,,,,,,,,
216,14.0,2.0,3.0,0.0,36.0,18.0,15.0,10.0,17.0,18.0,2.0,42.0,0.0,0.0,39.0,23.0,13.0,1.0,0.0,22.0,14.0,22.0,6.0,57.0,4.0,0.0,0.0,,,,,,,,,,,,,,,,,,,,,,,,,,,,,,,,,,,,,,,,,,,,,,,,,,,,,,,,,,,,,,,,,,,,,,,,
217,4.0,9.0,17.0,4.0,24.0,24.0,0.0,8.0,40.0,31.0,22.0,19.0,23.0,21.0,52.0,8.0,26.0,29.0,0.0,12.0,0.0,22.0,13.0,32.0,56.0,18.0,0.0,0.0,0.0,18.0,27.0,56.0,52.0,158.0,21.0,29.0,53.0,0.0,0.0,0.0,60.0,0.0,0.0,2.0,1.0,63.0,0.0,0.0,0.0,37.0,13.0,46.0,0.0,65.0,0.0,0.0,0.0,0.0,0.0,,,,,,,,,,,,,,,,,,,,,,,,,,,,,,,,,,,,,,,,
218,1.0,0.0,4.0,27.0,9.0,3.0,16.0,75.0,51.0,9.0,9.0,95.0,0.0,0.0,72.0,38.0,12.0,13.0,9.0,29.0,93.0,12.0,259.0,16.0,41.0,0.0,13.0,11.0,0.0,8.0,0.0,18.0,10.0,27.0,17.0,40.0,16.0,21.0,0.0,0.0,0.0,12.0,,,,,,,,,,,,,,,,,,,,,,,,,,,,,,,,,,,,,,,,,,,,,,,,,,,,,,,,,
219,38.0,0.0,25.0,6.0,0.0,28.0,10.0,11.0,13.0,11.0,0.0,3.0,13.0,,,,,,,,,,,,,,,,,,,,,,,,,,,,,,,,,,,,,,,,,,,,,,,,,,,,,,,,,,,,,,,,,,,,,,,,,,,,,,,,,,,,,,
220,2.0,29.0,8.0,18.0,9.0,0.0,13.0,15.0,0.0,11.0,29.0,10.0,24.0,14.0,22.0,18.0,7.0,70.0,0.0,48.0,17.0,41.0,0.0,4.0,2.0,14.0,16.0,0.0,82.0,48.0,0.0,0.0,79.0,0.0,0.0,0.0,73.0,20.0,0.0,0.0,0.0,119.0,0.0,64.0,,,,,,,,,,,,,,,,,,,,,,,,,,,,,,,,,,,,,,,,,,,,,,,,,,,,,,,
221,22.0,26.0,15.0,13.0,0.0,7.0,6.0,0.0,0.0,0.0,23.0,40.0,0.0,24.0,91.0,24.0,85.0,14.0,0.0,0.0,127.0,33.0,166.0,171.0,0.0,3.0,31.0,188.0,0.0,254.0,,,,,,,,,,,,,,,,,,,,,,,,,,,,,,,,,,,,,,,,,,,,,,,,,,,,,,,,,,,,,,,,,,,,,
222,26.0,0.0,0.0,12.0,22.0,42.0,0.0,58.0,29.0,25.0,36.0,19.0,26.0,15.0,22.0,1.0,1.0,31.0,34.0,21.0,72.0,24.0,133.0,75.0,0.0,3.0,3.0,5.0,0.0,78.0,0.0,0.0,0.0,,,,,,,,,,,,,,,,,,,,,,,,,,,,,,,,,,,,,,,,,,,,,,,,,,,,,,,,,,,,,,,,,,
223,13.0,13.0,15.0,9.0,6.0,21.0,48.0,15.0,10.0,21.0,6.0,28.0,18.0,9.0,82.0,49.0,13.0,18.0,13.0,126.0,3.0,0.0,11.0,83.0,92.0,78.0,0.0,5.0,43.0,30.0,5.0,80.0,8.0,4.0,22.0,36.0,59.0,110.0,25.0,0.0,0.0,0.0,2.0,19.0,,,,,,,,,,,,,,,,,,,,,,,,,,,,,,,,,,,,,,,,,,,,,,,,,,,,,,,
224,12.0,13.0,21.0,31.0,14.0,21.0,48.0,39.0,10.0,3.0,8.0,10.0,27.0,0.0,26.0,63.0,82.0,39.0,46.0,11.0,26.0,0.0,36.0,0.0,2.0,49.0,38.0,0.0,6.0,6.0,34.0,58.0,47.0,66.0,34.0,0.0,77.0,6.0,0.0,49.0,237.0,168.0,5.0,0.0,85.0,523.0,4.0,4.0,0.0,0.0,0.0,152.0,0.0,0.0,0.0,0.0,0.0,0.0,0.0,0.0,0.0,0.0,0.0,0.0,0.0,0.0,,,,,,,,,,,,,,,,,,,,,,,,,,,,,,,,,
225,27.0,3.0,0.0,17.0,1.0,3.0,28.0,6.0,14.0,23.0,23.0,8.0,23.0,59.0,45.0,12.0,33.0,32.0,1.0,0.0,49.0,6.0,69.0,0.0,29.0,6.0,9.0,0.0,0.0,8.0,5.0,8.0,9.0,12.0,0.0,,,,,,,,,,,,,,,,,,,,,,,,,,,,,,,,,,,,,,,,,,,,,,,,,,,,,,,,,,,,,,,,
226,15.0,21.0,23.0,10.0,4.0,23.0,5.0,2.0,62.0,31.0,37.0,0.0,30.0,18.0,27.0,42.0,25.0,2.0,30.0,17.0,118.0,8.0,57.0,0.0,20.0,58.0,206.0,52.0,21.0,5.0,0.0,0.0,0.0,36.0,5.0,4.0,0.0,0.0,49.0,36.0,0.0,6.0,0.0,0.0,5.0,10.0,23.0,0.0,0.0,0.0,0.0,111.0,21.0,13.0,18.0,5.0,0.0,2.0,0.0,0.0,89.0,0.0,0.0,0.0,1.0,5.0,1.0,,,,,,,,,,,,,,,,,,,,,,,,,,,,,,,,
227,0.0,3.0,26.0,22.0,14.0,9.0,8.0,29.0,33.0,17.0,4.0,32.0,24.0,109.0,8.0,0.0,64.0,0.0,0.0,131.0,119.0,49.0,85.0,36.0,0.0,114.0,0.0,0.0,51.0,0.0,11.0,0.0,48.0,0.0,8.0,0.0,30.0,34.0,43.0,43.0,0.0,0.0,0.0,13.0,24.0,40.0,,,,,,,,,,,,,,,,,,,,,,,,,,,,,,,,,,,,,,,,,,,,,,,,,,,,,
228,20.0,3.0,17.0,38.0,31.0,0.0,8.0,12.0,3.0,7.0,34.0,43.0,28.0,99.0,18.0,85.0,124.0,103.0,7.0,23.0,11.0,43.0,0.0,0.0,0.0,32.0,0.0,16.0,0.0,0.0,4.0,11.0,0.0,31.0,16.0,9.0,15.0,17.0,0.0,0.0,3.0,2.0,0.0,0.0,0.0,0.0,753.0,,,,,,,,,,,,,,,,,,,,,,,,,,,,,,,,,,,,,,,,,,,,,,,,,,,,
229,55.0,4.0,5.0,16.0,0.0,8.0,27.0,21.0,36.0,131.0,40.0,20.0,16.0,57.0,29.0,4.0,1.0,21.0,19.0,0.0,24.0,165.0,62.0,0.0,76.0,68.0,14.0,54.0,49.0,0.0,53.0,0.0,76.0,0.0,12.0,261.0,33.0,153.0,0.0,55.0,0.0,81.0,22.0,0.0,,,,,,,,,,,,,,,,,,,,,,,,,,,,,,,,,,,,,,,,,,,,,,,,,,,,,,,
230,23.0,28.0,0.0,14.0,15.0,24.0,6.0,27.0,15.0,3.0,0.0,15.0,132.0,66.0,5.0,92.0,30.0,30.0,0.0,23.0,31.0,30.0,111.0,38.0,19.0,0.0,63.0,3.0,217.0,0.0,136.0,91.0,101.0,113.0,17.0,,,,,,,,,,,,,,,,,,,,,,,,,,,,,,,,,,,,,,,,,,,,,,,,,,,,,,,,,,,,,,,,
231,3.0,6.0,24.0,0.0,2.0,30.0,14.0,19.0,58.0,0.0,13.0,17.0,25.0,0.0,25.0,3.0,0.0,5.0,25.0,13.0,33.0,2.0,53.0,17.0,16.0,5.0,3.0,7.0,3.0,20.0,26.0,6.0,13.0,32.0,44.0,44.0,28.0,51.0,0.0,148.0,0.0,91.0,30.0,4.0,147.0,24.0,0.0,53.0,90.0,106.0,0.0,0.0,14.0,0.0,0.0,0.0,101.0,0.0,,,,,,,,,,,,,,,,,,,,,,,,,,,,,,,,,,,,,,,,,
232,3.0,3.0,0.0,6.0,0.0,16.0,26.0,27.0,29.0,0.0,4.0,13.0,19.0,27.0,14.0,7.0,23.0,0.0,0.0,35.0,7.0,74.0,9.0,17.0,0.0,55.0,0.0,0.0,112.0,0.0,15.0,77.0,0.0,0.0,0.0,0.0,16.0,0.0,35.0,40.0,130.0,0.0,6.0,45.0,26.0,51.0,21.0,33.0,21.0,25.0,0.0,39.0,,,,,,,,,,,,,,,,,,,,,,,,,,,,,,,,,,,,,,,,,,,,,,,
233,12.0,2.0,0.0,8.0,35.0,11.0,0.0,45.0,28.0,96.0,0.0,0.0,0.0,30.0,0.0,98.0,0.0,131.0,102.0,59.0,4.0,0.0,19.0,0.0,20.0,0.0,0.0,51.0,24.0,60.0,0.0,9.0,0.0,183.0,11.0,0.0,0.0,0.0,47.0,0.0,0.0,652.0,0.0,0.0,0.0,0.0,0.0,19.0,0.0,68.0,34.0,9.0,15.0,0.0,1.0,0.0,1.0,1.0,3.0,0.0,1.0,2.0,11.0,,,,,,,,,,,,,,,,,,,,,,,,,,,,,,,,,,,,
234,4.0,30.0,21.0,18.0,15.0,12.0,27.0,22.0,12.0,10.0,73.0,17.0,49.0,162.0,20.0,28.0,18.0,4.0,4.0,0.0,0.0,27.0,0.0,0.0,27.0,69.0,0.0,64.0,0.0,0.0,0.0,,,,,,,,,,,,,,,,,,,,,,,,,,,,,,,,,,,,,,,,,,,,,,,,,,,,,,,,,,,,,,,,,,,,
235,7.0,17.0,15.0,0.0,13.0,37.0,15.0,36.0,15.0,0.0,16.0,6.0,0.0,0.0,24.0,5.0,1.0,29.0,7.0,0.0,57.0,0.0,11.0,25.0,22.0,11.0,25.0,19.0,0.0,0.0,0.0,11.0,9.0,0.0,0.0,0.0,0.0,3.0,10.0,0.0,0.0,8.0,13.0,0.0,4.0,0.0,3.0,14.0,1.0,4.0,4.0,13.0,1.0,1.0,0.0,,,,,,,,,,,,,,,,,,,,,,,,,,,,,,,,,,,,,,,,,,,,
236,24.0,11.0,39.0,9.0,5.0,23.0,7.0,5.0,9.0,2.0,11.0,29.0,64.0,3.0,0.0,62.0,77.0,37.0,6.0,0.0,16.0,34.0,41.0,56.0,39.0,0.0,30.0,56.0,61.0,59.0,80.0,1.0,0.0,0.0,0.0,0.0,0.0,244.0,88.0,0.0,0.0,0.0,0.0,0.0,,,,,,,,,,,,,,,,,,,,,,,,,,,,,,,,,,,,,,,,,,,,,,,,,,,,,,,
237,1.0,10.0,0.0,14.0,0.0,22.0,33.0,25.0,14.0,9.0,104.0,17.0,14.0,0.0,101.0,54.0,0.0,4.0,31.0,11.0,0.0,41.0,48.0,162.0,114.0,68.0,0.0,0.0,41.0,33.0,17.0,0.0,18.0,24.0,0.0,,,,,,,,,,,,,,,,,,,,,,,,,,,,,,,,,,,,,,,,,,,,,,,,,,,,,,,,,,,,,,,,
238,14.0,0.0,0.0,4.0,39.0,31.0,0.0,59.0,9.0,5.0,11.0,21.0,5.0,23.0,30.0,9.0,24.0,26.0,0.0,17.0,38.0,48.0,38.0,19.0,0.0,0.0,12.0,5.0,16.0,0.0,11.0,19.0,0.0,16.0,7.0,0.0,0.0,0.0,0.0,0.0,0.0,0.0,0.0,,,,,,,,,,,,,,,,,,,,,,,,,,,,,,,,,,,,,,,,,,,,,,,,,,,,,,,,
239,29.0,17.0,26.0,18.0,5.0,7.0,26.0,10.0,39.0,54.0,10.0,0.0,8.0,31.0,3.0,42.0,327.0,1.0,6.0,53.0,27.0,33.0,20.0,0.0,2.0,9.0,0.0,0.0,13.0,0.0,0.0,2.0,3.0,0.0,0.0,7.0,1.0,40.0,6.0,19.0,243.0,25.0,209.0,0.0,64.0,16.0,23.0,42.0,1.0,4.0,0.0,0.0,5.0,7.0,0.0,0.0,8.0,8.0,57.0,0.0,37.0,16.0,17.0,34.0,8.0,0.0,0.0,0.0,,,,,,,,,,,,,,,,,,,,,,,,,,,,,,,
240,8.0,18.0,10.0,0.0,32.0,7.0,5.0,30.0,24.0,0.0,57.0,32.0,29.0,0.0,0.0,0.0,37.0,0.0,0.0,0.0,15.0,46.0,4.0,122.0,3.0,8.0,0.0,58.0,818.0,96.0,218.0,371.0,76.0,0.0,0.0,8.0,0.0,0.0,0.0,0.0,0.0,0.0,0.0,0.0,0.0,,,,,,,,,,,,,,,,,,,,,,,,,,,,,,,,,,,,,,,,,,,,,,,,,,,,,,
241,22.0,39.0,21.0,6.0,20.0,43.0,26.0,6.0,5.0,0.0,16.0,32.0,6.0,0.0,0.0,3.0,11.0,6.0,10.0,1.0,10.0,0.0,0.0,6.0,10.0,0.0,7.0,0.0,5.0,3.0,2.0,3.0,,,,,,,,,,,,,,,,,,,,,,,,,,,,,,,,,,,,,,,,,,,,,,,,,,,,,,,,,,,,,,,,,,,
242,21.0,16.0,13.0,16.0,2.0,3.0,29.0,21.0,33.0,10.0,6.0,12.0,4.0,23.0,25.0,23.0,11.0,13.0,8.0,0.0,52.0,26.0,9.0,0.0,0.0,40.0,11.0,13.0,32.0,1.0,0.0,39.0,172.0,110.0,109.0,35.0,120.0,159.0,29.0,20.0,7.0,,,,,,,,,,,,,,,,,,,,,,,,,,,,,,,,,,,,,,,,,,,,,,,,,,,,,,,,,,
243,32.0,86.0,27.0,15.0,24.0,65.0,0.0,59.0,14.0,46.0,14.0,18.0,10.0,12.0,15.0,31.0,0.0,9.0,21.0,22.0,57.0,14.0,3.0,0.0,71.0,0.0,0.0,0.0,16.0,34.0,0.0,0.0,33.0,15.0,28.0,58.0,0.0,41.0,9.0,63.0,22.0,60.0,0.0,0.0,31.0,9.0,3.0,15.0,82.0,5.0,0.0,16.0,0.0,50.0,0.0,85.0,32.0,100.0,0.0,10.0,42.0,0.0,0.0,36.0,44.0,0.0,0.0,0.0,1.0,0.0,0.0,9.0,0.0,423.0,7.0,,,,,,,,,,,,,,,,,,,,,,,,
244,6.0,19.0,13.0,0.0,5.0,0.0,4.0,0.0,7.0,28.0,2.0,0.0,28.0,13.0,105.0,21.0,87.0,28.0,0.0,0.0,3.0,0.0,36.0,58.0,0.0,0.0,2.0,24.0,0.0,48.0,18.0,6.0,19.0,17.0,0.0,100.0,235.0,39.0,15.0,0.0,2.0,15.0,11.0,0.0,,,,,,,,,,,,,,,,,,,,,,,,,,,,,,,,,,,,,,,,,,,,,,,,,,,,,,,
245,7.0,29.0,18.0,3.0,22.0,15.0,16.0,8.0,38.0,36.0,31.0,0.0,2.0,0.0,9.0,0.0,9.0,25.0,7.0,0.0,0.0,0.0,11.0,31.0,0.0,34.0,3.0,22.0,1.0,0.0,1.0,71.0,178.0,0.0,19.0,3.0,13.0,24.0,81.0,0.0,0.0,0.0,0.0,0.0,0.0,0.0,0.0,,,,,,,,,,,,,,,,,,,,,,,,,,,,,,,,,,,,,,,,,,,,,,,,,,,,
246,31.0,7.0,16.0,10.0,24.0,14.0,8.0,2.0,35.0,34.0,6.0,25.0,0.0,0.0,5.0,39.0,17.0,0.0,9.0,8.0,0.0,39.0,15.0,15.0,0.0,44.0,6.0,0.0,0.0,12.0,20.0,55.0,11.0,1.0,10.0,35.0,0.0,58.0,22.0,108.0,7.0,17.0,7.0,0.0,0.0,6.0,0.0,0.0,0.0,0.0,0.0,0.0,0.0,0.0,0.0,0.0,0.0,,,,,,,,,,,,,,,,,,,,,,,,,,,,,,,,,,,,,,,,,,
247,0.0,27.0,0.0,0.0,3.0,0.0,16.0,14.0,22.0,8.0,13.0,35.0,41.0,54.0,0.0,21.0,2.0,10.0,44.0,0.0,4.0,0.0,30.0,0.0,34.0,24.0,33.0,0.0,46.0,39.0,276.0,0.0,107.0,0.0,61.0,0.0,0.0,0.0,0.0,,,,,,,,,,,,,,,,,,,,,,,,,,,,,,,,,,,,,,,,,,,,,,,,,,,,,,,,,,,,
248,13.0,2.0,15.0,0.0,0.0,0.0,4.0,10.0,51.0,11.0,18.0,9.0,22.0,12.0,7.0,0.0,31.0,19.0,7.0,10.0,5.0,2.0,25.0,32.0,1.0,19.0,0.0,0.0,0.0,0.0,0.0,0.0,4.0,0.0,0.0,0.0,18.0,31.0,8.0,2.0,20.0,0.0,0.0,0.0,0.0,0.0,17.0,0.0,0.0,0.0,,,,,,,,,,,,,,,,,,,,,,,,,,,,,,,,,,,,,,,,,,,,,,,,,
249,8.0,19.0,7.0,0.0,15.0,0.0,14.0,20.0,32.0,22.0,1.0,52.0,25.0,42.0,0.0,11.0,30.0,15.0,13.0,16.0,29.0,67.0,14.0,144.0,49.0,26.0,71.0,25.0,35.0,5.0,,,,,,,,,,,,,,,,,,,,,,,,,,,,,,,,,,,,,,,,,,,,,,,,,,,,,,,,,,,,,,,,,,,,,
250,8.0,0.0,41.0,0.0,31.0,11.0,0.0,2.0,120.0,104.0,84.0,0.0,13.0,15.0,40.0,0.0,199.0,266.0,0.0,1.0,13.0,143.0,45.0,0.0,,,,,,,,,,,,,,,,,,,,,,,,,,,,,,,,,,,,,,,,,,,,,,,,,,,,,,,,,,,,,,,,,,,,,,,,,,,
251,18.0,8.0,9.0,8.0,25.0,0.0,0.0,28.0,16.0,27.0,31.0,2.0,15.0,0.0,6.0,38.0,2.0,140.0,26.0,25.0,8.0,12.0,46.0,9.0,39.0,25.0,0.0,0.0,0.0,56.0,21.0,0.0,72.0,0.0,0.0,6.0,304.0,0.0,21.0,26.0,1.0,0.0,45.0,2.0,39.0,0.0,0.0,0.0,435.0,4.0,5.0,0.0,45.0,6.0,22.0,0.0,15.0,0.0,1.0,0.0,11.0,0.0,0.0,0.0,21.0,3.0,0.0,0.0,0.0,0.0,0.0,0.0,0.0,0.0,,,,,,,,,,,,,,,,,,,,,,,,,
252,9.0,29.0,8.0,43.0,5.0,10.0,58.0,14.0,69.0,0.0,0.0,8.0,41.0,35.0,12.0,14.0,20.0,99.0,0.0,16.0,26.0,0.0,28.0,90.0,51.0,21.0,28.0,0.0,0.0,0.0,5.0,50.0,31.0,0.0,215.0,16.0,0.0,0.0,420.0,,,,,,,,,,,,,,,,,,,,,,,,,,,,,,,,,,,,,,,,,,,,,,,,,,,,,,,,,,,,
253,15.0,26.0,1.0,8.0,16.0,43.0,0.0,11.0,31.0,21.0,0.0,27.0,0.0,15.0,38.0,72.0,16.0,33.0,19.0,0.0,33.0,0.0,24.0,6.0,0.0,25.0,445.0,390.0,37.0,0.0,112.0,0.0,0.0,0.0,7.0,178.0,0.0,0.0,0.0,0.0,0.0,0.0,7.0,0.0,0.0,0.0,0.0,0.0,,,,,,,,,,,,,,,,,,,,,,,,,,,,,,,,,,,,,,,,,,,,,,,,,,,
254,11.0,15.0,3.0,22.0,34.0,22.0,15.0,49.0,0.0,0.0,10.0,39.0,42.0,108.0,62.0,18.0,0.0,115.0,25.0,321.0,23.0,109.0,0.0,63.0,49.0,110.0,140.0,0.0,2.0,,,,,,,,,,,,,,,,,,,,,,,,,,,,,,,,,,,,,,,,,,,,,,,,,,,,,,,,,,,,,,,,,,,,,,
255,30.0,25.0,23.0,24.0,18.0,1.0,19.0,13.0,16.0,9.0,10.0,0.0,5.0,3.0,9.0,7.0,39.0,8.0,23.0,25.0,16.0,22.0,15.0,18.0,84.0,5.0,0.0,91.0,25.0,43.0,75.0,0.0,146.0,137.0,126.0,71.0,0.0,74.0,103.0,0.0,14.0,0.0,35.0,0.0,0.0,0.0,0.0,67.0,0.0,0.0,23.0,49.0,0.0,22.0,,,,,,,,,,,,,,,,,,,,,,,,,,,,,,,,,,,,,,,,,,,,,
256,37.0,0.0,1.0,3.0,6.0,19.0,0.0,1.0,10.0,22.0,29.0,22.0,5.0,36.0,0.0,12.0,,,,,,,,,,,,,,,,,,,,,,,,,,,,,,,,,,,,,,,,,,,,,,,,,,,,,,,,,,,,,,,,,,,,,,,,,,,,,,,,,,,
257,61.0,0.0,9.0,4.0,22.0,1.0,30.0,76.0,25.0,0.0,17.0,39.0,0.0,19.0,44.0,54.0,24.0,38.0,0.0,330.0,0.0,38.0,127.0,0.0,10.0,349.0,0.0,11.0,2.0,49.0,179.0,33.0,52.0,0.0,0.0,26.0,17.0,5.0,11.0,8.0,121.0,50.0,7.0,203.0,142.0,22.0,65.0,55.0,0.0,49.0,2.0,0.0,13.0,10.0,0.0,5.0,4.0,,,,,,,,,,,,,,,,,,,,,,,,,,,,,,,,,,,,,,,,,,
258,7.0,18.0,12.0,20.0,9.0,33.0,60.0,21.0,19.0,40.0,23.0,49.0,48.0,0.0,0.0,69.0,0.0,23.0,0.0,0.0,0.0,0.0,193.0,65.0,21.0,0.0,50.0,,,,,,,,,,,,,,,,,,,,,,,,,,,,,,,,,,,,,,,,,,,,,,,,,,,,,,,,,,,,,,,,,,,,,,,,
259,3.0,0.0,23.0,24.0,2.0,28.0,0.0,2.0,33.0,19.0,40.0,0.0,0.0,63.0,0.0,22.0,11.0,24.0,55.0,8.0,11.0,29.0,71.0,39.0,0.0,8.0,123.0,163.0,0.0,17.0,0.0,,,,,,,,,,,,,,,,,,,,,,,,,,,,,,,,,,,,,,,,,,,,,,,,,,,,,,,,,,,,,,,,,,,,
260,12.0,4.0,31.0,24.0,28.0,13.0,26.0,12.0,13.0,0.0,3.0,3.0,32.0,10.0,35.0,9.0,0.0,13.0,3.0,6.0,3.0,47.0,0.0,0.0,5.0,82.0,25.0,37.0,113.0,3.0,26.0,22.0,0.0,0.0,0.0,0.0,75.0,21.0,18.0,74.0,7.0,0.0,0.0,0.0,13.0,0.0,0.0,0.0,0.0,219.0,5.0,55.0,61.0,6.0,25.0,0.0,6.0,50.0,0.0,0.0,11.0,25.0,0.0,0.0,0.0,0.0,0.0,0.0,2.0,0.0,30.0,130.0,16.0,128.0,0.0,0.0,0.0,0.0,0.0,,,,,,,,,,,,,,,,,,,,
261,11.0,0.0,27.0,11.0,17.0,8.0,21.0,5.0,0.0,0.0,0.0,14.0,3.0,0.0,99.0,1.0,22.0,37.0,103.0,43.0,56.0,4.0,32.0,31.0,7.0,0.0,0.0,0.0,0.0,,,,,,,,,,,,,,,,,,,,,,,,,,,,,,,,,,,,,,,,,,,,,,,,,,,,,,,,,,,,,,,,,,,,,,
262,14.0,14.0,18.0,10.0,8.0,1.0,0.0,3.0,0.0,10.0,14.0,11.0,22.0,86.0,36.0,33.0,31.0,1.0,89.0,81.0,0.0,0.0,29.0,7.0,,,,,,,,,,,,,,,,,,,,,,,,,,,,,,,,,,,,,,,,,,,,,,,,,,,,,,,,,,,,,,,,,,,,,,,,,,,
263,32.0,13.0,0.0,30.0,23.0,51.0,10.0,11.0,69.0,1.0,37.0,23.0,291.0,51.0,35.0,15.0,0.0,42.0,27.0,10.0,0.0,26.0,0.0,0.0,13.0,3.0,27.0,0.0,0.0,0.0,30.0,3.0,0.0,7.0,0.0,0.0,0.0,13.0,0.0,88.0,17.0,48.0,0.0,0.0,0.0,46.0,10.0,0.0,0.0,0.0,0.0,0.0,0.0,0.0,0.0,56.0,0.0,0.0,0.0,0.0,,,,,,,,,,,,,,,,,,,,,,,,,,,,,,,,,,,,,,,
264,12.0,16.0,7.0,14.0,42.0,3.0,8.0,11.0,7.0,8.0,51.0,0.0,271.0,130.0,75.0,12.0,15.0,3.0,2.0,17.0,1.0,0.0,0.0,54.0,33.0,4.0,0.0,111.0,3.0,0.0,14.0,5.0,0.0,4.0,1.0,0.0,16.0,0.0,3.0,8.0,0.0,0.0,22.0,1.0,11.0,52.0,,,,,,,,,,,,,,,,,,,,,,,,,,,,,,,,,,,,,,,,,,,,,,,,,,,,,
265,20.0,37.0,11.0,4.0,10.0,9.0,0.0,3.0,61.0,38.0,0.0,24.0,15.0,0.0,0.0,156.0,0.0,45.0,2.0,156.0,41.0,33.0,7.0,0.0,35.0,8.0,15.0,0.0,22.0,17.0,41.0,3.0,0.0,18.0,34.0,22.0,27.0,37.0,0.0,0.0,0.0,10.0,29.0,21.0,61.0,0.0,50.0,8.0,0.0,0.0,4.0,27.0,44.0,0.0,0.0,178.0,177.0,58.0,13.0,2.0,28.0,31.0,95.0,201.0,213.0,25.0,6.0,0.0,0.0,98.0,0.0,0.0,0.0,0.0,,,,,,,,,,,,,,,,,,,,,,,,,
266,9.0,16.0,29.0,18.0,9.0,8.0,33.0,8.0,13.0,46.0,12.0,0.0,25.0,14.0,0.0,24.0,54.0,55.0,0.0,0.0,0.0,23.0,27.0,0.0,0.0,22.0,22.0,2.0,13.0,9.0,17.0,0.0,47.0,0.0,73.0,12.0,0.0,29.0,22.0,13.0,0.0,0.0,39.0,5.0,0.0,21.0,0.0,64.0,287.0,,,,,,,,,,,,,,,,,,,,,,,,,,,,,,,,,,,,,,,,,,,,,,,,,,
267,17.0,20.0,11.0,14.0,21.0,2.0,32.0,17.0,100.0,110.0,18.0,99.0,0.0,12.0,34.0,0.0,4.0,127.0,41.0,41.0,65.0,79.0,42.0,0.0,0.0,23.0,78.0,19.0,61.0,51.0,134.0,0.0,215.0,100.0,317.0,204.0,40.0,,,,,,,,,,,,,,,,,,,,,,,,,,,,,,,,,,,,,,,,,,,,,,,,,,,,,,,,,,,,,,
268,0.0,19.0,15.0,11.0,5.0,0.0,13.0,17.0,26.0,44.0,19.0,15.0,2.0,18.0,76.0,56.0,117.0,16.0,11.0,49.0,29.0,4.0,34.0,25.0,10.0,7.0,27.0,5.0,40.0,19.0,50.0,20.0,4.0,10.0,74.0,29.0,15.0,2.0,16.0,0.0,0.0,0.0,0.0,64.0,0.0,0.0,49.0,,,,,,,,,,,,,,,,,,,,,,,,,,,,,,,,,,,,,,,,,,,,,,,,,,,,
269,0.0,7.0,6.0,26.0,21.0,0.0,37.0,11.0,12.0,68.0,37.0,1.0,19.0,0.0,64.0,46.0,39.0,220.0,54.0,415.0,54.0,4.0,5.0,59.0,43.0,17.0,76.0,369.0,,,,,,,,,,,,,,,,,,,,,,,,,,,,,,,,,,,,,,,,,,,,,,,,,,,,,,,,,,,,,,,,,,,,,,,
270,8.0,16.0,15.0,14.0,17.0,0.0,20.0,21.0,18.0,19.0,6.0,1.0,40.0,36.0,40.0,20.0,3.0,63.0,45.0,23.0,58.0,9.0,24.0,19.0,0.0,195.0,3.0,5.0,0.0,843.0,0.0,0.0,0.0,72.0,18.0,17.0,54.0,51.0,190.0,0.0,0.0,0.0,0.0,10.0,0.0,252.0,0.0,0.0,0.0,0.0,0.0,0.0,0.0,0.0,2.0,0.0,42.0,0.0,0.0,,,,,,,,,,,,,,,,,,,,,,,,,,,,,,,,,,,,,,,,
271,22.0,39.0,0.0,12.0,0.0,3.0,13.0,21.0,54.0,12.0,14.0,31.0,72.0,13.0,0.0,22.0,4.0,84.0,14.0,0.0,0.0,0.0,29.0,23.0,36.0,49.0,63.0,5.0,0.0,28.0,0.0,0.0,0.0,0.0,0.0,0.0,0.0,0.0,,,,,,,,,,,,,,,,,,,,,,,,,,,,,,,,,,,,,,,,,,,,,,,,,,,,,,,,,,,,,
272,0.0,14.0,16.0,9.0,7.0,18.0,45.0,0.0,39.0,0.0,10.0,24.0,17.0,0.0,6.0,28.0,8.0,122.0,3.0,0.0,96.0,0.0,21.0,58.0,6.0,227.0,0.0,0.0,0.0,0.0,0.0,9.0,,,,,,,,,,,,,,,,,,,,,,,,,,,,,,,,,,,,,,,,,,,,,,,,,,,,,,,,,,,,,,,,,,,
273,6.0,0.0,0.0,37.0,29.0,65.0,28.0,83.0,163.0,58.0,38.0,18.0,0.0,35.0,31.0,66.0,110.0,66.0,14.0,0.0,0.0,0.0,0.0,66.0,33.0,20.0,4.0,77.0,356.0,14.0,18.0,91.0,207.0,,,,,,,,,,,,,,,,,,,,,,,,,,,,,,,,,,,,,,,,,,,,,,,,,,,,,,,,,,,,,,,,,,
274,7.0,12.0,3.0,0.0,16.0,6.0,9.0,25.0,5.0,95.0,25.0,29.0,4.0,17.0,1.0,16.0,0.0,13.0,14.0,4.0,30.0,10.0,5.0,3.0,0.0,2.0,19.0,42.0,19.0,0.0,0.0,0.0,66.0,41.0,214.0,149.0,0.0,0.0,1.0,22.0,51.0,0.0,0.0,25.0,0.0,0.0,0.0,0.0,,,,,,,,,,,,,,,,,,,,,,,,,,,,,,,,,,,,,,,,,,,,,,,,,,,
275,34.0,7.0,10.0,4.0,12.0,19.0,12.0,22.0,0.0,53.0,4.0,64.0,61.0,8.0,8.0,41.0,13.0,13.0,25.0,22.0,0.0,0.0,103.0,35.0,87.0,55.0,219.0,101.0,76.0,294.0,377.0,71.0,19.0,0.0,17.0,,,,,,,,,,,,,,,,,,,,,,,,,,,,,,,,,,,,,,,,,,,,,,,,,,,,,,,,,,,,,,,,
276,13.0,21.0,35.0,62.0,20.0,0.0,20.0,0.0,49.0,22.0,73.0,34.0,0.0,5.0,8.0,5.0,14.0,0.0,25.0,0.0,22.0,31.0,0.0,20.0,102.0,12.0,0.0,9.0,0.0,31.0,3.0,14.0,16.0,0.0,55.0,0.0,13.0,41.0,0.0,45.0,0.0,16.0,4.0,8.0,0.0,0.0,0.0,1.0,0.0,0.0,20.0,0.0,0.0,0.0,4.0,0.0,9.0,0.0,0.0,18.0,23.0,0.0,6.0,759.0,0.0,0.0,0.0,0.0,30.0,0.0,0.0,,,,,,,,,,,,,,,,,,,,,,,,,,,,
277,0.0,27.0,0.0,0.0,17.0,14.0,15.0,32.0,0.0,12.0,7.0,60.0,132.0,32.0,97.0,32.0,0.0,3.0,0.0,0.0,0.0,2.0,0.0,0.0,,,,,,,,,,,,,,,,,,,,,,,,,,,,,,,,,,,,,,,,,,,,,,,,,,,,,,,,,,,,,,,,,,,,,,,,,,,
278,10.0,7.0,0.0,21.0,34.0,7.0,13.0,65.0,14.0,49.0,34.0,1.0,0.0,3.0,14.0,23.0,53.0,35.0,63.0,0.0,68.0,114.0,1.0,156.0,70.0,184.0,41.0,131.0,73.0,17.0,64.0,86.0,15.0,4.0,0.0,0.0,6.0,0.0,1.0,2.0,33.0,32.0,38.0,5.0,0.0,12.0,2.0,0.0,74.0,113.0,9.0,13.0,44.0,0.0,877.0,0.0,330.0,249.0,0.0,0.0,59.0,0.0,0.0,0.0,0.0,0.0,,,,,,,,,,,,,,,,,,,,,,,,,,,,,,,,,
279,18.0,18.0,34.0,0.0,35.0,8.0,52.0,35.0,0.0,13.0,4.0,18.0,22.0,37.0,8.0,45.0,30.0,0.0,56.0,32.0,25.0,29.0,10.0,62.0,0.0,20.0,2.0,6.0,0.0,244.0,54.0,0.0,73.0,23.0,0.0,9.0,24.0,65.0,54.0,61.0,0.0,0.0,20.0,35.0,106.0,6.0,79.0,24.0,0.0,26.0,0.0,0.0,0.0,0.0,155.0,0.0,0.0,0.0,72.0,0.0,0.0,0.0,,,,,,,,,,,,,,,,,,,,,,,,,,,,,,,,,,,,,
280,11.0,12.0,11.0,4.0,0.0,3.0,2.0,0.0,4.0,6.0,0.0,14.0,1.0,15.0,38.0,0.0,17.0,30.0,6.0,10.0,16.0,0.0,49.0,0.0,16.0,8.0,1.0,28.0,91.0,161.0,0.0,50.0,140.0,103.0,0.0,48.0,90.0,25.0,24.0,31.0,224.0,70.0,14.0,1.0,3.0,1.0,0.0,21.0,0.0,0.0,11.0,0.0,25.0,0.0,11.0,0.0,0.0,0.0,36.0,0.0,0.0,0.0,39.0,14.0,0.0,12.0,0.0,0.0,0.0,0.0,,,,,,,,,,,,,,,,,,,,,,,,,,,,,
281,8.0,10.0,24.0,1.0,0.0,8.0,1.0,19.0,16.0,8.0,6.0,10.0,29.0,5.0,0.0,20.0,19.0,62.0,14.0,2.0,43.0,47.0,8.0,0.0,32.0,0.0,53.0,30.0,0.0,6.0,14.0,240.0,245.0,22.0,12.0,14.0,119.0,69.0,17.0,91.0,0.0,0.0,4.0,24.0,42.0,17.0,29.0,13.0,74.0,0.0,0.0,0.0,0.0,0.0,0.0,0.0,0.0,,,,,,,,,,,,,,,,,,,,,,,,,,,,,,,,,,,,,,,,,,
282,25.0,5.0,24.0,0.0,20.0,13.0,1.0,40.0,8.0,18.0,9.0,0.0,22.0,0.0,2.0,0.0,23.0,0.0,0.0,29.0,4.0,4.0,0.0,5.0,0.0,0.0,3.0,0.0,4.0,4.0,3.0,0.0,0.0,8.0,4.0,8.0,3.0,0.0,4.0,0.0,0.0,0.0,4.0,0.0,0.0,0.0,0.0,,,,,,,,,,,,,,,,,,,,,,,,,,,,,,,,,,,,,,,,,,,,,,,,,,,,
283,7.0,10.0,10.0,10.0,23.0,22.0,9.0,0.0,25.0,0.0,5.0,11.0,0.0,19.0,0.0,12.0,4.0,10.0,4.0,0.0,0.0,4.0,15.0,0.0,0.0,0.0,9.0,0.0,28.0,3.0,2.0,0.0,0.0,10.0,26.0,40.0,19.0,0.0,52.0,3.0,12.0,0.0,8.0,29.0,48.0,28.0,0.0,69.0,0.0,36.0,46.0,0.0,103.0,0.0,58.0,156.0,27.0,13.0,0.0,0.0,0.0,0.0,0.0,0.0,0.0,0.0,0.0,14.0,0.0,0.0,0.0,0.0,0.0,,,,,,,,,,,,,,,,,,,,,,,,,,
284,18.0,15.0,11.0,10.0,7.0,8.0,0.0,10.0,7.0,26.0,24.0,0.0,27.0,0.0,10.0,0.0,1.0,0.0,11.0,0.0,0.0,0.0,2.0,0.0,0.0,26.0,3.0,44.0,0.0,83.0,26.0,0.0,2.0,37.0,27.0,0.0,51.0,38.0,73.0,55.0,42.0,6.0,5.0,0.0,0.0,41.0,6.0,12.0,41.0,87.0,15.0,38.0,2.0,67.0,60.0,85.0,32.0,96.0,62.0,0.0,125.0,13.0,79.0,0.0,58.0,1.0,0.0,0.0,12.0,0.0,3.0,0.0,26.0,26.0,0.0,0.0,125.0,0.0,0.0,0.0,0.0,0.0,,,,,,,,,,,,,,,,,
285,11.0,31.0,3.0,13.0,19.0,26.0,8.0,50.0,44.0,2.0,63.0,14.0,77.0,18.0,17.0,36.0,55.0,59.0,17.0,24.0,29.0,17.0,22.0,82.0,3.0,31.0,0.0,30.0,66.0,0.0,13.0,19.0,28.0,6.0,1.0,0.0,0.0,0.0,22.0,24.0,0.0,10.0,0.0,0.0,,,,,,,,,,,,,,,,,,,,,,,,,,,,,,,,,,,,,,,,,,,,,,,,,,,,,,,
286,33.0,17.0,1.0,0.0,24.0,11.0,0.0,14.0,23.0,3.0,25.0,18.0,13.0,14.0,0.0,0.0,0.0,8.0,0.0,8.0,16.0,17.0,1.0,7.0,0.0,0.0,0.0,1.0,4.0,0.0,71.0,5.0,0.0,27.0,145.0,126.0,0.0,0.0,18.0,58.0,25.0,0.0,0.0,0.0,,,,,,,,,,,,,,,,,,,,,,,,,,,,,,,,,,,,,,,,,,,,,,,,,,,,,,,
287,21.0,3.0,18.0,13.0,23.0,0.0,15.0,20.0,7.0,24.0,7.0,43.0,42.0,36.0,75.0,66.0,46.0,46.0,14.0,0.0,31.0,65.0,115.0,15.0,40.0,39.0,26.0,0.0,74.0,0.0,47.0,257.0,78.0,49.0,57.0,98.0,51.0,5.0,0.0,0.0,95.0,89.0,0.0,19.0,0.0,0.0,118.0,30.0,3.0,138.0,0.0,208.0,44.0,0.0,31.0,170.0,73.0,0.0,0.0,150.0,103.0,0.0,26.0,0.0,50.0,49.0,0.0,93.0,48.0,57.0,2.0,38.0,1.0,0.0,,,,,,,,,,,,,,,,,,,,,,,,,
288,7.0,49.0,42.0,1.0,11.0,19.0,8.0,75.0,0.0,0.0,21.0,50.0,11.0,18.0,20.0,30.0,29.0,7.0,38.0,0.0,50.0,0.0,104.0,38.0,56.0,0.0,0.0,34.0,0.0,74.0,73.0,23.0,0.0,75.0,119.0,62.0,60.0,362.0,46.0,27.0,1.0,107.0,11.0,21.0,0.0,,,,,,,,,,,,,,,,,,,,,,,,,,,,,,,,,,,,,,,,,,,,,,,,,,,,,,
289,10.0,38.0,14.0,7.0,23.0,27.0,0.0,9.0,12.0,0.0,0.0,26.0,52.0,17.0,0.0,2.0,37.0,119.0,10.0,2.0,14.0,0.0,24.0,6.0,2.0,39.0,66.0,32.0,12.0,7.0,144.0,15.0,0.0,96.0,24.0,16.0,0.0,0.0,0.0,0.0,0.0,0.0,36.0,0.0,45.0,0.0,0.0,,,,,,,,,,,,,,,,,,,,,,,,,,,,,,,,,,,,,,,,,,,,,,,,,,,,
290,0.0,7.0,8.0,38.0,1.0,0.0,115.0,0.0,0.0,0.0,25.0,11.0,0.0,6.0,137.0,245.0,0.0,0.0,14.0,0.0,205.0,87.0,74.0,76.0,41.0,0.0,47.0,27.0,107.0,302.0,0.0,0.0,29.0,0.0,17.0,0.0,0.0,,,,,,,,,,,,,,,,,,,,,,,,,,,,,,,,,,,,,,,,,,,,,,,,,,,,,,,,,,,,,,
291,0.0,65.0,17.0,32.0,24.0,23.0,13.0,25.0,46.0,4.0,5.0,0.0,0.0,9.0,10.0,16.0,32.0,0.0,20.0,14.0,17.0,79.0,0.0,0.0,98.0,0.0,31.0,24.0,0.0,,,,,,,,,,,,,,,,,,,,,,,,,,,,,,,,,,,,,,,,,,,,,,,,,,,,,,,,,,,,,,,,,,,,,,
292,26.0,10.0,17.0,8.0,10.0,15.0,0.0,6.0,5.0,8.0,0.0,0.0,0.0,0.0,0.0,0.0,8.0,0.0,44.0,33.0,25.0,36.0,17.0,56.0,4.0,15.0,0.0,101.0,183.0,8.0,20.0,0.0,19.0,15.0,5.0,0.0,25.0,21.0,33.0,40.0,12.0,30.0,60.0,0.0,0.0,157.0,366.0,146.0,20.0,19.0,2.0,1.0,133.0,35.0,0.0,0.0,,,,,,,,,,,,,,,,,,,,,,,,,,,,,,,,,,,,,,,,,,,
293,0.0,12.0,0.0,10.0,12.0,13.0,7.0,19.0,0.0,0.0,0.0,0.0,16.0,18.0,0.0,36.0,0.0,50.0,26.0,0.0,0.0,0.0,14.0,14.0,0.0,18.0,11.0,0.0,0.0,0.0,109.0,0.0,0.0,9.0,27.0,0.0,,,,,,,,,,,,,,,,,,,,,,,,,,,,,,,,,,,,,,,,,,,,,,,,,,,,,,,,,,,,,,,
294,27.0,9.0,32.0,21.0,57.0,0.0,35.0,13.0,0.0,8.0,15.0,0.0,40.0,10.0,20.0,33.0,23.0,61.0,140.0,148.0,138.0,101.0,221.0,86.0,154.0,191.0,,,,,,,,,,,,,,,,,,,,,,,,,,,,,,,,,,,,,,,,,,,,,,,,,,,,,,,,,,,,,,,,,,,,,,,,,
295,7.0,8.0,17.0,5.0,0.0,20.0,18.0,0.0,15.0,30.0,4.0,16.0,75.0,3.0,0.0,5.0,34.0,5.0,16.0,0.0,24.0,0.0,74.0,0.0,0.0,0.0,47.0,136.0,0.0,31.0,104.0,523.0,0.0,7.0,64.0,,,,,,,,,,,,,,,,,,,,,,,,,,,,,,,,,,,,,,,,,,,,,,,,,,,,,,,,,,,,,,,,
296,5.0,31.0,2.0,36.0,18.0,40.0,23.0,22.0,22.0,0.0,0.0,87.0,6.0,0.0,28.0,1.0,13.0,0.0,0.0,0.0,5.0,3.0,32.0,0.0,15.0,0.0,0.0,9.0,13.0,44.0,9.0,41.0,0.0,9.0,22.0,31.0,80.0,11.0,0.0,0.0,64.0,4.0,0.0,63.0,0.0,6.0,0.0,0.0,0.0,0.0,0.0,0.0,0.0,0.0,0.0,0.0,0.0,0.0,0.0,,,,,,,,,,,,,,,,,,,,,,,,,,,,,,,,,,,,,,,,
297,56.0,9.0,0.0,16.0,0.0,23.0,19.0,0.0,16.0,4.0,22.0,34.0,0.0,0.0,27.0,63.0,0.0,0.0,0.0,0.0,,,,,,,,,,,,,,,,,,,,,,,,,,,,,,,,,,,,,,,,,,,,,,,,,,,,,,,,,,,,,,,,,,,,,,,,,,,,,,,
298,8.0,0.0,10.0,16.0,24.0,0.0,0.0,26.0,0.0,31.0,42.0,2.0,26.0,2.0,0.0,24.0,21.0,0.0,43.0,889.0,989.0,0.0,34.0,46.0,0.0,161.0,80.0,1000.0,0.0,627.0,7.0,0.0,0.0,31.0,0.0,0.0,341.0,0.0,13.0,8.0,14.0,0.0,1.0,0.0,0.0,6.0,1.0,4.0,0.0,0.0,0.0,9.0,4.0,4.0,4.0,0.0,0.0,0.0,0.0,0.0,0.0,0.0,0.0,1.0,0.0,0.0,0.0,0.0,0.0,0.0,0.0,0.0,0.0,0.0,0.0,0.0,0.0,0.0,0.0,0.0,0.0,0.0,0.0,0.0,0.0,0.0,0.0,0.0,0.0,0.0,0.0,0.0,0.0,0.0,0.0,0.0,0.0,0.0,0.0
299,31.0,0.0,48.0,18.0,38.0,0.0,6.0,7.0,11.0,0.0,2.0,0.0,0.0,0.0,82.0,63.0,6.0,16.0,22.0,60.0,8.0,57.0,14.0,18.0,37.0,0.0,13.0,21.0,0.0,52.0,5.0,39.0,25.0,0.0,,,,,,,,,,,,,,,,,,,,,,,,,,,,,,,,,,,,,,,,,,,,,,,,,,,,,,,,,,,,,,,,,
300,17.0,16.0,11.0,0.0,17.0,4.0,0.0,5.0,1102.0,91.0,0.0,64.0,19.0,48.0,0.0,4.0,10.0,0.0,64.0,0.0,0.0,73.0,6.0,49.0,0.0,,,,,,,,,,,,,,,,,,,,,,,,,,,,,,,,,,,,,,,,,,,,,,,,,,,,,,,,,,,,,,,,,,,,,,,,,,
301,31.0,12.0,12.0,22.0,8.0,20.0,5.0,12.0,19.0,17.0,31.0,5.0,61.0,15.0,0.0,31.0,3.0,40.0,57.0,9.0,5.0,15.0,93.0,56.0,8.0,12.0,51.0,,,,,,,,,,,,,,,,,,,,,,,,,,,,,,,,,,,,,,,,,,,,,,,,,,,,,,,,,,,,,,,,,,,,,,,,
302,20.0,0.0,52.0,0.0,0.0,8.0,52.0,8.0,11.0,0.0,0.0,11.0,109.0,0.0,45.0,27.0,0.0,33.0,2.0,68.0,43.0,8.0,0.0,24.0,0.0,0.0,0.0,0.0,5.0,5.0,15.0,22.0,0.0,5.0,0.0,43.0,0.0,20.0,0.0,10.0,25.0,32.0,0.0,18.0,23.0,13.0,6.0,37.0,0.0,0.0,0.0,0.0,35.0,409.0,0.0,364.0,35.0,0.0,228.0,272.0,82.0,42.0,9.0,0.0,0.0,236.0,67.0,11.0,0.0,0.0,0.0,0.0,0.0,0.0,0.0,0.0,0.0,0.0,0.0,0.0,0.0,0.0,0.0,0.0,0.0,0.0,0.0,0.0,0.0,,,,,,,,,,
303,31.0,23.0,3.0,4.0,23.0,12.0,0.0,114.0,3.0,6.0,0.0,184.0,48.0,14.0,7.0,19.0,121.0,1.0,35.0,16.0,47.0,40.0,29.0,38.0,0.0,107.0,0.0,21.0,0.0,0.0,87.0,50.0,6.0,6.0,13.0,65.0,30.0,0.0,4.0,2.0,0.0,0.0,0.0,66.0,80.0,63.0,17.0,0.0,12.0,0.0,16.0,0.0,4.0,,,,,,,,,,,,,,,,,,,,,,,,,,,,,,,,,,,,,,,,,,,,,,
304,15.0,0.0,15.0,10.0,48.0,15.0,36.0,36.0,74.0,111.0,2.0,0.0,24.0,0.0,23.0,0.0,35.0,11.0,0.0,9.0,0.0,0.0,37.0,101.0,46.0,16.0,0.0,60.0,0.0,13.0,0.0,66.0,24.0,29.0,0.0,0.0,6.0,35.0,47.0,70.0,0.0,195.0,12.0,0.0,76.0,44.0,0.0,14.0,76.0,0.0,100.0,10.0,125.0,0.0,,,,,,,,,,,,,,,,,,,,,,,,,,,,,,,,,,,,,,,,,,,,,
305,7.0,6.0,38.0,5.0,16.0,1.0,17.0,0.0,0.0,3.0,20.0,21.0,33.0,67.0,5.0,25.0,25.0,25.0,10.0,8.0,0.0,27.0,8.0,12.0,7.0,28.0,0.0,,,,,,,,,,,,,,,,,,,,,,,,,,,,,,,,,,,,,,,,,,,,,,,,,,,,,,,,,,,,,,,,,,,,,,,,
306,8.0,49.0,14.0,20.0,17.0,33.0,7.0,51.0,19.0,8.0,15.0,11.0,9.0,0.0,5.0,42.0,72.0,38.0,37.0,0.0,16.0,0.0,10.0,1.0,0.0,43.0,6.0,0.0,105.0,25.0,149.0,15.0,0.0,52.0,22.0,0.0,235.0,0.0,,,,,,,,,,,,,,,,,,,,,,,,,,,,,,,,,,,,,,,,,,,,,,,,,,,,,,,,,,,,,
307,15.0,6.0,0.0,5.0,19.0,13.0,26.0,8.0,0.0,2.0,29.0,19.0,0.0,69.0,29.0,46.0,15.0,14.0,0.0,16.0,0.0,0.0,46.0,32.0,8.0,86.0,0.0,0.0,6.0,17.0,19.0,23.0,74.0,24.0,0.0,141.0,0.0,31.0,66.0,31.0,2.0,0.0,9.0,0.0,0.0,2.0,8.0,2.0,,,,,,,,,,,,,,,,,,,,,,,,,,,,,,,,,,,,,,,,,,,,,,,,,,,
308,5.0,16.0,0.0,9.0,20.0,44.0,0.0,18.0,30.0,25.0,28.0,184.0,0.0,43.0,20.0,57.0,0.0,3.0,39.0,22.0,73.0,12.0,0.0,0.0,14.0,0.0,117.0,72.0,0.0,86.0,0.0,0.0,19.0,52.0,0.0,0.0,0.0,0.0,0.0,0.0,,,,,,,,,,,,,,,,,,,,,,,,,,,,,,,,,,,,,,,,,,,,,,,,,,,,,,,,,,,
309,6.0,0.0,8.0,16.0,0.0,3.0,0.0,0.0,9.0,32.0,0.0,0.0,72.0,18.0,0.0,1.0,107.0,19.0,0.0,2.0,36.0,32.0,23.0,11.0,68.0,0.0,25.0,0.0,78.0,17.0,24.0,21.0,79.0,24.0,54.0,111.0,34.0,17.0,56.0,0.0,62.0,52.0,0.0,3.0,20.0,0.0,64.0,36.0,0.0,171.0,7.0,31.0,0.0,14.0,0.0,14.0,44.0,74.0,0.0,0.0,0.0,0.0,0.0,0.0,85.0,6.0,0.0,,,,,,,,,,,,,,,,,,,,,,,,,,,,,,,,
310,9.0,30.0,10.0,0.0,8.0,19.0,0.0,2.0,0.0,21.0,6.0,4.0,21.0,63.0,4.0,54.0,0.0,9.0,0.0,8.0,80.0,0.0,0.0,83.0,12.0,0.0,0.0,70.0,54.0,0.0,0.0,0.0,36.0,25.0,0.0,23.0,32.0,17.0,22.0,0.0,0.0,0.0,0.0,,,,,,,,,,,,,,,,,,,,,,,,,,,,,,,,,,,,,,,,,,,,,,,,,,,,,,,,
311,0.0,14.0,24.0,0.0,14.0,8.0,13.0,1.0,49.0,9.0,0.0,17.0,19.0,0.0,28.0,22.0,0.0,9.0,57.0,49.0,71.0,77.0,60.0,0.0,26.0,40.0,2.0,28.0,0.0,7.0,20.0,4.0,6.0,0.0,53.0,18.0,40.0,26.0,2.0,41.0,66.0,20.0,59.0,13.0,5.0,0.0,37.0,29.0,43.0,0.0,11.0,16.0,68.0,0.0,0.0,0.0,0.0,0.0,,,,,,,,,,,,,,,,,,,,,,,,,,,,,,,,,,,,,,,,,
312,5.0,45.0,15.0,0.0,0.0,13.0,12.0,29.0,12.0,9.0,0.0,0.0,10.0,34.0,17.0,36.0,14.0,0.0,3.0,23.0,0.0,0.0,17.0,1.0,6.0,3.0,7.0,2.0,0.0,0.0,0.0,0.0,0.0,0.0,0.0,0.0,0.0,,,,,,,,,,,,,,,,,,,,,,,,,,,,,,,,,,,,,,,,,,,,,,,,,,,,,,,,,,,,,,
313,38.0,29.0,0.0,16.0,0.0,7.0,0.0,1.0,14.0,15.0,10.0,11.0,9.0,55.0,25.0,20.0,46.0,0.0,4.0,0.0,15.0,5.0,0.0,2.0,0.0,0.0,3.0,0.0,0.0,4.0,0.0,0.0,0.0,1.0,0.0,9.0,0.0,2.0,0.0,2.0,7.0,3.0,3.0,3.0,2.0,3.0,0.0,0.0,0.0,0.0,0.0,0.0,0.0,0.0,0.0,3.0,0.0,0.0,0.0,0.0,,,,,,,,,,,,,,,,,,,,,,,,,,,,,,,,,,,,,,,
314,13.0,16.0,10.0,16.0,21.0,15.0,14.0,0.0,0.0,30.0,0.0,20.0,71.0,6.0,4.0,7.0,0.0,10.0,38.0,31.0,16.0,0.0,0.0,2.0,10.0,0.0,0.0,21.0,0.0,28.0,23.0,0.0,32.0,2.0,0.0,0.0,5.0,0.0,0.0,0.0,0.0,0.0,0.0,43.0,28.0,9.0,22.0,0.0,6.0,10.0,1.0,1.0,,,,,,,,,,,,,,,,,,,,,,,,,,,,,,,,,,,,,,,,,,,,,,,
315,3.0,27.0,23.0,13.0,10.0,31.0,15.0,0.0,3.0,5.0,9.0,44.0,4.0,11.0,0.0,0.0,19.0,8.0,32.0,99.0,34.0,0.0,0.0,254.0,0.0,180.0,0.0,26.0,0.0,0.0,52.0,0.0,0.0,53.0,74.0,54.0,69.0,23.0,94.0,62.0,0.0,13.0,,,,,,,,,,,,,,,,,,,,,,,,,,,,,,,,,,,,,,,,,,,,,,,,,,,,,,,,,
316,11.0,13.0,12.0,0.0,8.0,27.0,15.0,22.0,22.0,8.0,19.0,37.0,40.0,7.0,0.0,31.0,32.0,41.0,9.0,5.0,48.0,0.0,0.0,83.0,0.0,231.0,75.0,218.0,0.0,44.0,36.0,,,,,,,,,,,,,,,,,,,,,,,,,,,,,,,,,,,,,,,,,,,,,,,,,,,,,,,,,,,,,,,,,,,,
317,7.0,11.0,0.0,11.0,48.0,13.0,33.0,39.0,67.0,0.0,19.0,0.0,17.0,38.0,32.0,68.0,1.0,8.0,26.0,70.0,9.0,37.0,12.0,61.0,64.0,0.0,19.0,71.0,11.0,23.0,0.0,0.0,2.0,192.0,0.0,44.0,44.0,25.0,0.0,0.0,0.0,0.0,0.0,0.0,0.0,0.0,0.0,0.0,,,,,,,,,,,,,,,,,,,,,,,,,,,,,,,,,,,,,,,,,,,,,,,,,,,
318,1.0,0.0,12.0,4.0,4.0,15.0,8.0,18.0,36.0,16.0,0.0,0.0,0.0,0.0,0.0,0.0,9.0,0.0,13.0,13.0,8.0,3.0,0.0,0.0,58.0,16.0,0.0,0.0,124.0,0.0,0.0,0.0,0.0,0.0,0.0,0.0,,,,,,,,,,,,,,,,,,,,,,,,,,,,,,,,,,,,,,,,,,,,,,,,,,,,,,,,,,,,,,,
319,0.0,13.0,3.0,15.0,11.0,13.0,8.0,0.0,0.0,7.0,16.0,18.0,0.0,10.0,35.0,0.0,7.0,14.0,12.0,11.0,1.0,44.0,39.0,1.0,7.0,34.0,19.0,51.0,42.0,17.0,16.0,48.0,0.0,16.0,11.0,0.0,109.0,56.0,62.0,10.0,42.0,0.0,8.0,46.0,0.0,74.0,0.0,55.0,0.0,0.0,0.0,5.0,36.0,0.0,0.0,0.0,,,,,,,,,,,,,,,,,,,,,,,,,,,,,,,,,,,,,,,,,,,
320,23.0,34.0,1.0,2.0,8.0,11.0,5.0,3.0,31.0,21.0,18.0,53.0,70.0,62.0,696.0,16.0,31.0,0.0,90.0,26.0,23.0,0.0,16.0,29.0,0.0,15.0,218.0,36.0,0.0,117.0,34.0,0.0,59.0,47.0,0.0,24.0,48.0,28.0,0.0,39.0,14.0,10.0,99.0,105.0,108.0,,,,,,,,,,,,,,,,,,,,,,,,,,,,,,,,,,,,,,,,,,,,,,,,,,,,,,
321,13.0,4.0,19.0,8.0,32.0,37.0,20.0,103.0,54.0,39.0,53.0,55.0,0.0,33.0,29.0,0.0,1.0,0.0,9.0,0.0,8.0,34.0,0.0,286.0,22.0,24.0,0.0,0.0,4.0,67.0,,,,,,,,,,,,,,,,,,,,,,,,,,,,,,,,,,,,,,,,,,,,,,,,,,,,,,,,,,,,,,,,,,,,,
322,48.0,0.0,14.0,24.0,7.0,22.0,3.0,0.0,5.0,6.0,14.0,11.0,14.0,33.0,0.0,59.0,46.0,61.0,0.0,0.0,34.0,20.0,39.0,66.0,231.0,27.0,76.0,11.0,0.0,24.0,6.0,,,,,,,,,,,,,,,,,,,,,,,,,,,,,,,,,,,,,,,,,,,,,,,,,,,,,,,,,,,,,,,,,,,,
323,12.0,0.0,3.0,15.0,14.0,1.0,62.0,10.0,21.0,39.0,0.0,0.0,11.0,16.0,0.0,14.0,0.0,0.0,6.0,15.0,73.0,66.0,5.0,34.0,0.0,0.0,40.0,0.0,35.0,167.0,20.0,185.0,0.0,45.0,2.0,213.0,118.0,49.0,229.0,269.0,37.0,4.0,69.0,0.0,0.0,0.0,0.0,0.0,0.0,0.0,,,,,,,,,,,,,,,,,,,,,,,,,,,,,,,,,,,,,,,,,,,,,,,,,
324,19.0,2.0,0.0,0.0,9.0,16.0,42.0,12.0,68.0,129.0,51.0,0.0,23.0,14.0,12.0,53.0,23.0,85.0,2.0,11.0,15.0,24.0,3.0,0.0,3.0,59.0,0.0,18.0,82.0,35.0,104.0,6.0,27.0,40.0,48.0,88.0,11.0,0.0,0.0,13.0,29.0,56.0,19.0,17.0,186.0,28.0,80.0,0.0,0.0,0.0,153.0,0.0,0.0,0.0,,,,,,,,,,,,,,,,,,,,,,,,,,,,,,,,,,,,,,,,,,,,,
325,2.0,23.0,11.0,50.0,1.0,12.0,4.0,10.0,0.0,14.0,13.0,16.0,44.0,12.0,0.0,72.0,57.0,17.0,28.0,21.0,41.0,21.0,0.0,0.0,15.0,19.0,23.0,5.0,0.0,10.0,5.0,21.0,52.0,0.0,19.0,79.0,16.0,228.0,14.0,12.0,13.0,4.0,0.0,0.0,0.0,0.0,9.0,0.0,,,,,,,,,,,,,,,,,,,,,,,,,,,,,,,,,,,,,,,,,,,,,,,,,,,
326,22.0,6.0,27.0,10.0,15.0,0.0,83.0,16.0,134.0,0.0,63.0,68.0,7.0,0.0,11.0,48.0,66.0,0.0,21.0,82.0,359.0,85.0,211.0,201.0,64.0,,,,,,,,,,,,,,,,,,,,,,,,,,,,,,,,,,,,,,,,,,,,,,,,,,,,,,,,,,,,,,,,,,,,,,,,,,
327,8.0,11.0,20.0,13.0,7.0,0.0,42.0,13.0,0.0,31.0,39.0,73.0,135.0,206.0,19.0,0.0,3.0,9.0,2.0,0.0,0.0,0.0,0.0,4.0,3.0,0.0,25.0,0.0,9.0,28.0,0.0,85.0,0.0,39.0,99.0,0.0,37.0,238.0,0.0,5.0,0.0,78.0,0.0,0.0,0.0,0.0,0.0,,,,,,,,,,,,,,,,,,,,,,,,,,,,,,,,,,,,,,,,,,,,,,,,,,,,
328,2.0,24.0,0.0,24.0,19.0,0.0,32.0,0.0,19.0,18.0,0.0,9.0,41.0,45.0,44.0,52.0,77.0,67.0,0.0,30.0,0.0,14.0,29.0,2.0,51.0,0.0,0.0,0.0,0.0,15.0,6.0,70.0,8.0,17.0,0.0,28.0,0.0,0.0,2.0,0.0,0.0,1.0,4.0,0.0,2.0,0.0,3.0,0.0,0.0,1.0,6.0,0.0,2.0,10.0,0.0,0.0,0.0,2.0,0.0,,,,,,,,,,,,,,,,,,,,,,,,,,,,,,,,,,,,,,,,
329,11.0,0.0,27.0,17.0,3.0,22.0,8.0,25.0,0.0,0.0,23.0,16.0,3.0,4.0,17.0,0.0,6.0,17.0,51.0,46.0,39.0,14.0,5.0,56.0,52.0,0.0,92.0,198.0,38.0,60.0,8.0,0.0,0.0,0.0,0.0,,,,,,,,,,,,,,,,,,,,,,,,,,,,,,,,,,,,,,,,,,,,,,,,,,,,,,,,,,,,,,,,
330,7.0,0.0,13.0,0.0,0.0,7.0,43.0,0.0,0.0,10.0,5.0,0.0,4.0,0.0,0.0,0.0,8.0,7.0,0.0,6.0,13.0,0.0,5.0,18.0,31.0,0.0,2.0,0.0,0.0,5.0,,,,,,,,,,,,,,,,,,,,,,,,,,,,,,,,,,,,,,,,,,,,,,,,,,,,,,,,,,,,,,,,,,,,,
331,0.0,17.0,0.0,46.0,48.0,32.0,0.0,0.0,19.0,5.0,151.0,51.0,32.0,0.0,0.0,41.0,0.0,52.0,0.0,0.0,7.0,61.0,61.0,0.0,0.0,65.0,0.0,0.0,0.0,0.0,0.0,0.0,0.0,,,,,,,,,,,,,,,,,,,,,,,,,,,,,,,,,,,,,,,,,,,,,,,,,,,,,,,,,,,,,,,,,,
332,17.0,16.0,20.0,2.0,0.0,2.0,17.0,3.0,7.0,13.0,2.0,4.0,74.0,18.0,7.0,23.0,14.0,10.0,2.0,44.0,21.0,26.0,7.0,0.0,20.0,0.0,33.0,27.0,66.0,0.0,4.0,1.0,64.0,59.0,0.0,103.0,21.0,169.0,0.0,0.0,57.0,17.0,19.0,40.0,36.0,3.0,7.0,67.0,0.0,0.0,536.0,217.0,221.0,87.0,0.0,15.0,141.0,0.0,16.0,27.0,455.0,0.0,6.0,0.0,0.0,0.0,,,,,,,,,,,,,,,,,,,,,,,,,,,,,,,,,
333,17.0,13.0,1.0,1.0,25.0,10.0,4.0,6.0,3.0,7.0,7.0,2.0,13.0,2.0,2.0,10.0,49.0,8.0,37.0,11.0,0.0,38.0,0.0,17.0,5.0,0.0,22.0,60.0,77.0,15.0,24.0,8.0,12.0,14.0,18.0,0.0,6.0,20.0,0.0,39.0,0.0,58.0,37.0,27.0,99.0,0.0,23.0,20.0,63.0,7.0,0.0,7.0,33.0,26.0,63.0,9.0,52.0,0.0,0.0,0.0,47.0,80.0,107.0,0.0,0.0,47.0,0.0,0.0,0.0,0.0,0.0,0.0,43.0,20.0,0.0,0.0,0.0,0.0,,,,,,,,,,,,,,,,,,,,,
334,5.0,10.0,0.0,2.0,11.0,19.0,5.0,0.0,6.0,0.0,40.0,69.0,33.0,62.0,0.0,0.0,1.0,0.0,0.0,0.0,17.0,37.0,0.0,0.0,18.0,17.0,0.0,14.0,,,,,,,,,,,,,,,,,,,,,,,,,,,,,,,,,,,,,,,,,,,,,,,,,,,,,,,,,,,,,,,,,,,,,,,
335,4.0,0.0,20.0,50.0,3.0,7.0,0.0,0.0,0.0,0.0,13.0,0.0,0.0,,,,,,,,,,,,,,,,,,,,,,,,,,,,,,,,,,,,,,,,,,,,,,,,,,,,,,,,,,,,,,,,,,,,,,,,,,,,,,,,,,,,,,
336,19.0,18.0,8.0,10.0,0.0,20.0,15.0,21.0,38.0,0.0,7.0,6.0,29.0,36.0,0.0,8.0,29.0,54.0,19.0,15.0,0.0,10.0,29.0,21.0,0.0,9.0,6.0,0.0,46.0,39.0,53.0,97.0,141.0,0.0,0.0,0.0,292.0,0.0,0.0,66.0,7.0,64.0,,,,,,,,,,,,,,,,,,,,,,,,,,,,,,,,,,,,,,,,,,,,,,,,,,,,,,,,,
337,8.0,8.0,48.0,4.0,3.0,13.0,0.0,10.0,18.0,19.0,1.0,0.0,22.0,10.0,1.0,2.0,0.0,60.0,0.0,30.0,0.0,0.0,39.0,44.0,25.0,151.0,20.0,17.0,15.0,16.0,14.0,77.0,24.0,40.0,137.0,20.0,0.0,138.0,68.0,31.0,36.0,37.0,8.0,114.0,47.0,19.0,40.0,75.0,,,,,,,,,,,,,,,,,,,,,,,,,,,,,,,,,,,,,,,,,,,,,,,,,,,
338,16.0,10.0,8.0,14.0,14.0,28.0,17.0,42.0,11.0,0.0,22.0,3.0,29.0,5.0,21.0,21.0,49.0,28.0,0.0,49.0,21.0,0.0,60.0,0.0,140.0,144.0,32.0,0.0,74.0,18.0,57.0,8.0,50.0,29.0,0.0,0.0,0.0,182.0,9.0,55.0,0.0,24.0,49.0,74.0,0.0,31.0,18.0,204.0,19.0,11.0,0.0,0.0,0.0,0.0,,,,,,,,,,,,,,,,,,,,,,,,,,,,,,,,,,,,,,,,,,,,,
339,46.0,39.0,15.0,7.0,24.0,11.0,11.0,1.0,11.0,1.0,26.0,1.0,15.0,2.0,0.0,59.0,36.0,9.0,4.0,0.0,0.0,3.0,34.0,92.0,42.0,24.0,19.0,9.0,0.0,10.0,0.0,0.0,3.0,0.0,0.0,0.0,0.0,0.0,0.0,0.0,0.0,0.0,0.0,0.0,0.0,0.0,0.0,0.0,0.0,0.0,0.0,0.0,0.0,0.0,0.0,0.0,0.0,0.0,0.0,0.0,0.0,0.0,0.0,0.0,0.0,0.0,0.0,,,,,,,,,,,,,,,,,,,,,,,,,,,,,,,,
340,0.0,0.0,27.0,40.0,4.0,0.0,9.0,0.0,0.0,10.0,13.0,59.0,9.0,72.0,21.0,25.0,8.0,2.0,0.0,57.0,42.0,15.0,389.0,25.0,0.0,0.0,20.0,221.0,104.0,362.0,0.0,,,,,,,,,,,,,,,,,,,,,,,,,,,,,,,,,,,,,,,,,,,,,,,,,,,,,,,,,,,,,,,,,,,,
341,33.0,34.0,0.0,0.0,0.0,16.0,12.0,3.0,24.0,17.0,0.0,0.0,0.0,18.0,4.0,4.0,25.0,16.0,38.0,8.0,0.0,36.0,6.0,40.0,0.0,22.0,14.0,26.0,19.0,0.0,23.0,8.0,0.0,120.0,57.0,0.0,0.0,35.0,14.0,0.0,0.0,0.0,0.0,18.0,0.0,36.0,5.0,0.0,62.0,133.0,84.0,0.0,12.0,13.0,11.0,0.0,0.0,0.0,0.0,,,,,,,,,,,,,,,,,,,,,,,,,,,,,,,,,,,,,,,,
342,29.0,14.0,0.0,20.0,16.0,56.0,0.0,0.0,0.0,52.0,8.0,46.0,38.0,29.0,9.0,64.0,17.0,18.0,57.0,0.0,103.0,280.0,24.0,2.0,101.0,58.0,6.0,0.0,0.0,0.0,0.0,0.0,,,,,,,,,,,,,,,,,,,,,,,,,,,,,,,,,,,,,,,,,,,,,,,,,,,,,,,,,,,,,,,,,,,
343,17.0,8.0,32.0,14.0,17.0,0.0,30.0,23.0,0.0,4.0,17.0,20.0,0.0,0.0,0.0,46.0,0.0,0.0,16.0,16.0,89.0,24.0,42.0,36.0,14.0,18.0,16.0,0.0,19.0,0.0,6.0,30.0,23.0,43.0,5.0,14.0,11.0,0.0,68.0,0.0,0.0,14.0,0.0,0.0,9.0,0.0,24.0,8.0,1.0,4.0,3.0,4.0,0.0,19.0,29.0,0.0,0.0,0.0,0.0,0.0,0.0,,,,,,,,,,,,,,,,,,,,,,,,,,,,,,,,,,,,,,
344,11.0,32.0,3.0,0.0,10.0,6.0,22.0,2.0,2.0,21.0,17.0,11.0,2.0,0.0,12.0,48.0,0.0,0.0,8.0,127.0,66.0,12.0,14.0,0.0,6.0,124.0,131.0,0.0,8.0,0.0,35.0,10.0,11.0,132.0,0.0,39.0,5.0,2.0,158.0,0.0,50.0,0.0,18.0,12.0,1.0,122.0,0.0,0.0,0.0,26.0,23.0,0.0,380.0,1.0,0.0,3.0,2.0,4.0,20.0,0.0,20.0,0.0,0.0,20.0,0.0,37.0,325.0,0.0,0.0,0.0,0.0,0.0,0.0,0.0,0.0,0.0,,,,,,,,,,,,,,,,,,,,,,,
345,34.0,22.0,26.0,11.0,19.0,7.0,4.0,0.0,6.0,11.0,1.0,3.0,25.0,21.0,22.0,0.0,41.0,22.0,0.0,0.0,3.0,51.0,4.0,58.0,133.0,25.0,0.0,13.0,52.0,0.0,21.0,0.0,0.0,8.0,0.0,30.0,85.0,0.0,9.0,22.0,0.0,71.0,0.0,0.0,70.0,64.0,13.0,24.0,0.0,33.0,11.0,0.0,22.0,0.0,1.0,0.0,0.0,9.0,,,,,,,,,,,,,,,,,,,,,,,,,,,,,,,,,,,,,,,,,
346,22.0,0.0,34.0,0.0,1.0,10.0,0.0,10.0,0.0,0.0,11.0,22.0,9.0,0.0,41.0,0.0,16.0,30.0,73.0,20.0,0.0,0.0,0.0,16.0,0.0,1.0,0.0,12.0,0.0,0.0,0.0,0.0,0.0,84.0,,,,,,,,,,,,,,,,,,,,,,,,,,,,,,,,,,,,,,,,,,,,,,,,,,,,,,,,,,,,,,,,,
347,0.0,9.0,3.0,16.0,25.0,23.0,3.0,1.0,29.0,0.0,21.0,18.0,15.0,0.0,9.0,13.0,128.0,0.0,101.0,61.0,13.0,21.0,10.0,14.0,0.0,0.0,10.0,2.0,28.0,0.0,0.0,10.0,0.0,0.0,7.0,0.0,0.0,0.0,9.0,0.0,0.0,0.0,0.0,0.0,0.0,0.0,183.0,0.0,0.0,2.0,19.0,0.0,112.0,179.0,0.0,92.0,129.0,124.0,42.0,0.0,0.0,0.0,8.0,17.0,2.0,0.0,0.0,0.0,0.0,0.0,8.0,0.0,69.0,0.0,0.0,0.0,0.0,0.0,0.0,0.0,0.0,,,,,,,,,,,,,,,,,,
348,39.0,30.0,5.0,0.0,8.0,13.0,14.0,30.0,0.0,26.0,12.0,8.0,1.0,0.0,15.0,31.0,17.0,80.0,64.0,26.0,13.0,159.0,70.0,55.0,10.0,41.0,0.0,12.0,18.0,45.0,131.0,213.0,66.0,1.0,0.0,47.0,0.0,142.0,0.0,18.0,3.0,51.0,45.0,74.0,30.0,95.0,12.0,87.0,104.0,0.0,46.0,143.0,0.0,40.0,,,,,,,,,,,,,,,,,,,,,,,,,,,,,,,,,,,,,,,,,,,,,
349,0.0,2.0,26.0,21.0,27.0,31.0,16.0,1.0,32.0,0.0,25.0,12.0,0.0,0.0,14.0,37.0,13.0,0.0,52.0,2.0,10.0,18.0,122.0,46.0,143.0,44.0,48.0,11.0,39.0,53.0,37.0,24.0,8.0,,,,,,,,,,,,,,,,,,,,,,,,,,,,,,,,,,,,,,,,,,,,,,,,,,,,,,,,,,,,,,,,,,
350,4.0,10.0,3.0,7.0,4.0,0.0,91.0,3.0,35.0,36.0,17.0,0.0,42.0,8.0,17.0,60.0,0.0,0.0,27.0,27.0,0.0,21.0,0.0,43.0,0.0,24.0,0.0,0.0,0.0,32.0,199.0,0.0,190.0,72.0,0.0,0.0,0.0,7.0,87.0,0.0,0.0,30.0,42.0,0.0,10.0,0.0,319.0,614.0,0.0,0.0,0.0,0.0,196.0,10.0,5.0,2.0,0.0,0.0,0.0,0.0,0.0,11.0,6.0,2.0,0.0,0.0,0.0,7.0,0.0,0.0,0.0,0.0,0.0,4.0,0.0,0.0,0.0,0.0,0.0,0.0,0.0,0.0,0.0,0.0,0.0,0.0,0.0,0.0,0.0,0.0,0.0,0.0,0.0,0.0,0.0,0.0,0.0,,
351,22.0,6.0,9.0,21.0,10.0,25.0,12.0,12.0,0.0,12.0,0.0,20.0,39.0,0.0,51.0,0.0,34.0,25.0,0.0,0.0,18.0,10.0,1.0,3.0,8.0,0.0,26.0,0.0,22.0,6.0,54.0,37.0,21.0,28.0,8.0,3.0,0.0,10.0,0.0,0.0,0.0,0.0,17.0,5.0,0.0,0.0,10.0,12.0,0.0,0.0,3.0,0.0,0.0,,,,,,,,,,,,,,,,,,,,,,,,,,,,,,,,,,,,,,,,,,,,,,
352,13.0,68.0,3.0,3.0,19.0,0.0,3.0,24.0,0.0,0.0,2.0,3.0,65.0,14.0,4.0,67.0,0.0,6.0,33.0,6.0,21.0,100.0,7.0,3.0,78.0,32.0,157.0,95.0,27.0,31.0,69.0,27.0,7.0,35.0,8.0,0.0,10.0,33.0,0.0,0.0,0.0,78.0,0.0,111.0,0.0,,,,,,,,,,,,,,,,,,,,,,,,,,,,,,,,,,,,,,,,,,,,,,,,,,,,,,
353,0.0,11.0,25.0,15.0,63.0,6.0,17.0,0.0,0.0,10.0,0.0,0.0,6.0,0.0,12.0,0.0,2.0,17.0,24.0,9.0,23.0,0.0,0.0,16.0,1.0,9.0,14.0,0.0,1.0,18.0,0.0,23.0,18.0,15.0,32.0,4.0,5.0,23.0,32.0,26.0,21.0,34.0,0.0,14.0,7.0,3.0,20.0,9.0,29.0,,,,,,,,,,,,,,,,,,,,,,,,,,,,,,,,,,,,,,,,,,,,,,,,,,
354,23.0,0.0,28.0,27.0,37.0,0.0,12.0,1.0,44.0,0.0,14.0,60.0,7.0,32.0,0.0,134.0,0.0,0.0,0.0,76.0,8.0,38.0,16.0,40.0,19.0,0.0,31.0,70.0,22.0,16.0,0.0,21.0,3.0,0.0,131.0,157.0,0.0,80.0,60.0,0.0,33.0,0.0,0.0,0.0,0.0,0.0,28.0,0.0,,,,,,,,,,,,,,,,,,,,,,,,,,,,,,,,,,,,,,,,,,,,,,,,,,,
355,7.0,25.0,15.0,18.0,9.0,32.0,5.0,31.0,7.0,0.0,0.0,9.0,0.0,9.0,9.0,20.0,10.0,3.0,40.0,6.0,36.0,0.0,0.0,22.0,9.0,0.0,4.0,9.0,5.0,0.0,0.0,26.0,2.0,21.0,3.0,8.0,0.0,22.0,27.0,22.0,49.0,0.0,236.0,66.0,11.0,0.0,14.0,0.0,24.0,0.0,0.0,0.0,0.0,0.0,0.0,0.0,,,,,,,,,,,,,,,,,,,,,,,,,,,,,,,,,,,,,,,,,,,
356,8.0,20.0,31.0,16.0,2.0,44.0,23.0,6.0,25.0,27.0,0.0,0.0,0.0,0.0,20.0,21.0,45.0,60.0,23.0,89.0,17.0,53.0,33.0,91.0,83.0,20.0,0.0,0.0,0.0,54.0,17.0,82.0,4.0,70.0,21.0,0.0,0.0,0.0,0.0,0.0,2.0,0.0,,,,,,,,,,,,,,,,,,,,,,,,,,,,,,,,,,,,,,,,,,,,,,,,,,,,,,,,,
357,23.0,0.0,14.0,1.0,5.0,5.0,11.0,0.0,10.0,27.0,0.0,20.0,54.0,53.0,54.0,0.0,14.0,0.0,28.0,48.0,0.0,13.0,0.0,15.0,25.0,109.0,21.0,4.0,121.0,5.0,23.0,8.0,17.0,60.0,25.0,156.0,0.0,8.0,1.0,18.0,0.0,0.0,11.0,0.0,23.0,0.0,47.0,,,,,,,,,,,,,,,,,,,,,,,,,,,,,,,,,,,,,,,,,,,,,,,,,,,,
358,6.0,42.0,0.0,22.0,2.0,22.0,10.0,8.0,14.0,17.0,12.0,8.0,0.0,48.0,0.0,13.0,32.0,62.0,38.0,0.0,46.0,43.0,0.0,0.0,0.0,53.0,12.0,0.0,0.0,6.0,43.0,73.0,31.0,29.0,18.0,0.0,76.0,0.0,28.0,0.0,5.0,110.0,6.0,66.0,0.0,84.0,24.0,44.0,114.0,61.0,0.0,16.0,64.0,40.0,81.0,348.0,76.0,51.0,,,,,,,,,,,,,,,,,,,,,,,,,,,,,,,,,,,,,,,,,
359,29.0,15.0,35.0,23.0,15.0,7.0,17.0,18.0,29.0,0.0,4.0,4.0,0.0,81.0,10.0,37.0,0.0,38.0,16.0,0.0,13.0,0.0,11.0,0.0,3.0,0.0,0.0,1.0,0.0,0.0,3.0,3.0,0.0,1.0,0.0,4.0,0.0,5.0,0.0,0.0,6.0,2.0,0.0,1.0,0.0,3.0,0.0,0.0,0.0,0.0,0.0,0.0,0.0,0.0,,,,,,,,,,,,,,,,,,,,,,,,,,,,,,,,,,,,,,,,,,,,,
360,27.0,0.0,28.0,26.0,10.0,0.0,12.0,20.0,5.0,8.0,41.0,18.0,8.0,37.0,95.0,16.0,13.0,5.0,12.0,138.0,61.0,35.0,25.0,117.0,10.0,10.0,12.0,12.0,0.0,51.0,0.0,28.0,14.0,42.0,19.0,53.0,35.0,0.0,36.0,0.0,1.0,0.0,9.0,17.0,29.0,51.0,41.0,7.0,79.0,6.0,62.0,51.0,37.0,0.0,45.0,57.0,0.0,11.0,10.0,24.0,0.0,138.0,323.0,37.0,9.0,123.0,54.0,136.0,,,,,,,,,,,,,,,,,,,,,,,,,,,,,,,
361,25.0,9.0,0.0,22.0,3.0,8.0,7.0,3.0,13.0,9.0,10.0,10.0,63.0,29.0,24.0,7.0,6.0,1.0,23.0,42.0,40.0,0.0,50.0,6.0,38.0,56.0,17.0,0.0,35.0,0.0,16.0,26.0,50.0,86.0,12.0,59.0,48.0,33.0,18.0,7.0,6.0,48.0,2.0,12.0,90.0,0.0,25.0,0.0,0.0,0.0,0.0,0.0,0.0,0.0,,,,,,,,,,,,,,,,,,,,,,,,,,,,,,,,,,,,,,,,,,,,,
